person_id,identity_context,past_self,present_self,future_self,intentional_clarity,action_ownership,self_efficacy,external_constraint,social_recognition,value_commitment_gap,identity_integration,well_being,past_present_gap,present_future_gap,temporal_self_continuity,agency_index,situated_agency_index,identity_alignment
SAI0001,recognized_authorship_context,6.264,6.967,6.270,6.365,6.676,6.001,1.509,5.018,1.000,6.097,5.235,0.703,0.696,0.883,6.133,5.910,6.000
SAI0002,recognized_authorship_context,5.272,6.068,6.425,6.724,7.000,5.643,1.000,4.867,1.923,5.588,5.172,0.796,0.357,0.904,6.342,6.047,5.077
SAI0003,recognized_authorship_context,6.508,6.743,6.853,6.591,7.000,5.586,1.399,4.524,1.077,6.250,4.591,0.235,0.110,0.971,6.194,5.860,5.923
SAI0004,recognized_authorship_context,6.657,6.044,6.257,6.423,7.000,5.855,1.354,4.347,1.069,5.864,4.497,0.613,0.213,0.931,6.231,5.854,5.931
SAI0005,recognized_authorship_context,5.923,6.315,6.645,6.634,7.000,6.045,1.351,5.096,1.000,5.770,5.242,0.392,0.330,0.940,6.332,6.085,6.000
SAI0006,recognized_authorship_context,6.136,6.617,6.206,6.800,7.000,6.210,1.000,4.800,1.000,6.013,5.091,0.482,0.411,0.926,6.502,6.162,6.000
SAI0007,recognized_authorship_context,4.708,5.587,6.107,6.242,7.000,6.514,1.310,5.261,1.151,5.783,5.178,0.879,0.520,0.883,6.362,6.142,5.849
SAI0008,recognized_authorship_context,4.549,5.695,6.866,6.518,6.859,6.038,1.000,5.429,1.682,5.533,5.449,1.146,1.172,0.807,6.354,6.169,5.318
SAI0009,recognized_authorship_context,4.415,4.814,6.100,6.302,7.000,6.028,1.000,4.839,1.533,5.907,5.056,0.399,1.286,0.860,6.333,6.034,5.467
SAI0010,recognized_authorship_context,4.499,5.674,6.830,6.647,7.000,5.533,1.000,5.561,1.893,5.412,5.474,1.175,1.155,0.806,6.295,6.148,5.107
SAI0011,recognized_authorship_context,4.754,5.567,6.446,6.655,6.843,6.099,1.000,5.769,1.072,5.331,4.983,0.813,0.879,0.859,6.399,6.273,5.928
SAI0012,recognized_authorship_context,3.746,5.812,6.039,6.881,6.716,5.276,1.527,5.115,1.691,5.624,4.962,2.066,0.227,0.809,6.086,5.892,5.309
SAI0013,recognized_authorship_context,5.962,5.637,6.527,4.782,5.061,4.329,1.568,5.146,2.372,5.462,4.663,0.325,0.890,0.899,4.901,4.950,4.628
SAI0014,recognized_authorship_context,6.165,6.504,6.301,4.758,5.075,4.827,1.841,4.664,2.074,5.010,4.304,0.339,0.203,0.955,4.955,4.897,4.926
SAI0015,recognized_authorship_context,7.000,6.442,6.046,5.248,4.511,4.407,1.135,5.086,2.531,5.175,4.349,0.558,0.396,0.920,5.008,5.024,4.469
SAI0016,recognized_authorship_context,6.547,6.153,6.426,4.161,4.656,4.892,1.325,5.195,2.685,4.456,4.330,0.394,0.273,0.944,4.846,4.916,4.315
SAI0017,recognized_authorship_context,7.000,6.391,6.278,4.954,5.072,4.385,1.402,4.690,3.036,4.947,4.125,0.609,0.113,0.940,5.002,4.940,3.964
SAI0018,recognized_authorship_context,6.624,6.508,6.103,5.064,4.707,4.470,1.982,4.921,2.765,5.650,4.376,0.117,0.405,0.957,4.815,4.836,4.235
SAI0019,recognized_authorship_context,6.242,4.997,5.440,5.234,5.479,4.999,1.205,5.268,2.625,5.152,4.654,1.245,0.443,0.859,5.377,5.355,4.375
SAI0020,recognized_authorship_context,4.485,5.167,5.901,4.967,5.506,4.773,1.038,5.425,3.157,4.797,4.424,0.681,0.735,0.882,5.302,5.327,3.843
SAI0021,recognized_authorship_context,4.794,4.730,4.600,4.315,5.407,4.177,1.000,4.858,2.552,5.198,4.741,0.064,0.130,0.984,4.975,4.951,4.448
SAI0022,recognized_authorship_context,4.508,5.010,4.275,4.590,5.473,4.715,1.531,5.393,2.817,5.807,4.687,0.503,0.735,0.897,5.062,5.128,4.183
SAI0023,recognized_authorship_context,5.066,5.794,4.691,5.157,5.063,4.980,1.144,5.033,3.301,4.063,4.637,0.729,1.103,0.847,5.264,5.218,3.699
SAI0024,recognized_authorship_context,4.193,5.661,5.391,5.417,5.173,4.907,1.000,5.297,2.925,5.452,4.342,1.468,0.270,0.855,5.375,5.359,4.075
SAI0025,recognized_authorship_context,5.736,6.197,6.561,6.295,6.670,5.579,1.000,5.162,2.023,5.678,4.340,0.461,0.364,0.931,6.136,5.941,4.977
SAI0026,recognized_authorship_context,4.986,5.580,6.302,6.197,6.454,6.103,1.110,4.551,1.555,5.477,4.410,0.594,0.721,0.890,6.161,5.839,5.445
SAI0027,recognized_authorship_context,5.262,6.024,5.866,6.318,6.385,5.915,1.000,5.203,1.294,6.003,4.284,0.762,0.158,0.923,6.155,5.964,5.706
SAI0028,recognized_authorship_context,5.464,5.793,6.399,6.736,7.000,4.841,1.000,4.750,1.746,5.721,5.232,0.329,0.606,0.922,6.144,5.865,5.254
SAI0029,recognized_authorship_context,6.468,6.245,6.523,6.365,6.448,6.047,1.157,5.077,1.003,6.152,5.162,0.223,0.278,0.958,6.176,5.956,5.997
SAI0030,recognized_authorship_context,5.713,5.835,5.848,6.315,6.176,6.539,1.219,4.918,1.753,5.680,5.257,0.122,0.014,0.989,6.203,5.946,5.247
SAI0031,recognized_authorship_context,6.427,5.444,5.498,5.182,6.077,4.479,1.934,4.823,3.255,4.878,4.584,0.983,0.054,0.914,5.201,5.125,3.745
SAI0032,recognized_authorship_context,5.562,5.248,5.720,4.759,5.963,4.783,1.289,4.740,2.736,5.395,4.671,0.314,0.472,0.934,5.304,5.191,4.264
SAI0033,recognized_authorship_context,6.232,4.578,5.193,5.249,5.642,4.570,1.000,4.803,3.015,5.469,4.592,1.654,0.615,0.811,5.365,5.253,3.985
SAI0034,recognized_authorship_context,6.099,5.425,5.778,5.199,5.165,4.841,1.427,5.577,4.037,5.404,4.570,0.674,0.353,0.914,5.194,5.271,2.963
SAI0035,recognized_authorship_context,6.093,4.792,5.396,5.293,6.131,5.078,1.967,5.023,3.046,5.668,4.103,1.301,0.604,0.841,5.384,5.312,3.954
SAI0036,recognized_authorship_context,5.743,4.879,6.105,4.536,5.694,5.200,1.459,4.916,2.535,5.501,4.063,0.865,1.226,0.826,5.242,5.177,4.465
SAI0037,recognized_authorship_context,4.695,5.968,6.043,6.158,6.295,5.711,1.295,4.772,2.538,6.052,4.668,1.273,0.075,0.888,5.967,5.728,4.462
SAI0038,recognized_authorship_context,5.595,6.049,6.999,5.951,6.799,5.946,1.000,5.381,1.423,6.387,5.240,0.454,0.950,0.883,6.174,6.015,5.577
SAI0039,recognized_authorship_context,5.037,6.665,6.514,6.295,6.645,5.492,1.000,5.040,1.569,5.511,4.914,1.629,0.152,0.852,6.108,5.895,5.431
SAI0040,recognized_authorship_context,5.393,6.047,5.704,5.989,6.856,5.071,1.258,5.001,2.084,5.463,4.696,0.654,0.343,0.917,5.914,5.732,4.916
SAI0041,recognized_authorship_context,4.948,5.907,6.210,6.071,6.912,5.057,1.000,4.777,2.086,6.174,4.766,0.959,0.303,0.895,6.010,5.763,4.914
SAI0042,recognized_authorship_context,5.129,5.677,6.549,5.931,7.000,5.521,1.417,4.772,2.061,5.447,4.777,0.549,0.872,0.882,6.009,5.761,4.939
SAI0043,high_constraint_low_recognition_context,3.835,2.728,3.710,3.528,3.129,3.328,5.396,1.000,3.928,3.246,1.783,1.107,0.982,0.826,2.897,2.518,3.072
SAI0044,high_constraint_low_recognition_context,3.198,2.861,3.583,3.630,4.282,3.301,4.989,1.207,2.833,3.637,2.469,0.337,0.722,0.912,3.306,2.886,4.167
SAI0045,high_constraint_low_recognition_context,3.102,2.943,3.118,3.952,3.140,3.153,4.712,1.000,3.243,3.594,2.243,0.159,0.175,0.972,3.133,2.707,3.757
SAI0046,high_constraint_low_recognition_context,3.245,2.926,3.416,3.311,3.619,3.038,5.442,1.490,3.572,3.080,1.336,0.319,0.490,0.933,2.881,2.603,3.428
SAI0047,high_constraint_low_recognition_context,3.333,2.789,3.145,3.562,3.740,2.982,4.823,1.403,3.803,3.729,2.696,0.544,0.356,0.925,3.115,2.773,3.197
SAI0048,high_constraint_low_recognition_context,3.248,2.905,3.156,3.613,3.477,2.522,5.041,1.449,2.420,4.158,3.047,0.343,0.250,0.951,2.893,2.604,4.580
SAI0049,high_constraint_low_recognition_context,1.519,2.236,3.121,3.150,2.631,2.839,4.882,1.000,4.281,3.438,2.323,0.717,0.886,0.866,2.685,2.348,2.719
SAI0050,high_constraint_low_recognition_context,1.421,2.120,3.847,3.096,3.880,2.911,5.053,1.050,3.729,3.031,2.320,0.700,1.727,0.798,2.958,2.577,3.271
SAI0051,high_constraint_low_recognition_context,1.188,1.842,3.802,3.058,3.433,2.793,5.296,1.121,4.147,3.067,2.369,0.654,1.960,0.782,2.747,2.422,2.853
SAI0052,high_constraint_low_recognition_context,1.272,2.636,3.192,3.312,3.698,2.891,4.811,1.478,3.590,3.483,2.805,1.363,0.556,0.840,3.023,2.714,3.410
SAI0053,high_constraint_low_recognition_context,1.361,2.373,2.889,3.036,3.618,3.038,4.849,1.000,3.904,3.124,2.156,1.013,0.516,0.873,2.961,2.569,3.096
SAI0054,high_constraint_low_recognition_context,1.149,1.871,3.008,3.560,3.552,2.668,4.764,1.279,3.191,3.328,2.565,0.723,1.136,0.845,3.004,2.659,3.809
SAI0055,high_constraint_low_recognition_context,2.941,3.102,3.628,1.991,1.972,1.843,4.773,1.000,4.420,3.394,2.279,0.160,0.526,0.943,2.008,1.807,2.580
SAI0056,high_constraint_low_recognition_context,2.919,3.212,3.336,1.398,1.339,1.530,5.910,1.187,4.959,3.101,1.395,0.293,0.125,0.965,1.339,1.309,2.041
SAI0057,high_constraint_low_recognition_context,3.159,4.229,2.446,1.760,1.575,1.020,4.973,1.000,4.908,3.278,2.343,1.070,1.783,0.762,1.596,1.476,2.092
SAI0058,high_constraint_low_recognition_context,3.395,2.777,2.617,1.822,1.672,2.133,5.001,1.000,4.905,3.747,1.893,0.618,0.160,0.935,1.907,1.725,2.095
SAI0059,high_constraint_low_recognition_context,3.110,2.848,3.704,2.042,1.797,1.992,4.638,1.903,4.722,3.104,1.904,0.262,0.856,0.907,2.048,2.019,2.278
SAI0060,high_constraint_low_recognition_context,3.249,3.005,2.473,1.969,1.480,1.653,5.203,1.000,4.252,3.221,2.076,0.245,0.531,0.935,1.725,1.580,2.748
SAI0061,high_constraint_low_recognition_context,1.455,2.050,1.972,2.005,2.182,2.097,4.419,1.000,4.846,3.322,2.736,0.595,0.078,0.944,2.216,1.973,2.154
SAI0062,high_constraint_low_recognition_context,1.374,2.321,1.933,2.045,1.834,1.080,5.419,1.259,5.402,3.494,2.002,0.947,0.388,0.889,1.635,1.560,1.598
SAI0063,high_constraint_low_recognition_context,2.222,1.593,2.112,1.671,1.597,1.000,4.366,1.000,5.586,3.085,2.276,0.629,0.519,0.904,1.725,1.580,1.414
SAI0064,high_constraint_low_recognition_context,1.541,1.710,2.105,1.131,1.633,1.269,5.518,1.593,5.275,2.998,2.157,0.169,0.395,0.953,1.379,1.422,1.725
SAI0065,high_constraint_low_recognition_context,2.025,1.387,2.299,2.198,2.351,1.558,5.130,1.393,4.575,3.301,2.269,0.638,0.912,0.871,1.995,1.874,2.425
SAI0066,high_constraint_low_recognition_context,1.610,1.824,2.067,1.864,2.196,1.795,5.022,2.043,5.683,3.791,1.924,0.214,0.243,0.962,1.958,1.975,1.317
SAI0067,high_constraint_low_recognition_context,2.919,2.951,3.220,2.592,2.945,2.673,5.030,2.576,3.170,4.241,2.758,0.032,0.269,0.975,2.545,2.551,3.830
SAI0068,high_constraint_low_recognition_context,2.507,3.843,3.760,2.985,2.766,3.199,5.046,1.194,3.142,3.430,1.681,1.336,0.083,0.882,2.726,2.420,3.858
SAI0069,high_constraint_low_recognition_context,2.108,2.097,2.532,2.861,2.548,2.682,5.341,1.000,4.081,3.476,1.787,0.011,0.435,0.963,2.437,2.150,2.919
SAI0070,high_constraint_low_recognition_context,2.158,2.579,3.465,2.795,2.663,2.626,4.692,1.268,3.091,4.458,2.451,0.421,0.886,0.891,2.598,2.332,3.909
SAI0071,high_constraint_low_recognition_context,2.279,3.622,2.966,3.306,3.701,2.831,4.774,1.514,3.158,3.918,2.327,1.343,0.656,0.833,3.016,2.716,3.842
SAI0072,high_constraint_low_recognition_context,2.734,2.467,3.295,3.450,3.734,2.448,5.685,1.553,4.320,3.414,2.425,0.267,0.828,0.909,2.737,2.500,2.680
SAI0073,high_constraint_low_recognition_context,3.540,1.882,2.416,2.213,2.268,1.449,4.574,1.387,4.751,3.236,2.219,1.657,0.533,0.817,2.089,1.949,2.249
SAI0074,high_constraint_low_recognition_context,2.689,2.326,3.225,1.852,2.286,1.704,4.743,1.513,4.534,3.344,1.799,0.363,0.899,0.895,2.025,1.922,2.466
SAI0075,high_constraint_low_recognition_context,2.252,1.618,3.089,1.430,2.323,1.899,5.046,1.000,4.817,3.493,1.823,0.634,1.471,0.825,1.902,1.721,2.183
SAI0076,high_constraint_low_recognition_context,3.039,1.842,2.780,2.128,2.085,2.265,5.238,1.530,5.398,3.081,2.349,1.196,0.938,0.822,2.060,1.954,1.602
SAI0077,high_constraint_low_recognition_context,3.384,1.938,2.648,1.884,2.113,2.615,5.025,1.175,5.182,3.192,2.170,1.446,0.711,0.820,2.147,1.952,1.818
SAI0078,high_constraint_low_recognition_context,3.024,2.282,2.033,2.275,2.167,2.921,4.432,1.347,5.485,2.729,1.861,0.742,0.250,0.917,2.483,2.256,1.515
SAI0079,high_constraint_low_recognition_context,2.749,3.379,3.788,2.751,2.861,2.260,5.756,1.468,4.526,3.107,2.351,0.630,0.408,0.913,2.279,2.117,2.474
SAI0080,high_constraint_low_recognition_context,2.515,2.798,3.267,3.231,3.324,2.254,4.615,1.000,4.144,3.832,2.167,0.283,0.469,0.937,2.799,2.439,2.856
SAI0081,high_constraint_low_recognition_context,2.287,2.509,3.606,2.619,3.306,3.052,4.901,1.758,3.992,3.252,2.610,0.222,1.097,0.890,2.769,2.567,3.008
SAI0082,high_constraint_low_recognition_context,1.968,2.843,3.273,3.579,3.604,3.370,4.585,1.959,4.255,4.006,3.521,0.875,0.430,0.891,3.242,2.985,2.745
SAI0083,high_constraint_low_recognition_context,2.048,2.758,2.989,2.582,2.567,3.114,5.486,1.163,4.498,3.865,2.032,0.710,0.231,0.922,2.444,2.188,2.502
SAI0084,high_constraint_low_recognition_context,2.124,2.641,3.485,2.899,2.785,2.430,4.818,1.726,3.891,3.534,2.034,0.517,0.844,0.887,2.574,2.404,3.109
SAI0085,transition_and_reorientation_context,4.726,4.529,4.718,5.483,4.736,4.639,3.319,3.007,2.324,4.461,3.308,0.197,0.189,0.968,4.635,4.309,4.676
SAI0086,transition_and_reorientation_context,4.616,4.264,4.439,5.503,4.915,4.765,2.826,3.609,2.790,4.790,3.990,0.352,0.175,0.956,4.839,4.593,4.210
SAI0087,transition_and_reorientation_context,5.013,5.264,4.479,4.315,5.088,4.125,2.811,3.687,2.104,4.565,3.736,0.251,0.786,0.914,4.429,4.281,4.896
SAI0088,transition_and_reorientation_context,4.411,4.881,5.300,4.072,4.515,4.115,3.207,3.090,2.539,4.558,3.537,0.470,0.419,0.926,4.124,3.917,4.461
SAI0089,transition_and_reorientation_context,4.881,5.117,5.017,5.321,5.404,4.350,3.019,3.534,1.222,4.769,3.730,0.236,0.100,0.972,4.764,4.518,5.778
SAI0090,transition_and_reorientation_context,4.389,4.942,4.098,5.150,5.225,3.452,3.187,3.165,2.227,5.182,4.035,0.553,0.844,0.884,4.410,4.161,4.773
SAI0091,transition_and_reorientation_context,2.771,3.294,4.415,4.609,5.158,4.640,2.617,3.297,2.352,4.008,3.627,0.524,1.121,0.863,4.698,4.418,4.648
SAI0092,transition_and_reorientation_context,3.306,4.219,4.763,4.747,4.710,4.489,2.857,3.114,2.496,4.301,3.752,0.913,0.544,0.879,4.522,4.241,4.504
SAI0093,transition_and_reorientation_context,2.708,3.997,4.990,5.233,5.200,4.562,3.170,3.693,2.550,4.529,3.795,1.288,0.994,0.810,4.706,4.504,4.450
SAI0094,transition_and_reorientation_context,2.483,3.443,4.754,4.136,4.876,3.913,3.701,3.395,3.482,4.105,3.254,0.960,1.311,0.811,4.056,3.924,3.518
SAI0095,transition_and_reorientation_context,2.755,4.542,4.853,4.766,5.010,4.445,2.517,3.810,2.640,4.709,4.018,1.787,0.310,0.825,4.676,4.503,4.360
SAI0096,transition_and_reorientation_context,1.932,4.639,4.737,4.978,5.549,3.953,3.175,4.103,2.126,4.280,4.339,2.707,0.098,0.766,4.576,4.482,4.874
SAI0097,transition_and_reorientation_context,3.862,4.519,4.859,2.983,2.735,2.889,3.843,3.288,4.542,4.079,3.034,0.657,0.340,0.917,2.941,3.010,2.458
SAI0098,transition_and_reorientation_context,4.701,4.906,3.927,2.365,2.681,2.493,3.333,2.852,3.794,4.045,2.642,0.205,0.979,0.901,2.802,2.812,3.206
SAI0099,transition_and_reorientation_context,4.338,4.622,4.901,3.270,2.872,2.799,3.078,3.529,3.958,4.016,2.760,0.284,0.279,0.953,3.216,3.278,3.042
SAI0100,transition_and_reorientation_context,4.739,4.660,4.915,2.934,3.217,2.905,3.327,3.084,4.134,3.747,2.278,0.079,0.255,0.972,3.182,3.163,2.866
SAI0101,transition_and_reorientation_context,4.787,4.773,4.194,2.750,3.215,2.622,3.012,3.086,3.622,4.350,3.383,0.014,0.579,0.951,3.144,3.132,3.378
SAI0102,transition_and_reorientation_context,4.652,4.794,4.228,2.362,3.201,2.192,3.867,2.944,3.664,4.438,3.225,0.142,0.567,0.941,2.722,2.766,3.336
SAI0103,transition_and_reorientation_context,3.203,2.843,2.934,2.502,3.008,2.878,2.946,2.856,4.451,3.992,2.578,0.360,0.090,0.963,3.111,3.060,2.549
SAI0104,transition_and_reorientation_context,3.382,2.810,3.432,3.576,3.020,2.622,2.715,3.372,4.419,4.729,3.295,0.572,0.622,0.900,3.376,3.375,2.581
SAI0105,transition_and_reorientation_context,3.422,3.359,3.070,2.634,3.842,3.044,3.543,3.532,4.654,4.356,2.911,0.063,0.289,0.971,3.244,3.302,2.346
SAI0106,transition_and_reorientation_context,3.425,3.414,3.666,2.685,2.781,2.549,2.603,2.914,4.506,4.432,3.300,0.011,0.252,0.978,3.103,3.065,2.494
SAI0107,transition_and_reorientation_context,2.963,2.977,2.816,3.089,2.964,3.202,3.225,3.050,3.854,4.968,3.837,0.014,0.161,0.985,3.258,3.216,3.146
SAI0108,transition_and_reorientation_context,3.103,3.099,3.344,3.337,3.226,2.152,3.060,3.133,3.465,4.735,3.788,0.004,0.245,0.979,3.164,3.158,3.535
SAI0109,transition_and_reorientation_context,3.949,4.623,4.407,4.091,4.325,3.644,3.279,3.528,2.674,4.219,3.620,0.674,0.216,0.926,3.945,3.862,4.326
SAI0110,transition_and_reorientation_context,3.763,4.816,4.110,4.201,4.718,4.573,3.172,2.730,2.895,4.473,3.474,1.053,0.706,0.853,4.330,4.010,4.105
SAI0111,transition_and_reorientation_context,3.550,4.292,4.734,4.298,5.116,3.782,2.770,2.723,3.229,4.623,3.523,0.742,0.442,0.901,4.357,4.030,3.771
SAI0112,transition_and_reorientation_context,3.222,3.851,4.379,4.234,4.557,3.446,3.431,3.732,2.254,4.530,4.174,0.629,0.528,0.904,3.951,3.907,4.746
SAI0113,transition_and_reorientation_context,3.716,4.734,4.879,4.579,4.299,4.048,2.737,2.812,2.981,4.108,3.396,1.018,0.145,0.903,4.297,4.000,4.019
SAI0114,transition_and_reorientation_context,3.683,4.286,4.237,4.291,5.085,3.301,3.301,3.223,2.025,4.751,3.432,0.604,0.049,0.946,4.094,3.920,4.975
SAI0115,transition_and_reorientation_context,3.955,3.254,4.334,3.471,3.095,3.152,3.747,3.735,4.518,3.879,2.880,0.701,1.080,0.852,3.243,3.341,2.482
SAI0116,transition_and_reorientation_context,4.325,3.306,3.491,3.025,3.465,3.010,3.098,3.165,4.475,4.239,3.269,1.019,0.185,0.900,3.351,3.313,2.525
SAI0117,transition_and_reorientation_context,4.362,2.820,3.689,2.936,2.937,2.534,3.188,3.419,4.338,3.801,3.066,1.542,0.869,0.799,3.055,3.127,2.662
SAI0118,transition_and_reorientation_context,3.663,2.816,4.246,3.645,3.564,3.213,2.821,2.704,3.453,3.913,2.557,0.847,1.430,0.810,3.650,3.461,3.547
SAI0119,transition_and_reorientation_context,4.322,3.111,3.783,3.234,3.718,2.848,2.920,2.651,3.933,3.353,3.200,1.212,0.673,0.843,3.470,3.306,3.067
SAI0120,transition_and_reorientation_context,4.264,2.634,3.174,3.588,3.664,2.687,3.822,2.799,4.177,3.628,2.590,1.630,0.540,0.819,3.279,3.183,2.823
SAI0121,transition_and_reorientation_context,3.226,4.745,4.199,3.856,3.604,3.732,2.723,2.465,2.974,3.398,2.731,1.519,0.546,0.828,3.867,3.587,4.026
SAI0122,transition_and_reorientation_context,3.556,4.000,4.968,3.708,4.220,2.856,3.172,3.173,3.347,4.278,3.278,0.444,0.968,0.882,3.653,3.557,3.653
SAI0123,transition_and_reorientation_context,3.982,3.786,4.727,3.362,3.918,3.319,3.450,3.320,3.100,4.400,3.565,0.196,0.941,0.905,3.537,3.494,3.900
SAI0124,transition_and_reorientation_context,3.722,4.418,4.948,4.133,3.696,3.719,2.915,3.467,2.486,4.455,3.154,0.696,0.531,0.898,3.908,3.820,4.514
SAI0125,transition_and_reorientation_context,3.794,3.489,4.011,3.456,4.283,3.695,3.598,3.135,4.074,4.190,3.053,0.306,0.522,0.931,3.709,3.594,2.926
SAI0126,transition_and_reorientation_context,3.547,4.125,3.884,3.814,4.680,4.090,3.054,3.247,3.039,4.556,3.841,0.578,0.241,0.932,4.133,3.955,3.961
SAI0127,community_supported_identity_context,6.362,5.719,5.981,7.000,7.000,6.531,1.697,5.235,1.325,5.960,4.770,0.643,0.263,0.925,6.459,6.214,5.675
SAI0128,community_supported_identity_context,6.461,6.103,6.314,7.000,7.000,6.607,1.105,4.568,1.270,6.442,5.357,0.358,0.211,0.953,6.626,6.214,5.730
SAI0129,community_supported_identity_context,5.296,5.832,5.545,6.611,6.959,6.310,2.324,5.118,2.102,5.986,4.139,0.537,0.287,0.931,6.139,5.935,4.898
SAI0130,community_supported_identity_context,5.539,6.052,5.982,7.000,7.000,6.114,1.960,4.670,1.640,5.254,4.357,0.513,0.069,0.951,6.289,5.965,5.360
SAI0131,community_supported_identity_context,6.058,5.577,6.399,7.000,7.000,6.399,1.254,4.593,1.000,5.399,5.396,0.480,0.821,0.892,6.536,6.148,6.000
SAI0132,community_supported_identity_context,5.790,6.461,5.874,6.404,6.887,5.862,2.061,4.409,1.427,5.376,4.683,0.671,0.587,0.895,6.023,5.700,5.573
SAI0133,community_supported_identity_context,4.152,5.119,6.264,5.774,7.000,5.824,1.733,4.720,1.902,5.332,4.664,0.967,1.145,0.824,5.966,5.717,5.098
SAI0134,community_supported_identity_context,4.376,5.079,5.754,6.437,7.000,6.413,1.533,3.721,1.329,5.598,4.277,0.702,0.676,0.885,6.329,5.807,5.671
SAI0135,community_supported_identity_context,4.205,4.978,5.687,6.684,7.000,6.086,1.397,4.280,1.878,5.498,4.608,0.773,0.710,0.876,6.343,5.931,5.122
SAI0136,community_supported_identity_context,4.401,4.679,6.068,6.872,7.000,5.995,1.467,4.642,1.602,5.739,4.945,0.278,1.390,0.861,6.350,6.008,5.398
SAI0137,community_supported_identity_context,4.028,5.066,5.707,6.358,7.000,5.520,2.155,4.617,2.810,5.545,4.477,1.039,0.641,0.860,5.931,5.668,4.190
SAI0138,community_supported_identity_context,4.700,5.663,6.574,6.008,7.000,6.383,1.463,4.587,1.000,5.774,5.002,0.963,0.911,0.844,6.232,5.903,6.000
SAI0139,community_supported_identity_context,5.530,5.950,5.520,5.485,6.369,4.773,1.000,5.053,2.383,5.727,4.545,0.419,0.429,0.929,5.657,5.536,4.617
SAI0140,community_supported_identity_context,6.183,6.338,5.571,5.380,6.129,4.339,2.030,5.235,2.479,5.196,4.415,0.155,0.767,0.923,5.204,5.210,4.521
SAI0141,community_supported_identity_context,5.430,6.096,5.919,5.759,5.459,5.545,1.472,4.999,2.389,5.381,4.039,0.666,0.177,0.930,5.572,5.458,4.611
SAI0142,community_supported_identity_context,6.183,6.566,6.298,6.025,5.916,5.553,1.143,5.502,2.553,5.781,5.029,0.383,0.268,0.946,5.838,5.771,4.447
SAI0143,community_supported_identity_context,5.356,5.828,6.180,5.153,4.968,4.062,1.547,4.522,3.022,5.015,4.784,0.471,0.352,0.931,4.909,4.832,3.978
SAI0144,community_supported_identity_context,6.197,5.757,5.669,5.295,5.746,4.980,1.349,5.086,2.401,5.456,5.369,0.440,0.088,0.956,5.418,5.352,4.599
SAI0145,community_supported_identity_context,5.362,4.886,5.275,5.251,6.159,4.233,1.455,4.866,2.935,5.472,4.553,0.476,0.389,0.928,5.297,5.211,4.065
SAI0146,community_supported_identity_context,4.043,5.313,5.082,4.905,6.495,4.131,1.616,4.722,2.969,4.717,4.497,1.270,0.231,0.875,5.229,5.127,4.031
SAI0147,community_supported_identity_context,3.335,4.534,5.549,4.972,5.695,3.807,1.296,5.306,2.796,5.785,4.527,1.199,1.015,0.816,5.044,5.097,4.204
SAI0148,community_supported_identity_context,4.325,4.543,5.096,5.245,5.055,4.713,1.735,4.174,3.345,4.166,3.263,0.218,0.553,0.936,5.069,4.890,3.655
SAI0149,community_supported_identity_context,4.905,4.286,4.931,5.537,6.396,4.766,1.491,4.665,2.947,5.175,4.788,0.620,0.646,0.895,5.552,5.375,4.053
SAI0150,community_supported_identity_context,4.278,5.123,4.661,5.447,5.356,4.457,1.464,4.393,3.125,4.646,3.004,0.845,0.462,0.891,5.199,5.038,3.875
SAI0151,community_supported_identity_context,4.393,5.288,5.564,6.837,6.786,5.975,1.340,4.413,2.529,5.984,5.057,0.895,0.275,0.902,6.314,5.934,4.471
SAI0152,community_supported_identity_context,4.646,5.073,6.180,6.743,6.903,5.934,1.469,4.742,1.476,5.403,5.018,0.427,1.107,0.872,6.278,5.970,5.524
SAI0153,community_supported_identity_context,5.301,6.385,5.883,6.465,6.924,5.970,1.443,4.465,2.149,5.081,5.160,1.084,0.502,0.868,6.229,5.876,4.851
SAI0154,community_supported_identity_context,4.604,6.317,6.468,6.451,6.446,6.270,1.966,4.802,2.526,4.977,4.167,1.713,0.151,0.845,6.050,5.800,4.474
SAI0155,community_supported_identity_context,4.494,5.770,5.212,7.000,7.000,5.956,1.225,4.632,2.481,5.455,4.924,1.276,0.558,0.847,6.433,6.073,4.519
SAI0156,community_supported_identity_context,4.344,5.853,6.026,6.108,6.700,5.821,1.876,4.582,2.218,5.396,4.428,1.508,0.173,0.860,5.939,5.667,4.782
SAI0157,community_supported_identity_context,5.239,5.149,5.421,5.262,5.778,5.367,1.446,4.813,2.925,5.057,4.434,0.090,0.272,0.970,5.490,5.355,4.075
SAI0158,community_supported_identity_context,5.330,4.250,5.424,5.164,5.367,5.105,1.993,3.968,2.937,5.118,3.916,1.080,1.174,0.812,5.161,4.922,4.063
SAI0159,community_supported_identity_context,5.540,5.094,5.531,6.714,5.886,5.616,1.304,4.888,2.474,5.269,4.522,0.446,0.437,0.926,5.978,5.760,4.526
SAI0160,community_supported_identity_context,5.697,4.647,5.611,5.543,5.784,5.870,1.604,4.665,2.461,5.806,4.467,1.050,0.964,0.832,5.649,5.452,4.539
SAI0161,community_supported_identity_context,5.757,4.373,5.118,5.062,5.418,5.915,1.626,5.355,3.347,5.167,4.684,1.385,0.746,0.822,5.442,5.425,3.653
SAI0162,community_supported_identity_context,6.047,4.786,5.635,5.128,5.534,5.136,1.869,5.049,2.909,5.714,4.195,1.260,0.849,0.824,5.232,5.196,4.091
SAI0163,community_supported_identity_context,4.863,5.312,5.882,6.162,6.108,6.742,1.338,4.892,2.375,5.335,4.226,0.450,0.569,0.915,6.169,5.913,4.625
SAI0164,community_supported_identity_context,4.834,6.062,5.792,6.281,6.649,5.808,2.012,4.445,2.390,5.064,4.746,1.227,0.270,0.875,5.932,5.634,4.610
SAI0165,community_supported_identity_context,5.528,5.299,5.305,5.503,6.390,5.841,1.979,4.214,1.835,5.463,4.561,0.229,0.006,0.980,5.689,5.394,5.165
SAI0166,community_supported_identity_context,4.314,5.443,6.164,6.452,7.000,6.121,1.168,4.865,2.411,5.549,4.555,1.129,0.720,0.846,6.351,6.054,4.589
SAI0167,community_supported_identity_context,4.758,5.157,5.806,6.180,6.601,5.361,1.131,4.359,2.344,5.527,4.204,0.399,0.649,0.913,6.003,5.674,4.656
SAI0168,community_supported_identity_context,4.143,5.415,5.986,6.327,7.000,5.814,2.012,5.402,1.924,5.243,4.722,1.272,0.571,0.846,6.032,5.906,5.076
SAI0169,fragmented_role_conflict_context,4.175,3.875,4.327,4.072,4.123,2.575,3.208,1.950,3.272,3.725,3.421,0.299,0.452,0.937,3.641,3.302,3.728
SAI0170,fragmented_role_conflict_context,3.026,4.079,3.987,4.112,4.148,3.364,5.051,2.214,3.352,3.229,3.385,1.053,0.091,0.905,3.394,3.158,3.648
SAI0171,fragmented_role_conflict_context,3.657,4.297,3.694,4.433,4.103,2.848,4.747,1.800,2.846,4.141,1.992,0.640,0.604,0.896,3.409,3.087,4.154
SAI0172,fragmented_role_conflict_context,4.450,4.076,4.384,3.930,3.952,2.973,4.079,1.834,2.766,4.146,2.588,0.374,0.308,0.943,3.444,3.122,4.234
SAI0173,fragmented_role_conflict_context,4.263,3.252,3.897,3.381,3.981,3.694,5.319,1.602,3.191,3.408,2.024,1.012,0.646,0.862,3.184,2.868,3.809
SAI0174,fragmented_role_conflict_context,4.424,4.205,4.898,3.564,4.104,3.446,4.112,2.416,3.236,3.739,2.689,0.219,0.693,0.924,3.501,3.284,3.764
SAI0175,fragmented_role_conflict_context,2.879,2.952,4.053,2.935,3.488,3.062,4.100,2.384,3.984,4.042,2.898,0.073,1.100,0.902,3.096,2.954,3.016
SAI0176,fragmented_role_conflict_context,2.690,2.967,3.597,3.611,3.580,3.170,5.228,1.732,4.544,3.816,2.377,0.277,0.630,0.924,3.033,2.773,2.456
SAI0177,fragmented_role_conflict_context,2.204,2.614,4.250,3.061,3.484,3.858,4.306,2.428,2.675,4.588,2.956,0.410,1.636,0.830,3.274,3.105,4.325
SAI0178,fragmented_role_conflict_context,2.400,3.184,4.139,3.620,3.831,2.790,4.484,1.857,4.064,3.558,2.525,0.784,0.955,0.855,3.189,2.923,2.936
SAI0179,fragmented_role_conflict_context,2.064,2.729,4.326,3.092,3.585,2.431,4.361,1.583,4.234,3.047,2.765,0.665,1.597,0.811,2.937,2.666,2.766
SAI0180,fragmented_role_conflict_context,2.274,3.273,4.045,3.160,4.232,3.396,4.018,2.222,3.614,3.838,3.222,1.000,0.771,0.852,3.442,3.198,3.386
SAI0181,fragmented_role_conflict_context,3.851,4.033,3.695,2.065,1.706,2.085,4.370,1.861,4.637,3.941,2.876,0.183,0.339,0.957,2.122,2.070,2.363
SAI0182,fragmented_role_conflict_context,3.775,3.567,3.526,1.867,1.818,2.259,4.313,2.137,4.073,3.543,2.992,0.208,0.041,0.979,2.158,2.154,2.927
SAI0183,fragmented_role_conflict_context,4.056,4.479,3.924,2.600,1.869,1.628,4.900,1.639,4.695,3.797,1.927,0.423,0.555,0.918,2.049,1.967,2.305
SAI0184,fragmented_role_conflict_context,3.689,4.227,4.497,2.092,1.660,2.571,3.942,2.417,4.565,3.582,2.713,0.538,0.269,0.933,2.345,2.360,2.435
SAI0185,fragmented_role_conflict_context,3.531,3.653,3.818,1.725,1.956,2.506,3.989,1.765,4.724,3.928,2.317,0.122,0.166,0.976,2.300,2.193,2.276
SAI0186,fragmented_role_conflict_context,4.512,3.843,3.256,2.452,2.286,1.914,4.784,2.070,4.646,3.745,2.253,0.669,0.587,0.895,2.217,2.188,2.354
SAI0187,fragmented_role_conflict_context,3.173,2.798,3.524,2.573,2.187,2.617,3.942,2.002,3.927,3.663,2.542,0.375,0.726,0.908,2.609,2.487,3.073
SAI0188,fragmented_role_conflict_context,2.837,2.439,2.989,2.188,2.171,2.223,4.455,2.711,4.670,3.830,2.495,0.398,0.549,0.921,2.282,2.368,2.330
SAI0189,fragmented_role_conflict_context,1.670,2.525,2.849,2.260,1.681,2.000,4.672,2.355,5.369,3.521,2.770,0.855,0.324,0.902,2.067,2.125,1.631
SAI0190,fragmented_role_conflict_context,2.152,2.652,2.164,2.068,1.729,1.730,4.316,2.366,4.521,3.846,2.767,0.500,0.489,0.918,2.052,2.115,2.479
SAI0191,fragmented_role_conflict_context,2.741,2.718,2.916,2.469,2.455,2.086,4.733,2.326,4.683,4.280,2.314,0.023,0.198,0.982,2.319,2.321,2.317
SAI0192,fragmented_role_conflict_context,2.175,3.017,2.767,1.865,2.261,1.368,4.572,1.831,4.591,3.561,2.445,0.842,0.250,0.909,1.981,1.951,2.409
SAI0193,fragmented_role_conflict_context,2.743,3.407,3.237,4.028,3.429,3.343,4.602,2.133,3.544,4.117,2.676,0.664,0.170,0.931,3.299,3.066,3.456
SAI0194,fragmented_role_conflict_context,2.544,3.102,3.929,2.968,3.114,3.123,4.276,1.893,3.092,3.830,2.540,0.558,0.828,0.885,2.982,2.764,3.908
SAI0195,fragmented_role_conflict_context,3.020,3.619,4.039,3.587,3.600,2.993,3.838,2.950,3.143,4.061,3.340,0.599,0.420,0.915,3.335,3.258,3.857
SAI0196,fragmented_role_conflict_context,2.879,3.725,4.361,3.690,4.157,2.431,4.119,2.090,3.851,3.857,2.658,0.846,0.636,0.877,3.290,3.050,3.149
SAI0197,fragmented_role_conflict_context,3.553,3.834,3.805,4.147,3.345,2.754,4.286,2.088,4.151,4.396,3.325,0.281,0.029,0.974,3.240,3.010,2.849
SAI0198,fragmented_role_conflict_context,3.109,4.160,4.094,3.732,3.846,3.371,4.247,1.964,2.899,4.090,2.899,1.052,0.066,0.907,3.425,3.133,4.101
SAI0199,fragmented_role_conflict_context,3.031,1.871,3.678,2.231,2.549,2.599,4.621,2.077,5.131,3.732,2.116,1.160,1.807,0.753,2.440,2.367,1.869
SAI0200,fragmented_role_conflict_context,3.335,2.388,2.970,3.233,3.512,3.182,3.967,2.277,4.627,3.887,2.487,0.946,0.582,0.873,3.240,3.047,2.373
SAI0201,fragmented_role_conflict_context,3.634,1.909,3.360,1.928,2.519,2.382,4.898,2.230,4.764,2.734,1.964,1.724,1.451,0.735,2.233,2.232,2.236
SAI0202,fragmented_role_conflict_context,3.558,2.455,4.029,2.727,2.362,2.841,4.127,2.299,4.411,3.068,2.121,1.104,1.574,0.777,2.701,2.621,2.589
SAI0203,fragmented_role_conflict_context,3.569,1.746,3.902,2.025,1.822,2.818,4.417,2.033,5.250,2.376,2.395,1.823,2.156,0.668,2.312,2.256,1.750
SAI0204,fragmented_role_conflict_context,3.701,2.389,3.058,2.220,1.583,2.325,3.881,2.011,3.833,3.196,1.918,1.312,0.669,0.835,2.312,2.252,3.167
SAI0205,fragmented_role_conflict_context,2.979,2.895,3.802,3.954,2.806,2.922,4.571,1.468,3.845,4.126,2.473,0.084,0.906,0.918,3.027,2.716,3.155
SAI0206,fragmented_role_conflict_context,2.909,3.265,4.056,2.916,3.728,3.249,3.830,1.804,4.314,3.938,2.629,0.356,0.790,0.904,3.266,2.974,2.686
SAI0207,fragmented_role_conflict_context,2.873,3.779,3.569,3.639,4.115,2.722,4.306,2.002,4.637,3.588,2.409,0.906,0.210,0.907,3.293,3.035,2.363
SAI0208,fragmented_role_conflict_context,2.236,3.653,3.255,3.456,3.285,2.787,4.318,2.003,3.474,4.253,2.343,1.417,0.398,0.849,3.052,2.842,3.526
SAI0209,fragmented_role_conflict_context,2.758,4.110,3.759,2.977,4.175,2.944,4.210,1.660,3.884,3.604,2.599,1.352,0.351,0.858,3.221,2.909,3.116
SAI0210,fragmented_role_conflict_context,2.936,3.041,3.520,2.577,3.676,2.612,4.170,1.710,4.426,4.320,3.024,0.105,0.478,0.951,2.924,2.681,2.574
SAI0211,future_oriented_repair_context,5.449,5.865,5.225,5.888,6.834,5.898,2.146,4.796,1.413,5.958,4.588,0.416,0.640,0.912,5.868,5.654,5.587
SAI0212,future_oriented_repair_context,5.713,5.879,5.810,6.429,6.658,5.717,1.837,4.046,1.617,6.056,4.598,0.166,0.069,0.980,5.992,5.603,5.383
SAI0213,future_oriented_repair_context,5.715,5.921,5.950,7.000,6.994,5.249,2.602,3.797,2.223,5.493,4.767,0.206,0.029,0.980,5.910,5.487,4.777
SAI0214,future_oriented_repair_context,5.574,6.007,6.284,5.441,6.983,5.532,2.351,4.671,1.810,5.786,4.631,0.433,0.276,0.941,5.651,5.455,5.190
SAI0215,future_oriented_repair_context,5.163,5.749,5.428,6.168,6.329,5.477,2.159,3.879,1.147,5.307,4.496,0.587,0.321,0.924,5.704,5.339,5.853
SAI0216,future_oriented_repair_context,5.527,6.136,5.572,6.125,6.657,5.703,1.965,4.165,1.379,4.607,3.915,0.609,0.565,0.902,5.880,5.537,5.621
SAI0217,future_oriented_repair_context,3.776,4.880,4.650,5.761,6.152,5.772,2.355,4.206,2.476,5.066,4.055,1.104,0.230,0.889,5.582,5.307,4.524
SAI0218,future_oriented_repair_context,4.271,4.234,6.441,5.860,7.000,5.257,1.864,3.738,2.200,4.745,3.659,0.037,2.207,0.813,5.813,5.398,4.800
SAI0219,future_oriented_repair_context,3.504,5.075,6.181,5.606,6.487,6.510,1.631,4.942,1.000,5.430,4.577,1.571,1.106,0.777,5.993,5.783,6.000
SAI0220,future_oriented_repair_context,4.026,4.858,5.807,5.210,6.587,5.611,2.462,4.436,2.836,4.847,4.110,0.832,0.950,0.852,5.487,5.276,4.164
SAI0221,future_oriented_repair_context,3.582,4.702,6.387,6.313,6.209,5.700,2.362,3.883,3.061,4.926,4.807,1.121,1.685,0.766,5.715,5.349,3.939
SAI0222,future_oriented_repair_context,4.292,4.731,5.239,5.974,7.000,5.582,1.779,4.287,1.839,5.229,4.168,0.439,0.508,0.921,5.944,5.613,5.161
SAI0223,future_oriented_repair_context,5.758,4.752,4.953,4.619,4.559,3.966,2.539,4.326,3.543,3.733,4.302,1.006,0.201,0.899,4.401,4.386,3.457
SAI0224,future_oriented_repair_context,5.542,5.601,5.655,4.262,5.059,3.508,2.177,4.301,3.103,5.343,4.248,0.059,0.053,0.991,4.413,4.390,3.897
SAI0225,future_oriented_repair_context,5.346,5.731,5.238,4.651,4.428,4.006,1.431,4.343,2.759,5.045,4.481,0.385,0.493,0.927,4.663,4.599,4.241
SAI0226,future_oriented_repair_context,5.586,6.216,5.757,4.638,4.681,4.195,1.791,3.777,2.906,5.253,4.222,0.630,0.459,0.909,4.681,4.500,4.094
SAI0227,future_oriented_repair_context,5.480,6.239,4.838,4.476,4.789,4.124,2.769,4.534,2.543,4.367,4.437,0.760,1.402,0.820,4.405,4.431,4.457
SAI0228,future_oriented_repair_context,5.453,4.888,5.758,4.465,5.173,3.798,2.520,3.885,2.814,5.041,3.772,0.564,0.870,0.880,4.479,4.360,4.186
SAI0229,future_oriented_repair_context,4.274,3.726,3.932,4.419,4.466,4.477,1.798,4.229,2.582,4.895,4.370,0.549,0.207,0.937,4.641,4.559,4.418
SAI0230,future_oriented_repair_context,4.292,5.188,4.345,4.518,4.538,3.996,2.065,4.419,3.297,4.873,3.935,0.897,0.843,0.855,4.497,4.481,3.703
SAI0231,future_oriented_repair_context,3.158,4.060,4.873,4.655,5.050,3.789,2.425,4.258,3.266,5.152,4.254,0.902,0.814,0.857,4.517,4.466,3.734
SAI0232,future_oriented_repair_context,4.864,4.607,4.638,4.602,4.715,3.591,1.859,4.526,3.213,5.007,4.592,0.257,0.031,0.976,4.512,4.515,3.787
SAI0233,future_oriented_repair_context,4.144,4.845,4.253,4.682,4.860,4.583,1.961,5.372,2.817,5.878,4.629,0.701,0.592,0.892,4.791,4.907,4.183
SAI0234,future_oriented_repair_context,3.588,3.966,4.690,4.683,4.649,3.990,2.204,3.912,3.636,5.593,4.132,0.378,0.724,0.908,4.529,4.406,3.364
SAI0235,future_oriented_repair_context,4.468,5.522,6.027,5.996,6.354,4.841,1.684,4.514,2.094,5.825,5.055,1.054,0.505,0.870,5.627,5.404,4.906
SAI0236,future_oriented_repair_context,4.719,5.286,5.911,4.886,6.487,5.106,2.005,3.803,2.827,4.992,4.679,0.567,0.626,0.901,5.368,5.055,4.173
SAI0237,future_oriented_repair_context,4.621,4.509,5.545,5.517,5.514,5.503,2.570,4.180,2.508,4.996,4.652,0.113,1.036,0.904,5.241,5.029,4.492
SAI0238,future_oriented_repair_context,4.860,4.379,5.732,5.150,5.569,4.839,1.395,3.612,1.580,5.322,4.062,0.481,1.353,0.847,5.291,4.955,5.420
SAI0239,future_oriented_repair_context,5.192,5.241,5.692,5.628,6.584,5.751,1.791,4.507,1.188,6.205,4.582,0.049,0.451,0.958,5.793,5.536,5.812
SAI0240,future_oriented_repair_context,4.691,6.096,5.249,5.305,6.028,5.235,2.525,4.084,2.642,5.190,4.711,1.405,0.847,0.812,5.261,5.025,4.358
SAI0241,future_oriented_repair_context,4.705,4.394,5.967,4.614,4.753,4.730,1.925,4.121,2.967,5.068,4.057,0.311,1.573,0.843,4.793,4.659,4.033
SAI0242,future_oriented_repair_context,5.539,3.644,4.886,4.743,5.323,4.813,2.614,3.810,3.765,4.677,3.612,1.895,1.243,0.738,4.816,4.615,3.235
SAI0243,future_oriented_repair_context,4.678,4.115,5.462,5.010,4.878,5.149,2.011,4.107,2.871,4.829,3.864,0.563,1.347,0.841,5.007,4.827,4.129
SAI0244,future_oriented_repair_context,5.388,4.391,4.998,4.503,5.492,4.950,1.617,4.198,2.323,5.328,4.006,0.997,0.607,0.866,5.082,4.905,4.677
SAI0245,future_oriented_repair_context,5.272,5.400,4.627,5.106,4.702,4.734,1.483,3.762,3.379,5.246,4.234,0.127,0.772,0.925,5.015,4.764,3.621
SAI0246,future_oriented_repair_context,5.748,4.462,4.778,4.377,5.218,4.575,2.247,4.268,3.189,4.637,4.194,1.286,0.316,0.866,4.731,4.638,3.811
SAI0247,future_oriented_repair_context,4.580,4.973,4.932,5.765,6.000,4.988,1.483,4.176,1.869,5.073,4.694,0.393,0.041,0.964,5.567,5.289,5.131
SAI0248,future_oriented_repair_context,4.602,5.178,5.664,6.201,6.070,4.736,2.755,4.339,3.407,5.458,4.347,0.576,0.486,0.912,5.313,5.118,3.593
SAI0249,future_oriented_repair_context,5.375,5.199,4.964,5.162,5.203,5.504,1.645,4.592,2.844,4.914,4.274,0.176,0.235,0.966,5.306,5.163,4.156
SAI0250,future_oriented_repair_context,4.730,5.265,5.581,5.826,6.095,4.676,2.530,3.852,2.177,5.270,4.401,0.536,0.315,0.929,5.267,4.984,4.823
SAI0251,future_oriented_repair_context,5.099,5.004,4.964,5.541,6.165,4.990,2.370,3.431,2.600,5.390,4.199,0.094,0.040,0.989,5.331,4.951,4.400
SAI0252,future_oriented_repair_context,3.867,5.455,5.279,5.752,5.082,5.493,2.373,4.415,3.099,5.565,3.905,1.588,0.176,0.853,5.238,5.074,3.901
