child_id,developmental_context,inhibition_t1,negative_affect_t1,surgency_t1,effortful_control_t1,parenting_support_t1,family_stress_t1,classroom_support_t2,peer_support_t2,institutional_stability_t2,conscientiousness_t2,neuroticism_t2,social_confidence_t2,regulation_skill_t2,reactivity_regulation_balance,environmental_support_index,developmental_risk_index,adaptive_pathway_score
TEM00001,high_support_low_stress_context,6.722,3.524,3.494,4.727,5.122,1.985,4.183,5.362,4.498,6.732,3.257,4.341,4.962,2.246,4.839,3.491,4.964
TEM00002,high_support_low_stress_context,6.580,5.746,3.246,4.109,3.688,3.586,4.421,6.256,4.863,4.969,4.403,2.747,5.165,3.661,4.660,5.636,4.045
TEM00003,high_support_low_stress_context,5.750,4.152,2.361,4.181,5.845,2.563,3.019,3.645,4.804,5.323,3.582,3.644,4.870,2.473,4.196,4.660,4.191
TEM00004,high_support_low_stress_context,4.053,3.890,3.085,4.616,5.627,1.265,5.903,4.237,5.467,5.818,2.195,4.361,5.048,1.880,5.367,2.725,5.109
TEM00005,high_support_low_stress_context,6.125,6.563,2.533,3.811,3.472,3.053,4.726,4.546,5.242,5.531,5.416,2.446,4.086,3.794,4.373,5.348,3.709
TEM00006,high_support_low_stress_context,6.138,4.342,3.118,4.137,3.603,3.306,4.719,4.147,5.728,5.108,4.557,2.584,4.738,3.322,4.968,4.554,4.282
TEM00007,high_support_low_stress_context,5.950,3.089,4.029,4.125,4.550,2.183,5.593,3.512,5.669,5.646,3.492,3.339,5.129,2.209,5.004,3.480,4.689
TEM00008,high_support_low_stress_context,5.264,3.634,2.665,3.328,5.006,2.713,6.138,4.523,4.288,5.228,2.629,3.760,4.609,2.985,5.167,4.154,3.746
TEM00009,high_support_low_stress_context,7.000,4.393,2.903,5.188,4.125,2.643,6.034,3.654,4.248,5.956,3.550,2.759,5.771,3.086,4.297,4.414,4.673
TEM00010,high_support_low_stress_context,5.740,3.790,2.632,3.580,5.039,2.071,4.653,5.082,4.382,5.270,2.892,2.548,4.839,2.896,4.734,3.758,4.376
TEM00011,high_support_low_stress_context,6.400,5.660,4.171,3.525,3.284,2.513,4.714,4.709,4.058,4.148,4.761,3.812,4.844,3.800,4.157,5.441,3.506
TEM00012,high_support_low_stress_context,6.026,5.395,3.334,3.728,4.808,3.363,3.750,5.448,3.627,3.910,4.466,3.496,4.413,3.766,4.527,4.465,3.469
TEM00013,high_support_low_stress_context,7.000,5.212,2.708,3.987,5.593,3.163,4.627,4.380,4.061,4.712,5.084,2.322,4.383,3.558,4.350,5.221,4.465
TEM00014,high_support_low_stress_context,5.799,5.756,3.977,4.119,4.452,3.223,5.356,3.959,3.994,5.099,4.679,3.894,4.875,3.212,4.611,5.174,4.521
TEM00015,high_support_low_stress_context,6.162,3.334,2.971,4.253,4.199,3.440,5.070,4.300,4.498,5.053,4.294,3.237,4.824,2.599,4.656,4.539,3.756
TEM00016,high_support_low_stress_context,6.439,4.135,3.134,4.232,5.015,1.790,4.427,4.400,3.860,5.290,4.684,2.744,4.392,3.098,4.565,3.855,4.178
TEM00017,high_support_low_stress_context,5.154,3.397,3.009,4.122,4.559,1.843,4.799,4.453,4.367,5.584,3.272,3.429,5.240,2.577,4.560,3.105,4.188
TEM00018,high_support_low_stress_context,5.560,4.213,3.182,4.632,4.446,2.609,4.699,3.957,4.105,4.946,2.955,3.242,4.732,3.118,4.681,4.284,4.944
TEM00019,high_support_low_stress_context,4.701,5.794,4.643,3.046,4.598,2.473,6.073,4.714,4.678,4.846,3.696,4.546,4.571,3.557,5.261,4.451,4.000
TEM00020,high_support_low_stress_context,6.286,4.986,3.234,2.252,5.086,3.967,3.639,3.288,5.456,3.578,4.974,2.493,4.259,4.274,4.430,5.979,3.414
TEM00021,high_support_low_stress_context,4.290,6.234,3.054,2.858,5.958,1.737,7.000,4.415,5.848,5.953,4.298,4.454,5.638,3.513,5.459,4.514,4.340
TEM00022,high_support_low_stress_context,5.381,4.431,4.070,3.457,4.223,2.870,4.209,5.052,4.648,5.059,4.587,3.380,4.904,3.100,4.686,4.210,4.021
TEM00023,high_support_low_stress_context,4.500,5.332,3.093,3.819,5.281,2.048,4.494,4.938,4.284,4.064,3.423,4.291,5.334,3.356,5.224,3.611,4.491
TEM00024,high_support_low_stress_context,3.805,4.383,3.389,2.940,4.464,1.000,4.698,3.507,4.664,4.003,2.933,3.745,4.053,1.928,4.716,3.673,4.118
TEM00025,high_support_low_stress_context,4.279,5.266,3.242,2.666,4.920,2.086,3.000,4.751,4.939,3.949,3.753,2.971,4.259,3.100,4.822,4.593,4.273
TEM00026,high_support_low_stress_context,4.287,5.860,3.471,3.282,5.004,2.386,5.756,4.388,4.527,5.138,4.138,4.557,4.544,3.091,4.685,4.756,4.085
TEM00027,high_support_low_stress_context,5.591,4.770,4.828,2.808,5.198,1.223,5.572,5.826,3.894,5.044,3.967,5.621,4.838,3.440,5.466,3.934,4.620
TEM00028,high_support_low_stress_context,4.208,5.399,3.347,3.259,4.659,1.000,3.265,5.291,4.362,4.475,3.180,4.159,4.480,3.150,4.292,3.717,3.619
TEM00029,high_support_low_stress_context,4.223,6.254,2.618,3.086,4.322,1.517,5.223,4.219,5.854,5.397,4.758,3.367,4.849,3.513,4.635,4.308,3.782
TEM00030,high_support_low_stress_context,4.628,4.592,3.591,3.625,4.687,1.000,3.556,3.618,4.619,4.830,2.034,4.191,4.432,2.283,4.597,3.440,4.267
TEM00031,high_support_low_stress_context,6.023,5.029,3.661,3.271,5.065,1.578,4.647,4.592,3.304,5.209,4.086,3.657,4.965,3.631,5.058,4.170,4.307
TEM00032,high_support_low_stress_context,5.036,5.620,3.769,3.205,4.512,2.877,4.715,4.464,3.054,4.479,4.027,4.476,3.090,3.701,4.493,5.037,3.684
TEM00033,high_support_low_stress_context,4.985,5.943,3.715,3.129,5.803,1.382,4.663,5.235,6.587,5.130,3.328,4.205,6.044,3.847,5.381,3.893,4.075
TEM00034,high_support_low_stress_context,4.459,4.448,3.339,3.405,5.656,2.353,3.785,3.667,4.982,4.249,2.966,3.253,4.296,2.774,5.000,3.475,4.639
TEM00035,high_support_low_stress_context,6.329,5.543,3.940,3.762,4.454,1.588,5.643,4.786,4.514,5.114,5.041,4.468,4.439,3.677,4.752,5.206,4.166
TEM00036,high_support_low_stress_context,6.080,6.573,2.892,3.182,4.464,2.838,4.862,3.676,5.306,4.771,5.333,2.716,4.033,4.396,4.453,6.174,2.836
TEM00037,high_support_low_stress_context,3.586,2.704,6.213,4.963,4.801,2.328,6.082,4.532,4.726,5.926,1.720,5.568,6.592,1.197,4.957,2.170,5.709
TEM00038,high_support_low_stress_context,1.990,3.409,6.890,3.831,4.109,2.619,3.669,2.874,2.753,5.131,2.161,5.597,5.337,1.188,3.649,3.204,4.805
TEM00039,high_support_low_stress_context,3.752,3.585,6.381,4.027,5.585,2.091,3.170,3.994,4.275,4.899,2.807,4.807,5.803,1.752,4.428,3.156,5.147
TEM00040,high_support_low_stress_context,2.153,4.191,5.610,3.608,5.683,2.359,4.520,5.072,3.896,4.558,2.401,6.038,4.959,1.507,5.184,2.401,5.012
TEM00041,high_support_low_stress_context,1.763,1.582,5.506,3.412,4.000,2.041,5.596,4.541,5.129,4.758,1.075,5.429,4.928,0.119,5.424,1.887,5.301
TEM00042,high_support_low_stress_context,2.707,2.910,6.017,4.421,4.378,2.399,4.303,4.432,4.158,5.088,2.350,5.554,4.780,1.139,4.836,2.232,5.078
TEM00043,high_support_low_stress_context,3.170,1.421,4.632,4.041,4.395,1.664,4.265,5.412,5.593,5.599,1.778,4.229,5.412,0.837,5.063,1.788,5.202
TEM00044,high_support_low_stress_context,2.070,3.154,6.251,4.750,5.345,1.285,5.020,4.518,4.427,5.597,1.541,5.809,4.942,0.791,4.945,2.195,5.446
TEM00045,high_support_low_stress_context,3.849,3.297,5.113,4.391,4.834,1.113,4.300,4.752,4.138,4.917,2.003,5.018,5.631,1.575,4.906,2.480,5.517
TEM00046,high_support_low_stress_context,3.273,2.379,6.190,3.810,3.996,2.022,4.421,5.835,4.562,5.290,3.014,5.269,4.847,1.331,4.813,2.693,5.581
TEM00047,high_support_low_stress_context,2.313,3.110,6.083,5.107,5.481,2.509,4.655,3.709,5.366,5.371,1.648,6.137,5.553,1.213,4.989,2.033,5.590
TEM00048,high_support_low_stress_context,3.327,4.507,5.916,4.336,3.524,2.627,4.833,2.932,2.883,4.440,2.269,4.126,4.154,2.346,3.421,3.501,4.567
TEM00049,high_support_low_stress_context,2.174,3.248,5.890,3.587,4.027,1.779,4.525,4.932,2.619,4.440,1.745,4.175,4.243,1.246,4.222,2.127,4.458
TEM00050,high_support_low_stress_context,3.105,3.450,5.974,4.269,6.056,1.437,5.323,5.332,4.537,5.595,2.076,6.096,5.917,1.267,5.307,2.075,5.743
TEM00051,high_support_low_stress_context,3.125,2.222,5.022,3.481,4.421,2.929,4.332,5.282,5.270,4.906,2.347,4.783,5.455,1.225,4.496,2.834,4.115
TEM00052,high_support_low_stress_context,3.159,2.776,5.672,3.882,4.296,2.553,4.312,4.802,4.163,4.545,1.950,4.316,4.270,1.089,4.556,2.320,4.802
TEM00053,high_support_low_stress_context,3.135,3.349,6.580,4.522,4.165,2.741,4.186,4.159,4.514,5.111,2.517,5.527,5.034,1.418,4.158,3.046,4.722
TEM00054,high_support_low_stress_context,2.947,2.055,5.959,4.989,5.823,3.124,5.677,5.106,4.309,5.599,1.000,5.457,6.921,0.406,5.755,1.913,5.970
TEM00055,high_support_low_stress_context,3.093,3.046,4.164,6.058,4.978,3.246,5.246,4.476,4.944,5.698,2.401,4.775,5.810,1.121,4.682,2.957,5.216
TEM00056,high_support_low_stress_context,2.535,1.846,4.638,6.889,5.744,1.502,4.079,5.445,4.388,6.869,1.000,4.945,6.472,0.000,5.024,0.991,6.534
TEM00057,high_support_low_stress_context,2.068,2.239,3.562,5.445,4.235,1.904,4.222,4.476,3.376,5.111,1.431,4.900,5.519,0.592,4.386,1.194,5.352
TEM00058,high_support_low_stress_context,3.461,2.420,4.185,5.312,4.059,2.618,4.145,4.954,3.232,4.557,1.559,4.493,5.948,1.384,4.256,2.673,4.710
TEM00059,high_support_low_stress_context,2.792,2.206,4.707,6.547,4.906,3.013,4.598,4.223,4.898,6.711,1.512,4.684,6.403,0.000,4.577,2.017,5.508
TEM00060,high_support_low_stress_context,3.409,2.012,2.926,6.438,5.382,3.368,5.366,3.622,4.947,5.553,2.054,3.442,6.293,0.402,5.046,1.834,5.579
TEM00061,high_support_low_stress_context,2.532,2.204,4.966,6.087,5.003,1.695,4.378,4.630,6.633,6.553,1.367,5.382,7.000,0.335,5.120,1.030,6.212
TEM00062,high_support_low_stress_context,3.655,1.949,3.421,5.536,5.541,2.602,3.966,5.084,4.044,5.115,1.555,3.894,5.613,0.458,5.089,2.090,5.319
TEM00063,high_support_low_stress_context,2.485,3.210,3.765,7.000,4.815,1.259,5.204,5.172,6.728,6.401,1.009,3.817,6.369,0.053,5.241,0.696,5.909
TEM00064,high_support_low_stress_context,3.583,2.419,4.699,5.985,6.378,2.164,3.947,5.255,4.116,6.324,1.000,4.743,6.345,0.705,5.140,1.583,5.720
TEM00065,high_support_low_stress_context,3.417,3.001,3.975,5.867,4.781,1.469,4.646,4.989,5.660,5.488,2.060,5.024,6.444,0.837,5.099,1.634,5.849
TEM00066,high_support_low_stress_context,3.410,1.980,3.765,5.948,4.834,1.000,6.282,5.724,4.163,6.765,1.474,4.975,7.000,0.000,5.521,0.612,5.806
TEM00067,high_support_low_stress_context,2.886,2.208,3.994,5.715,4.849,2.016,5.350,3.447,6.068,5.788,1.496,3.993,6.300,0.520,4.886,1.887,5.853
TEM00068,high_support_low_stress_context,2.569,1.822,4.568,5.857,5.891,2.908,4.297,5.461,4.708,6.678,1.204,5.135,6.024,0.186,5.094,1.774,6.059
TEM00069,high_support_low_stress_context,2.459,2.393,4.011,5.949,4.698,2.199,3.505,4.962,3.448,5.762,2.033,4.714,5.998,0.340,4.275,1.499,5.360
TEM00070,high_support_low_stress_context,3.754,3.037,4.594,6.389,6.355,3.929,5.506,3.391,3.822,6.783,2.852,4.264,5.924,0.674,4.938,2.962,5.642
TEM00071,high_support_low_stress_context,2.355,2.378,3.846,5.810,3.490,1.705,5.008,3.710,5.033,6.012,2.121,4.676,6.314,0.238,4.579,1.790,5.531
TEM00072,high_support_low_stress_context,3.432,3.847,4.118,6.199,4.852,3.169,4.643,4.848,5.281,6.450,2.296,3.750,5.969,1.267,4.710,2.834,5.089
TEM00073,high_support_low_stress_context,3.291,3.431,4.202,3.890,4.404,1.376,4.483,4.694,4.444,5.453,2.140,4.687,5.007,1.368,4.717,2.863,4.562
TEM00074,high_support_low_stress_context,4.075,4.251,3.938,5.293,4.945,2.698,4.374,3.229,5.055,5.989,3.294,4.194,5.207,1.670,4.122,3.799,4.563
TEM00075,high_support_low_stress_context,4.112,4.186,3.942,4.258,5.223,3.077,5.122,3.873,5.015,5.323,2.691,4.006,5.879,2.573,4.952,4.369,4.839
TEM00076,high_support_low_stress_context,5.032,4.185,3.801,4.218,5.838,1.691,4.073,3.319,5.169,5.452,2.670,4.216,6.147,2.417,5.273,3.635,4.501
TEM00077,high_support_low_stress_context,2.327,1.809,4.176,4.325,3.766,1.099,5.045,4.418,4.786,6.042,1.084,4.133,4.935,0.238,4.789,1.521,5.416
TEM00078,high_support_low_stress_context,3.047,4.109,4.783,4.767,4.709,2.614,4.050,4.911,4.226,5.030,2.325,4.405,4.934,1.730,4.679,3.101,5.078
TEM00079,high_support_low_stress_context,4.748,3.775,3.928,4.333,3.965,1.000,4.055,3.419,4.762,5.147,2.173,4.080,4.622,2.200,4.339,2.347,4.671
TEM00080,high_support_low_stress_context,3.023,3.408,4.074,3.457,3.438,2.617,3.919,4.747,4.308,4.056,2.789,4.207,4.393,1.994,3.666,3.264,3.993
TEM00081,high_support_low_stress_context,4.311,3.773,4.221,3.213,3.888,3.190,5.116,5.130,4.298,3.431,3.644,3.738,4.224,2.214,4.520,4.408,3.648
TEM00082,high_support_low_stress_context,3.964,3.345,4.309,2.785,4.758,2.833,3.576,4.281,4.610,4.055,3.090,4.040,4.857,2.316,4.181,3.515,3.993
TEM00083,high_support_low_stress_context,3.460,4.012,2.872,4.049,4.445,1.009,4.337,4.742,3.668,4.513,2.445,4.783,5.435,1.987,4.233,2.453,4.554
TEM00084,high_support_low_stress_context,3.612,3.687,4.418,3.901,4.428,2.206,5.301,4.784,4.465,4.659,2.562,4.562,5.243,1.860,4.509,3.046,4.821
TEM00085,high_support_low_stress_context,3.982,3.332,5.448,4.551,5.315,2.391,4.362,4.004,6.207,5.165,2.779,4.819,5.635,1.951,5.218,2.573,5.066
TEM00086,high_support_low_stress_context,3.479,2.425,4.427,3.304,4.356,1.264,4.158,4.417,5.540,4.759,2.303,4.533,4.079,1.363,4.896,2.761,4.460
TEM00087,high_support_low_stress_context,3.803,4.174,4.164,4.933,4.209,1.722,5.032,5.529,5.016,5.341,3.183,5.121,5.127,1.500,5.041,2.362,5.768
TEM00088,high_support_low_stress_context,3.673,3.706,2.968,3.693,4.503,2.853,4.707,4.066,3.494,4.734,2.455,4.196,4.730,2.255,4.412,3.261,3.727
TEM00089,high_support_low_stress_context,2.835,4.495,4.719,4.081,5.294,3.861,4.393,5.122,4.155,4.897,2.156,4.723,4.770,1.736,4.958,3.561,4.507
TEM00090,high_support_low_stress_context,4.915,2.956,4.285,4.767,4.459,3.614,6.780,5.286,2.891,5.570,2.985,4.764,6.372,2.203,5.040,3.489,5.026
TEM00091,high_support_low_stress_context,3.705,4.565,6.380,4.805,5.301,3.159,5.051,6.141,5.913,5.791,3.266,5.040,5.381,2.067,5.180,3.434,5.765
TEM00092,high_support_low_stress_context,4.533,5.024,5.948,5.552,6.032,2.015,6.092,4.499,3.079,6.322,3.543,4.778,5.863,2.823,5.089,3.161,5.710
TEM00093,high_support_low_stress_context,3.279,4.395,5.791,4.562,4.521,2.528,5.171,4.838,4.209,5.272,2.386,5.921,5.076,1.926,4.771,3.094,5.051
TEM00094,high_support_low_stress_context,3.018,4.981,5.375,5.402,3.452,1.000,4.549,4.988,4.834,5.557,2.916,5.454,5.597,1.633,4.206,2.352,5.481
TEM00095,high_support_low_stress_context,5.013,4.242,6.652,4.546,4.961,2.074,5.725,5.050,6.125,5.724,3.236,5.859,5.978,2.302,5.378,3.109,5.134
TEM00096,high_support_low_stress_context,3.267,4.311,5.007,5.672,5.170,2.082,5.706,3.974,5.036,5.563,2.510,5.325,6.105,1.761,5.136,2.530,5.584
TEM00097,high_support_low_stress_context,3.927,5.690,6.118,4.551,5.081,2.540,4.980,4.652,4.085,5.600,3.526,4.599,4.599,2.789,5.208,3.491,5.050
TEM00098,high_support_low_stress_context,4.249,3.733,5.712,3.098,5.842,1.000,4.790,5.597,4.623,5.340,2.603,5.549,4.710,2.417,5.227,3.298,4.785
TEM00099,high_support_low_stress_context,3.870,4.915,6.378,6.831,4.900,2.805,6.374,4.058,5.281,6.007,3.694,4.692,6.851,1.669,4.877,3.150,6.059
TEM00100,high_support_low_stress_context,3.636,3.560,4.350,4.501,4.776,2.262,4.094,3.404,3.980,4.989,2.396,3.574,5.043,1.495,4.265,2.725,4.767
TEM00101,high_support_low_stress_context,4.759,5.241,4.665,5.749,4.716,2.498,4.366,3.951,4.699,5.230,3.388,4.171,5.587,2.263,4.403,3.832,4.925
TEM00102,high_support_low_stress_context,3.898,4.456,4.514,5.974,3.536,2.509,4.365,3.672,4.745,5.582,2.729,3.946,5.892,1.480,4.290,3.441,5.239
TEM00103,high_support_low_stress_context,3.642,3.840,5.372,4.847,5.338,1.783,4.958,3.937,4.583,5.597,3.358,4.254,5.733,1.427,5.331,2.387,4.909
TEM00104,high_support_low_stress_context,4.300,5.067,5.915,4.262,4.748,2.584,3.685,4.323,4.578,4.659,2.819,4.920,4.663,2.691,4.321,4.088,4.529
TEM00105,high_support_low_stress_context,4.003,5.061,5.961,5.300,6.249,2.450,6.016,4.593,3.498,6.360,2.680,5.768,5.956,2.267,5.416,3.165,5.231
TEM00106,high_support_low_stress_context,3.825,3.981,4.107,4.546,4.773,1.783,4.423,4.566,4.541,5.104,2.925,4.171,5.553,1.816,4.681,2.553,4.782
TEM00107,high_support_low_stress_context,4.965,4.406,4.894,5.452,4.824,2.674,4.896,4.085,4.140,5.595,3.246,3.964,5.686,2.575,4.675,3.787,4.640
TEM00108,high_support_low_stress_context,3.762,5.008,5.179,5.033,5.033,1.326,4.485,4.031,5.327,5.686,3.019,4.817,5.222,1.871,4.859,3.202,5.076
TEM00109,stable_school_context,5.269,4.206,2.306,4.902,4.267,2.082,3.503,4.103,5.434,6.152,3.035,3.088,5.240,2.641,4.458,3.536,4.909
TEM00110,stable_school_context,5.127,5.248,2.711,3.606,5.160,1.840,5.937,4.811,5.032,5.660,3.641,3.951,5.432,3.541,5.339,3.806,4.264
TEM00111,stable_school_context,4.680,4.406,2.080,4.821,4.409,2.312,5.327,4.600,4.018,6.145,3.135,3.718,4.685,1.986,4.682,3.675,4.318
TEM00112,stable_school_context,4.348,3.981,2.661,4.163,4.678,1.679,6.106,4.974,5.065,5.543,2.814,3.062,5.741,1.893,5.301,2.848,4.691
TEM00113,stable_school_context,5.610,4.445,3.437,4.208,4.811,2.831,4.107,3.774,4.536,5.785,3.523,3.939,4.915,2.998,4.412,4.518,4.238
TEM00114,stable_school_context,5.457,5.310,2.839,4.682,4.309,2.492,6.099,4.150,4.440,5.064,4.635,2.334,5.555,3.179,4.803,4.129,4.569
TEM00115,stable_school_context,5.760,5.282,1.738,3.817,4.320,1.403,5.008,4.499,5.824,5.030,3.902,2.614,5.180,3.232,5.094,4.502,4.188
TEM00116,stable_school_context,5.008,5.172,1.766,3.387,3.653,3.045,3.723,5.102,4.560,3.153,4.326,2.667,3.740,3.177,4.473,4.914,2.918
TEM00117,stable_school_context,5.070,5.614,2.691,2.960,4.913,2.090,5.309,5.078,4.742,4.823,3.548,4.000,4.465,3.445,5.079,3.982,4.012
TEM00118,stable_school_context,5.456,4.099,1.865,4.455,4.635,4.301,4.240,3.014,5.933,4.345,4.811,1.951,4.589,3.252,4.424,4.568,3.628
TEM00119,stable_school_context,5.436,4.613,2.401,4.191,3.963,2.306,4.493,4.678,5.317,5.174,4.485,2.331,4.949,2.727,4.653,3.808,4.174
TEM00120,stable_school_context,5.708,3.879,1.791,3.337,4.581,2.750,4.316,2.508,4.790,4.677,3.851,2.699,3.881,2.566,4.117,4.416,3.327
TEM00121,stable_school_context,4.613,5.347,2.143,3.462,4.815,1.012,5.512,5.163,5.964,5.658,3.418,2.893,5.501,2.767,5.728,3.390,4.540
TEM00122,stable_school_context,5.607,5.073,3.158,3.543,2.512,3.442,5.409,4.163,4.898,4.147,5.767,2.370,3.371,3.199,4.076,5.071,3.091
TEM00123,stable_school_context,4.825,4.144,2.933,4.424,4.386,1.423,4.874,4.544,5.485,4.999,3.450,4.482,4.922,2.468,4.657,3.569,4.261
TEM00124,stable_school_context,5.571,5.280,2.695,2.988,3.003,2.642,5.537,2.666,5.191,3.904,4.117,3.031,4.785,3.898,3.957,4.781,3.446
TEM00125,stable_school_context,5.435,4.944,3.464,4.687,3.440,3.896,5.096,3.994,5.113,5.012,4.514,3.207,4.385,2.838,4.347,4.636,3.547
TEM00126,stable_school_context,4.718,5.607,2.725,3.390,3.733,2.835,5.160,3.986,5.329,4.868,3.883,3.023,4.495,3.426,4.346,4.459,3.686
TEM00127,stable_school_context,5.797,6.206,5.076,3.010,4.352,4.200,4.097,2.829,5.019,3.570,4.984,3.813,3.668,4.567,3.903,6.273,3.408
TEM00128,stable_school_context,4.952,5.216,2.898,2.576,4.778,2.261,4.025,3.591,3.735,4.490,4.438,3.061,3.348,3.653,3.993,5.187,3.642
TEM00129,stable_school_context,4.529,6.107,5.112,2.374,4.819,2.646,3.975,4.980,5.515,3.736,3.986,4.727,4.059,3.782,4.210,5.255,3.802
TEM00130,stable_school_context,3.417,6.524,3.379,4.592,4.524,2.338,4.234,4.158,5.144,5.808,4.212,3.141,4.023,2.461,4.081,4.774,4.472
TEM00131,stable_school_context,4.312,5.802,4.157,3.208,5.340,2.967,3.189,4.888,3.378,4.486,3.593,3.529,4.595,3.607,4.304,4.565,3.759
TEM00132,stable_school_context,4.864,5.967,3.027,2.418,5.469,2.865,3.003,4.164,5.886,3.873,3.943,2.776,3.852,3.912,4.653,5.531,3.022
TEM00133,stable_school_context,4.609,5.383,4.197,2.668,4.740,3.127,5.039,3.782,5.360,4.539,4.622,4.193,4.780,3.607,4.941,5.013,3.956
TEM00134,stable_school_context,4.962,4.943,4.220,2.901,3.202,3.271,5.057,3.849,4.988,4.390,4.957,4.063,4.054,3.921,4.283,4.967,3.403
TEM00135,stable_school_context,4.844,6.028,3.205,3.053,3.219,3.570,4.034,4.431,4.981,3.683,5.467,3.212,3.945,3.729,3.601,5.566,3.149
TEM00136,stable_school_context,5.057,5.905,3.375,3.441,4.281,3.345,3.809,5.186,6.004,3.941,5.410,4.258,4.955,3.570,4.787,4.847,4.229
TEM00137,stable_school_context,4.448,5.113,3.941,4.404,3.537,3.046,5.369,4.839,5.594,4.926,4.031,3.475,5.390,2.998,4.453,4.345,4.720
TEM00138,stable_school_context,4.051,5.200,4.149,3.187,4.365,3.265,5.448,3.361,3.722,4.648,4.718,4.201,4.561,3.554,4.120,4.696,3.454
TEM00139,stable_school_context,4.713,5.623,3.688,3.302,3.590,2.935,4.140,4.590,6.075,4.579,3.909,3.686,4.523,3.287,4.674,4.656,3.524
TEM00140,stable_school_context,4.293,5.962,5.184,2.498,3.263,1.230,4.523,4.672,6.519,4.068,4.746,4.263,4.033,3.534,4.873,4.280,4.151
TEM00141,stable_school_context,5.329,5.825,2.530,2.633,4.762,2.477,4.450,2.425,6.414,4.642,4.735,2.600,4.664,3.639,4.647,4.751,3.359
TEM00142,stable_school_context,3.817,5.547,4.392,3.224,3.890,3.014,4.391,4.101,4.597,4.233,3.686,3.984,4.137,3.178,4.138,4.876,3.841
TEM00143,stable_school_context,4.162,4.771,2.583,3.523,3.784,2.614,4.634,3.466,5.030,4.433,4.159,2.541,3.629,3.030,4.434,4.413,3.760
TEM00144,stable_school_context,3.571,4.752,2.981,2.448,5.343,2.586,5.384,5.055,4.088,3.822,3.076,3.715,4.473,2.846,5.107,3.967,3.848
TEM00145,stable_school_context,1.920,3.671,4.645,3.704,4.874,4.537,5.214,4.356,4.417,4.678,2.092,4.714,4.755,1.653,4.561,3.541,4.313
TEM00146,stable_school_context,2.539,3.205,6.793,5.006,3.668,3.340,5.010,5.010,4.716,5.270,2.118,5.192,5.915,1.006,4.661,2.863,4.904
TEM00147,stable_school_context,3.918,1.000,6.087,3.665,3.805,1.788,5.535,5.197,4.437,5.401,1.682,4.793,5.664,1.097,5.043,2.116,5.141
TEM00148,stable_school_context,4.437,3.185,5.019,4.285,3.385,2.971,3.658,4.459,4.916,4.966,3.030,4.306,4.418,1.770,4.116,3.628,4.784
TEM00149,stable_school_context,2.944,3.472,5.578,4.605,4.676,3.667,4.911,4.628,5.502,5.048,3.190,5.426,5.583,1.211,4.969,3.330,4.700
TEM00150,stable_school_context,2.531,2.434,6.393,3.908,4.362,1.827,5.311,3.118,4.838,5.332,2.132,5.316,5.783,0.720,4.866,1.848,4.835
TEM00151,stable_school_context,2.815,3.548,5.135,4.331,3.307,3.206,4.416,5.011,4.928,4.096,2.547,5.451,5.380,1.258,4.545,3.860,4.502
TEM00152,stable_school_context,2.860,3.389,5.309,4.432,3.248,2.706,4.013,3.363,5.898,4.256,2.446,4.087,4.836,1.762,4.313,2.928,4.740
TEM00153,stable_school_context,3.154,1.986,5.082,5.059,1.835,3.274,5.131,3.307,3.832,4.930,1.749,3.741,4.757,1.158,3.603,2.988,4.521
TEM00154,stable_school_context,2.474,2.384,5.634,4.006,4.267,2.231,4.197,3.461,3.908,4.612,1.967,5.138,4.943,1.033,4.344,2.199,4.166
TEM00155,stable_school_context,3.000,3.431,5.834,3.772,3.935,2.698,5.265,4.366,5.025,5.574,2.980,4.708,4.691,1.872,4.909,2.698,5.119
TEM00156,stable_school_context,2.356,3.487,5.563,4.053,3.280,4.393,6.416,3.830,5.288,5.447,2.795,3.969,4.845,1.582,4.959,3.665,4.645
TEM00157,stable_school_context,2.766,2.361,5.424,3.046,5.374,1.000,4.803,3.819,4.178,6.473,1.328,5.269,5.009,0.962,4.601,1.662,4.645
TEM00158,stable_school_context,1.628,3.051,4.930,4.221,3.911,2.612,6.340,5.335,5.395,5.460,1.910,3.945,5.363,0.457,5.447,2.158,4.700
TEM00159,stable_school_context,1.923,3.419,6.472,3.821,3.469,2.860,4.239,4.759,5.467,4.270,2.062,5.680,4.779,1.353,4.470,2.842,4.839
TEM00160,stable_school_context,4.123,2.674,5.235,3.477,4.599,3.318,5.131,4.244,4.871,4.394,2.921,4.466,4.627,1.644,5.070,2.718,4.669
TEM00161,stable_school_context,1.971,3.896,5.353,4.068,3.195,2.086,3.268,3.912,3.229,3.770,2.704,4.760,4.254,1.298,3.823,2.687,4.653
TEM00162,stable_school_context,3.652,2.569,5.712,5.912,3.341,2.720,5.390,4.176,5.526,5.731,2.615,4.925,6.082,1.137,4.277,2.982,5.668
TEM00163,stable_school_context,2.083,3.002,4.432,6.783,4.188,2.315,3.448,3.775,4.374,5.187,1.737,5.371,5.750,0.346,4.288,2.403,6.115
TEM00164,stable_school_context,3.607,3.035,4.454,6.094,2.954,1.185,3.311,5.269,5.187,6.068,1.966,4.136,6.258,0.938,3.797,2.268,5.467
TEM00165,stable_school_context,3.956,2.868,3.530,4.864,4.005,2.409,4.036,4.555,3.385,4.948,1.912,3.953,4.930,1.661,3.860,2.709,3.806
TEM00166,stable_school_context,4.070,3.498,4.487,6.742,3.761,2.638,3.608,4.359,3.738,6.098,3.191,3.956,5.536,1.447,4.303,2.337,5.452
TEM00167,stable_school_context,3.861,4.341,2.780,7.000,3.752,3.227,4.887,5.028,6.574,6.934,3.157,3.206,5.947,1.606,4.524,2.619,5.327
TEM00168,stable_school_context,2.585,2.979,3.033,7.000,4.418,3.156,3.623,4.271,4.715,6.736,2.170,3.255,5.852,0.000,4.031,1.829,5.453
TEM00169,stable_school_context,3.822,2.548,4.248,6.855,4.987,1.832,4.614,3.253,5.169,6.125,1.924,3.626,7.000,0.437,4.743,1.427,6.513
TEM00170,stable_school_context,4.797,2.479,3.951,6.597,3.696,2.284,3.908,5.120,1.835,5.228,2.953,4.011,5.690,0.874,3.760,2.948,5.182
TEM00171,stable_school_context,2.866,2.824,4.736,7.000,5.576,2.771,3.890,4.524,5.532,6.152,1.301,4.799,5.988,0.271,5.070,1.741,5.598
TEM00172,stable_school_context,2.837,1.816,3.653,5.628,4.553,2.463,2.890,5.111,6.287,5.368,1.155,4.044,6.286,0.455,4.429,2.026,5.288
TEM00173,stable_school_context,2.295,2.049,3.705,6.668,4.606,2.040,3.191,4.061,5.922,6.506,1.191,4.617,6.473,0.000,4.908,1.121,6.163
TEM00174,stable_school_context,2.713,2.444,3.897,5.378,3.705,2.601,4.847,4.733,4.232,5.584,2.702,4.406,5.328,0.475,4.401,1.869,5.441
TEM00175,stable_school_context,3.235,2.578,2.757,5.692,4.766,3.967,4.211,4.016,4.246,5.456,2.540,3.746,5.978,1.141,4.425,2.299,4.767
TEM00176,stable_school_context,2.775,1.923,3.405,5.476,5.162,2.240,3.665,3.006,4.502,5.076,2.090,3.666,5.830,0.291,4.533,1.872,5.337
TEM00177,stable_school_context,3.108,2.312,3.693,5.775,4.670,2.184,5.940,5.030,4.565,5.717,1.277,4.714,6.652,0.176,5.344,1.749,5.778
TEM00178,stable_school_context,3.130,2.216,2.923,6.478,5.899,2.513,4.188,4.668,5.559,6.655,1.611,4.127,6.650,0.499,5.513,2.024,6.159
TEM00179,stable_school_context,3.320,2.894,5.294,6.322,4.128,3.077,3.547,2.307,5.213,5.523,2.653,3.312,5.639,0.715,4.346,2.492,5.922
TEM00180,stable_school_context,3.638,2.955,4.778,7.000,4.464,3.233,4.977,3.960,4.441,6.344,2.624,3.984,6.415,0.156,4.305,2.659,5.604
TEM00181,stable_school_context,4.206,3.783,3.758,5.247,4.877,3.496,4.635,4.279,6.135,5.030,2.891,4.016,5.574,1.829,4.603,3.758,4.962
TEM00182,stable_school_context,2.690,3.143,3.346,4.651,3.410,1.240,5.192,3.793,5.245,5.237,1.501,3.886,5.511,0.871,4.461,2.339,4.624
TEM00183,stable_school_context,4.333,4.578,3.380,4.500,5.021,4.291,4.943,3.494,5.659,5.334,4.911,3.120,4.904,2.668,4.694,3.997,3.949
TEM00184,stable_school_context,4.481,5.051,3.723,3.442,3.846,3.991,5.674,3.168,4.385,5.138,4.335,3.712,4.498,3.396,4.299,4.745,3.593
TEM00185,stable_school_context,4.449,4.687,4.034,2.968,4.153,3.352,3.100,3.362,4.834,4.060,3.197,2.671,3.849,3.406,3.928,4.885,3.704
TEM00186,stable_school_context,3.382,3.387,4.181,5.262,4.096,1.000,3.394,4.257,3.727,5.348,2.448,3.910,4.921,1.143,3.874,2.429,5.227
TEM00187,stable_school_context,3.831,3.783,2.690,3.228,4.070,3.552,4.883,3.235,5.486,4.727,3.299,2.658,5.009,2.708,4.084,3.701,3.826
TEM00188,stable_school_context,1.656,3.851,4.332,4.245,5.046,2.877,4.014,4.057,6.237,4.685,2.814,3.904,4.946,0.945,4.721,2.391,4.583
TEM00189,stable_school_context,3.504,2.582,4.947,3.908,4.474,2.527,6.525,3.684,3.884,5.555,2.799,5.087,4.940,1.193,4.588,2.609,4.736
TEM00190,stable_school_context,3.750,3.411,5.060,4.670,1.984,2.030,4.070,3.652,5.345,3.899,3.212,4.283,5.157,1.293,3.790,2.977,5.352
TEM00191,stable_school_context,2.940,4.564,4.287,3.910,3.387,3.535,6.223,4.844,6.043,5.329,3.818,4.731,5.069,2.766,4.627,3.731,4.424
TEM00192,stable_school_context,3.644,3.496,3.635,3.888,5.735,3.326,4.405,4.606,4.947,4.585,3.101,4.531,4.646,2.027,5.031,3.412,4.379
TEM00193,stable_school_context,3.158,3.545,4.562,3.648,4.304,3.424,3.624,5.228,5.430,4.067,2.628,4.357,4.341,1.617,4.583,3.474,4.443
TEM00194,stable_school_context,3.925,4.012,4.072,4.866,4.178,2.152,4.004,3.395,5.076,4.559,2.755,3.279,5.712,1.964,4.158,3.037,4.956
TEM00195,stable_school_context,4.290,3.251,4.289,4.524,4.193,1.868,5.993,4.861,5.493,5.219,2.484,4.774,5.434,1.762,4.852,3.025,5.202
TEM00196,stable_school_context,3.896,4.692,3.828,2.649,3.736,3.455,3.657,4.981,3.766,3.345,2.936,3.765,3.637,3.211,3.988,4.860,3.574
TEM00197,stable_school_context,2.431,4.054,4.423,3.998,2.858,3.000,3.183,3.075,5.254,3.685,3.988,4.593,4.289,1.920,3.739,3.205,4.427
TEM00198,stable_school_context,3.423,4.143,4.151,3.353,4.024,3.428,5.320,4.086,4.450,4.415,2.954,3.851,4.742,2.218,4.612,4.643,4.095
TEM00199,stable_school_context,2.581,4.733,5.994,4.617,3.855,2.340,4.941,3.552,4.464,4.768,3.447,5.220,4.868,2.147,4.526,3.256,4.899
TEM00200,stable_school_context,3.752,4.818,4.949,5.663,4.355,1.625,6.418,3.301,4.376,5.957,2.999,3.958,6.016,2.157,4.763,2.973,5.684
TEM00201,stable_school_context,4.243,5.351,3.820,5.367,5.911,2.875,4.570,3.333,5.247,5.662,3.652,3.855,5.188,2.543,4.609,3.808,5.283
TEM00202,stable_school_context,4.106,4.448,4.428,5.787,5.187,1.734,4.663,2.614,6.008,5.687,2.875,3.769,5.573,1.468,4.316,2.917,5.562
TEM00203,stable_school_context,3.072,4.325,6.394,4.897,6.143,2.675,4.278,5.215,4.623,5.076,2.248,5.545,5.500,1.533,5.162,2.556,4.834
TEM00204,stable_school_context,4.173,4.129,4.795,4.398,6.213,2.195,4.902,4.457,4.726,5.353,2.123,4.012,5.425,2.230,5.416,3.210,4.892
TEM00205,stable_school_context,3.624,4.636,5.925,4.884,4.633,2.323,4.106,4.699,4.298,5.413,2.895,4.342,5.273,2.098,4.573,3.164,5.263
TEM00206,stable_school_context,2.578,3.802,6.115,4.630,3.858,1.486,4.636,5.457,4.004,5.506,2.670,6.023,5.647,0.945,4.448,2.154,5.425
TEM00207,stable_school_context,3.545,4.582,5.127,4.389,3.940,3.042,5.058,3.644,5.547,5.035,3.800,3.246,4.949,2.246,4.263,3.232,4.684
TEM00208,stable_school_context,4.665,4.735,5.432,4.521,4.865,1.594,3.775,3.930,4.161,4.549,3.491,4.311,4.443,2.363,4.068,3.604,4.619
TEM00209,stable_school_context,3.930,5.064,5.277,6.466,5.387,3.790,4.371,3.209,4.637,6.021,3.335,3.776,5.717,1.902,4.527,3.986,5.346
TEM00210,stable_school_context,4.338,5.001,5.209,5.711,4.799,2.947,3.596,2.862,4.432,5.584,3.526,4.086,5.185,1.964,3.852,3.957,5.057
TEM00211,stable_school_context,4.144,3.546,4.887,5.320,5.015,2.506,3.666,2.717,4.874,5.787,2.778,4.106,5.039,2.103,4.460,3.206,4.660
TEM00212,stable_school_context,4.517,4.195,4.305,5.080,2.672,3.562,4.794,6.069,4.973,5.384,4.165,4.200,5.285,2.179,4.628,4.404,4.882
TEM00213,stable_school_context,4.136,5.557,5.657,6.289,3.360,3.680,5.229,5.112,3.960,5.895,2.825,5.625,5.386,2.359,4.054,4.034,5.371
TEM00214,stable_school_context,3.925,4.079,5.451,5.229,6.847,2.222,4.840,2.247,4.041,6.103,3.053,4.982,6.446,1.480,4.847,2.860,5.748
TEM00215,stable_school_context,4.921,4.208,4.941,5.376,3.945,3.198,4.471,3.651,3.922,5.257,3.918,3.990,5.072,2.592,4.013,3.401,4.475
TEM00216,stable_school_context,4.214,4.922,4.647,5.098,3.679,3.238,5.254,2.116,4.989,4.526,3.723,4.163,4.814,3.169,3.772,4.107,4.754
TEM00217,mixed_support_context,5.027,4.171,3.277,3.943,3.958,2.318,3.275,4.019,3.635,4.722,2.844,4.520,4.751,2.570,4.037,3.600,4.293
TEM00218,mixed_support_context,5.626,3.980,3.582,4.105,3.984,3.121,3.002,4.754,3.119,4.453,3.814,3.751,4.034,2.700,3.831,3.905,4.244
TEM00219,mixed_support_context,4.787,4.845,2.408,4.217,1.842,3.512,5.063,3.262,4.023,4.940,4.744,2.064,4.470,2.891,3.295,3.833,3.055
TEM00220,mixed_support_context,6.141,4.860,2.500,3.873,3.767,2.905,3.162,3.522,2.930,3.543,4.540,2.389,3.886,3.251,3.499,4.925,3.335
TEM00221,mixed_support_context,5.421,4.711,2.932,5.055,3.764,2.696,4.289,2.712,4.321,5.270,3.854,3.033,4.781,3.024,3.605,4.288,4.347
TEM00222,mixed_support_context,6.397,5.061,2.425,3.711,3.917,4.400,3.725,4.284,2.149,4.154,4.783,2.849,3.862,3.700,3.764,5.305,3.044
TEM00223,mixed_support_context,6.353,3.729,2.292,4.298,4.672,2.498,3.051,4.216,3.235,4.885,3.429,2.381,4.592,2.672,3.863,4.056,3.826
TEM00224,mixed_support_context,5.996,4.942,3.062,3.126,3.050,2.647,3.562,3.585,4.310,3.750,4.990,2.594,4.224,3.998,3.447,4.820,3.172
TEM00225,mixed_support_context,5.163,4.980,2.910,3.583,3.391,4.422,2.731,3.198,4.599,3.420,4.425,1.986,3.226,3.291,3.422,5.530,3.423
TEM00226,mixed_support_context,6.673,4.462,2.912,4.362,3.918,3.570,2.959,3.144,4.440,3.906,5.222,2.406,4.021,3.758,3.871,5.084,4.066
TEM00227,mixed_support_context,5.044,4.208,1.894,3.620,4.350,3.477,2.409,1.942,3.938,4.533,3.468,1.964,4.667,3.004,3.417,4.230,2.718
TEM00228,mixed_support_context,5.156,5.208,2.415,3.785,3.243,4.194,3.089,4.412,3.048,3.937,5.828,2.812,3.986,3.260,3.376,5.718,3.216
TEM00229,mixed_support_context,6.690,4.982,1.904,3.092,3.201,4.041,3.018,3.634,4.032,3.827,5.189,1.791,2.662,4.141,3.439,5.727,2.530
TEM00230,mixed_support_context,6.137,5.124,3.165,3.804,3.429,3.436,3.716,3.518,4.874,4.623,4.844,3.066,4.369,3.638,3.592,5.344,3.647
TEM00231,mixed_support_context,4.420,4.235,3.398,3.540,3.815,3.930,3.441,3.921,4.933,4.621,4.121,2.673,3.758,3.250,3.730,4.431,2.730
TEM00232,mixed_support_context,5.566,5.713,1.676,4.067,3.896,3.180,3.445,3.511,4.822,4.487,4.944,2.063,4.050,3.562,3.829,4.912,3.498
TEM00233,mixed_support_context,4.167,4.398,2.949,3.190,3.416,4.198,3.701,4.459,3.971,3.519,3.928,3.511,3.510,2.549,3.624,4.024,3.302
TEM00234,mixed_support_context,7.000,3.876,2.745,3.472,4.613,3.625,3.061,3.195,3.405,3.814,5.278,1.634,3.744,3.380,3.498,5.264,3.443
TEM00235,mixed_support_context,5.435,5.493,3.527,2.469,3.858,3.161,2.632,3.583,4.196,3.527,4.705,3.459,3.781,4.135,3.602,5.123,2.925
TEM00236,mixed_support_context,5.239,5.401,3.081,2.686,2.441,3.738,4.440,3.636,2.225,2.799,4.160,2.839,2.706,3.885,2.747,5.570,2.849
TEM00237,mixed_support_context,4.916,6.499,2.837,2.732,3.125,2.555,2.764,3.520,4.142,3.477,4.835,2.442,3.577,3.881,3.224,5.800,3.424
TEM00238,mixed_support_context,4.407,6.853,3.376,2.946,3.783,2.472,3.347,3.373,2.608,3.302,4.945,3.364,3.381,3.600,3.396,5.289,3.256
TEM00239,mixed_support_context,4.182,5.464,3.993,1.842,3.099,2.889,3.776,4.318,3.032,3.509,3.819,3.090,2.827,3.673,3.737,5.321,3.343
TEM00240,mixed_support_context,4.765,6.817,3.357,3.151,4.154,3.324,4.094,4.185,3.767,4.592,5.493,3.563,3.909,4.419,4.140,5.825,3.154
TEM00241,mixed_support_context,4.905,6.647,3.028,2.918,4.459,3.290,3.145,3.108,2.403,3.211,5.421,2.544,3.001,3.832,3.378,5.657,3.044
TEM00242,mixed_support_context,4.935,5.237,3.866,2.563,3.645,3.789,2.626,4.949,5.023,3.245,5.637,3.009,3.217,3.289,3.873,5.681,3.610
TEM00243,mixed_support_context,5.437,6.747,3.803,3.112,3.669,2.898,2.857,3.041,3.386,4.192,5.183,3.165,3.176,4.263,3.119,5.372,3.374
TEM00244,mixed_support_context,4.571,6.417,4.375,2.596,2.616,3.424,3.916,3.904,3.758,3.773,6.218,4.025,2.561,4.223,3.411,5.467,3.135
TEM00245,mixed_support_context,4.431,5.528,4.185,2.992,3.613,3.211,4.277,3.227,4.555,4.500,4.382,3.706,4.378,3.782,3.858,4.636,4.189
TEM00246,mixed_support_context,4.639,6.326,2.793,2.499,2.808,3.614,4.615,1.357,4.317,3.846,5.630,2.809,2.534,3.871,3.481,5.716,2.690
TEM00247,mixed_support_context,3.991,6.090,3.200,4.009,3.222,2.967,5.114,3.333,4.236,4.851,5.691,3.189,4.148,2.927,3.975,5.318,3.715
TEM00248,mixed_support_context,4.776,5.089,2.809,2.588,3.161,1.638,3.656,3.808,3.073,3.868,4.335,3.110,3.028,2.759,3.493,5.071,3.202
TEM00249,mixed_support_context,4.396,5.615,2.498,2.354,3.637,4.170,2.327,5.111,3.239,2.797,4.925,2.341,3.155,4.393,3.668,5.327,2.453
TEM00250,mixed_support_context,5.456,6.224,2.813,3.317,2.773,3.646,2.349,3.384,3.944,3.790,5.537,2.893,2.942,4.235,3.192,5.664,3.145
TEM00251,mixed_support_context,5.782,5.026,3.097,1.947,2.434,3.395,3.559,2.764,4.354,3.452,4.825,2.274,2.023,4.045,3.444,5.658,2.410
TEM00252,mixed_support_context,4.903,4.784,3.353,4.264,4.002,2.475,2.934,3.358,3.453,4.268,4.466,2.340,3.886,2.604,3.542,4.210,3.759
TEM00253,mixed_support_context,3.086,3.011,6.199,4.355,3.226,4.071,3.761,2.621,3.346,5.139,3.031,3.992,4.766,1.690,2.923,3.643,4.011
TEM00254,mixed_support_context,3.346,3.212,5.498,4.247,2.728,2.881,4.029,4.275,4.418,4.285,3.153,5.328,4.264,1.433,3.835,3.091,4.844
TEM00255,mixed_support_context,2.548,2.999,5.148,4.572,2.298,3.419,2.864,2.802,3.992,4.519,3.775,3.777,4.272,1.188,3.270,2.955,4.174
TEM00256,mixed_support_context,3.348,4.127,4.977,3.158,2.509,3.441,2.743,2.577,2.832,3.192,4.065,3.789,2.507,2.590,2.602,3.979,2.790
TEM00257,mixed_support_context,2.808,2.015,5.196,4.211,3.707,3.746,3.954,4.419,3.636,4.419,2.992,5.084,5.846,0.713,3.778,2.798,4.269
TEM00258,mixed_support_context,1.385,1.587,5.934,3.808,3.329,3.878,2.250,2.754,4.442,3.542,1.387,4.043,4.234,0.632,3.533,2.240,4.624
TEM00259,mixed_support_context,2.750,3.506,6.392,3.149,4.801,3.703,4.201,3.492,2.537,3.944,2.744,5.115,3.890,1.758,4.002,3.205,4.203
TEM00260,mixed_support_context,3.325,2.901,5.577,3.899,2.512,3.176,3.628,4.881,4.474,3.444,2.673,4.455,4.660,1.912,3.463,3.174,4.232
TEM00261,mixed_support_context,1.992,3.752,5.835,4.256,2.306,4.666,2.755,3.449,2.485,3.998,2.988,3.767,3.533,1.786,2.653,3.701,3.703
TEM00262,mixed_support_context,3.043,3.116,5.970,4.401,3.783,3.272,4.513,5.136,3.267,4.548,2.208,4.478,4.507,1.167,4.184,2.593,4.527
TEM00263,mixed_support_context,2.068,3.827,5.980,3.232,3.770,3.495,3.674,3.582,3.390,3.793,2.339,4.562,3.271,2.108,3.581,3.477,3.879
TEM00264,mixed_support_context,2.900,3.998,5.369,3.334,2.544,3.309,4.299,3.523,4.320,4.411,4.336,4.244,3.662,1.958,3.429,3.505,3.756
TEM00265,mixed_support_context,2.654,2.888,6.499,5.499,3.715,2.975,3.815,3.565,4.128,4.938,2.682,5.128,5.348,0.723,3.723,2.840,5.067
TEM00266,mixed_support_context,3.493,2.830,4.255,4.298,3.847,3.104,3.269,4.189,3.986,4.896,3.040,4.828,4.157,1.569,4.055,2.875,4.540
TEM00267,mixed_support_context,3.427,3.601,4.959,3.256,1.197,4.724,4.524,1.606,3.563,2.804,4.375,3.720,3.782,2.025,2.791,4.393,3.411
TEM00268,mixed_support_context,1.988,2.675,6.388,3.499,2.468,2.374,3.087,5.050,2.703,3.064,2.680,5.553,3.787,1.099,2.889,2.520,4.258
TEM00269,mixed_support_context,2.719,2.754,5.530,4.101,3.456,2.276,3.786,3.812,3.168,4.626,2.230,4.399,5.121,1.390,3.533,2.650,3.925
TEM00270,mixed_support_context,4.063,3.803,5.156,5.600,2.896,2.562,4.170,3.400,5.521,5.351,3.221,4.150,5.154,1.883,3.792,3.650,5.135
TEM00271,mixed_support_context,4.057,3.402,3.366,5.331,3.912,3.844,2.148,2.337,3.437,3.891,3.139,2.015,4.257,1.689,3.043,3.940,3.796
TEM00272,mixed_support_context,3.751,3.149,4.409,5.699,2.534,4.433,3.672,1.853,4.171,5.567,3.477,3.555,4.869,1.680,3.188,3.013,4.505
TEM00273,mixed_support_context,3.790,3.483,3.926,5.778,2.992,3.831,3.463,3.888,4.078,5.600,2.830,3.234,4.892,1.553,3.600,3.101,4.440
TEM00274,mixed_support_context,4.113,1.887,3.946,5.563,3.246,4.340,3.994,2.767,3.581,4.731,3.103,2.756,5.534,1.030,3.354,2.926,4.420
TEM00275,mixed_support_context,4.090,2.827,4.351,5.156,4.014,3.579,5.103,3.539,3.408,5.735,2.847,4.826,5.485,1.525,3.880,2.984,4.279
TEM00276,mixed_support_context,2.894,1.000,3.450,5.270,4.356,1.640,4.205,2.897,3.915,5.285,1.421,4.169,6.328,0.140,4.152,1.412,5.085
TEM00277,mixed_support_context,3.225,3.410,3.300,5.025,3.794,2.514,4.788,2.808,3.659,5.456,3.318,2.979,5.170,1.266,4.501,2.588,4.958
TEM00278,mixed_support_context,3.307,2.395,3.950,5.272,3.601,4.631,3.111,5.448,3.984,4.503,1.782,3.848,5.189,1.035,3.683,3.020,4.668
TEM00279,mixed_support_context,3.310,2.278,3.677,5.862,3.031,4.666,3.355,2.830,5.543,5.146,2.636,3.133,5.710,0.835,3.607,2.715,4.006
TEM00280,mixed_support_context,2.799,2.582,3.892,6.002,3.702,2.632,2.284,3.715,2.909,5.269,1.609,3.546,5.186,0.815,3.446,2.356,4.708
TEM00281,mixed_support_context,2.799,2.314,4.214,6.477,3.289,2.592,2.886,4.614,2.530,5.874,1.642,4.419,5.717,0.264,3.323,1.541,5.466
TEM00282,mixed_support_context,2.259,2.933,4.783,5.734,3.113,1.828,3.712,3.301,4.129,5.247,2.496,4.374,5.232,0.080,3.923,0.995,5.338
TEM00283,mixed_support_context,3.048,3.339,3.738,5.827,3.820,2.991,2.799,5.070,2.362,5.313,3.036,4.758,5.319,1.280,3.786,2.576,4.425
TEM00284,mixed_support_context,3.917,2.938,4.726,6.575,3.822,2.423,3.811,2.967,4.180,5.468,3.584,3.185,5.817,0.961,3.332,2.120,5.176
TEM00285,mixed_support_context,1.000,2.568,3.797,4.880,3.958,2.746,2.375,2.363,3.881,4.963,1.298,3.768,3.804,0.144,3.431,2.246,4.091
TEM00286,mixed_support_context,2.937,2.642,4.781,5.459,1.999,2.156,2.352,4.229,4.553,5.066,2.561,3.932,4.255,1.155,3.199,2.781,4.724
TEM00287,mixed_support_context,3.024,1.873,3.468,5.527,4.299,4.018,5.001,1.466,2.780,5.291,2.091,3.547,5.368,0.631,3.719,2.263,4.890
TEM00288,mixed_support_context,3.509,2.938,3.652,5.409,3.468,2.378,3.726,3.806,3.295,5.562,2.884,3.569,5.285,1.338,3.402,2.644,4.416
TEM00289,mixed_support_context,4.017,3.436,3.120,5.053,3.949,3.016,4.404,2.304,3.283,5.163,3.736,2.907,4.929,1.521,3.485,3.248,4.207
TEM00290,mixed_support_context,4.134,5.183,4.736,3.447,2.561,4.007,3.804,3.320,3.509,3.633,3.800,4.736,3.730,3.167,3.120,4.280,3.528
TEM00291,mixed_support_context,4.289,2.511,3.635,4.312,3.517,2.254,3.431,3.876,2.891,3.969,2.355,2.234,5.005,1.405,3.511,3.487,4.388
TEM00292,mixed_support_context,4.302,3.561,4.353,4.880,2.472,1.767,2.499,2.951,3.748,4.616,2.977,4.157,4.349,1.555,3.180,3.076,4.305
TEM00293,mixed_support_context,3.289,3.744,4.816,4.615,4.004,3.521,5.099,4.971,4.259,4.936,3.366,4.275,5.472,2.172,4.507,2.975,4.632
TEM00294,mixed_support_context,5.216,4.701,4.095,4.799,3.740,2.741,4.801,4.044,4.380,5.136,3.747,3.785,4.523,2.944,4.166,4.037,4.469
TEM00295,mixed_support_context,5.016,3.277,4.375,5.045,2.994,3.022,3.256,3.106,3.681,5.098,3.915,3.935,5.274,1.739,3.000,3.969,4.989
TEM00296,mixed_support_context,3.393,4.141,4.664,3.564,2.367,3.035,2.499,4.908,4.984,3.273,3.398,4.366,3.469,1.991,3.298,4.178,4.015
TEM00297,mixed_support_context,3.533,3.832,3.475,5.269,3.727,3.336,3.947,4.261,4.559,4.785,3.256,3.049,5.136,1.511,4.261,3.371,4.236
TEM00298,mixed_support_context,2.890,5.117,4.083,3.338,3.331,3.918,3.280,3.487,3.928,3.942,4.152,3.592,3.884,2.635,3.515,4.774,3.361
TEM00299,mixed_support_context,3.921,4.656,3.287,3.992,4.988,2.243,3.141,2.487,2.454,4.535,2.993,2.963,3.799,2.714,3.881,3.519,4.370
TEM00300,mixed_support_context,3.827,4.252,3.885,4.017,3.385,4.390,3.781,4.703,3.752,4.481,4.277,4.195,3.889,2.611,3.666,4.381,4.036
TEM00301,mixed_support_context,4.454,4.483,3.466,3.784,2.859,3.276,2.773,3.205,3.236,4.255,4.039,2.940,3.910,2.420,2.827,4.541,3.146
TEM00302,mixed_support_context,3.384,2.086,4.355,4.071,3.794,2.403,4.348,2.444,3.698,5.215,2.701,3.508,4.671,0.905,3.917,2.417,4.699
TEM00303,mixed_support_context,3.984,5.032,3.876,4.508,2.830,5.014,4.350,2.235,4.394,3.970,4.770,2.424,4.454,2.672,3.586,4.405,3.460
TEM00304,mixed_support_context,4.268,4.612,3.937,4.905,3.985,2.970,2.778,4.283,4.734,5.736,2.897,2.346,4.733,2.363,4.321,3.876,4.626
TEM00305,mixed_support_context,3.924,4.859,4.577,3.303,2.878,2.684,3.811,5.349,2.456,4.399,3.840,3.377,3.725,2.772,3.700,3.795,3.203
TEM00306,mixed_support_context,3.594,3.893,3.463,3.679,4.305,2.846,3.411,1.778,4.273,4.704,2.896,2.454,4.320,1.704,3.611,3.589,3.931
TEM00307,mixed_support_context,4.576,4.090,3.490,4.941,3.423,2.026,3.994,2.814,3.420,5.518,4.193,3.207,5.268,1.735,3.954,3.293,4.534
TEM00308,mixed_support_context,3.969,5.331,5.278,5.400,2.982,4.664,3.553,3.123,3.376,4.545,4.388,3.637,4.388,2.564,3.320,4.694,4.217
TEM00309,mixed_support_context,5.644,4.370,3.856,5.320,2.100,4.393,4.405,3.197,2.445,4.625,4.956,3.449,4.038,2.645,3.085,4.939,4.371
TEM00310,mixed_support_context,3.828,4.727,4.642,5.149,2.550,3.146,3.980,2.267,3.840,4.985,4.047,3.127,5.210,1.846,3.292,3.537,5.052
TEM00311,mixed_support_context,4.962,5.099,4.165,5.030,4.239,4.092,2.984,3.441,1.188,4.505,4.540,2.446,3.499,2.686,2.996,4.730,3.929
TEM00312,mixed_support_context,4.308,5.445,5.414,4.977,5.378,3.764,2.344,3.447,3.468,4.953,4.708,4.428,4.537,2.752,4.015,4.868,4.929
TEM00313,mixed_support_context,4.527,2.777,4.631,5.048,3.174,2.604,2.912,4.118,6.030,4.969,2.428,4.237,5.716,1.541,4.510,2.292,4.841
TEM00314,mixed_support_context,3.756,5.667,5.977,4.149,4.568,4.197,4.066,2.875,2.924,3.893,3.891,4.377,4.414,3.297,4.262,4.773,4.595
TEM00315,mixed_support_context,4.882,5.065,3.945,5.437,3.245,2.507,3.930,4.014,2.514,5.082,4.605,3.580,4.569,1.739,3.563,3.318,4.531
TEM00316,mixed_support_context,4.539,4.364,5.182,5.162,3.539,3.767,3.447,1.651,3.444,4.394,4.552,2.894,4.143,2.957,3.386,3.796,4.199
TEM00317,mixed_support_context,5.149,4.874,4.595,4.427,3.710,3.270,3.901,3.146,3.554,4.570,4.199,3.625,4.243,3.565,3.807,4.651,4.288
TEM00318,mixed_support_context,4.151,3.651,4.740,4.643,3.049,3.119,2.855,3.871,5.535,4.666,3.198,3.730,5.133,2.093,3.881,3.552,4.512
TEM00319,mixed_support_context,3.888,4.258,5.883,4.579,3.958,3.038,2.368,3.704,1.752,4.854,3.562,4.403,3.744,2.335,2.913,3.719,4.799
TEM00320,mixed_support_context,3.578,5.070,6.073,4.956,3.171,1.115,3.483,3.873,4.355,4.695,3.669,4.676,4.668,2.200,4.006,3.100,5.610
TEM00321,mixed_support_context,5.008,5.350,4.757,4.733,2.824,4.508,3.573,3.499,3.853,4.091,4.659,3.530,4.482,2.985,3.423,4.872,3.733
TEM00322,mixed_support_context,3.924,4.568,6.418,5.380,3.062,3.250,3.085,3.639,3.806,4.881,3.614,4.446,4.299,2.365,3.598,4.351,5.068
TEM00323,mixed_support_context,2.965,5.247,4.880,4.311,2.727,4.440,3.927,3.745,4.119,4.540,3.758,3.572,4.179,2.415,3.426,4.515,3.781
TEM00324,mixed_support_context,5.116,3.165,5.662,4.511,4.293,4.090,3.442,2.716,1.000,4.865,3.323,4.623,4.399,2.379,2.978,4.111,4.006
TEM00325,family_stress_context,6.936,4.535,2.826,3.356,3.013,4.065,1.943,2.940,2.804,3.664,4.970,1.687,3.741,3.990,2.742,5.535,2.587
TEM00326,family_stress_context,5.422,4.368,2.901,3.061,3.295,4.821,1.967,2.673,2.581,4.017,4.193,2.429,3.752,3.653,2.854,5.928,2.360
TEM00327,family_stress_context,5.131,5.977,3.013,3.446,3.799,4.259,2.601,2.497,4.725,3.443,4.843,1.903,3.945,3.718,3.484,5.839,3.067
TEM00328,family_stress_context,6.266,5.965,2.201,3.049,2.281,6.152,2.382,2.608,3.444,3.258,6.099,1.592,2.335,4.443,2.374,7.569,1.785
TEM00329,family_stress_context,6.161,4.346,3.650,4.396,3.252,3.664,3.516,2.318,3.337,4.231,4.729,2.170,4.375,3.147,3.285,4.789,3.476
TEM00330,family_stress_context,5.614,4.806,2.271,4.459,2.844,1.518,3.254,3.134,2.259,3.844,4.417,2.926,4.496,3.025,3.121,3.400,4.040
TEM00331,family_stress_context,5.402,4.311,2.407,3.698,2.855,3.805,3.650,4.576,3.274,3.672,4.362,2.513,3.224,3.254,2.979,4.826,2.849
TEM00332,family_stress_context,6.953,3.400,2.843,3.218,2.986,3.567,2.007,3.715,3.973,3.656,5.141,1.089,3.927,3.645,3.345,5.337,2.910
TEM00333,family_stress_context,5.888,5.869,1.538,2.211,3.071,4.860,3.279,3.742,3.609,2.797,5.105,1.673,2.663,4.143,3.345,6.412,2.078
TEM00334,family_stress_context,5.871,3.752,3.367,4.479,3.223,4.055,3.877,1.672,4.244,4.340,4.426,2.031,4.642,2.951,3.484,4.368,4.448
TEM00335,family_stress_context,3.987,6.137,2.114,4.139,1.933,5.994,3.630,3.748,4.748,3.803,5.833,2.319,4.019,3.339,3.260,5.421,3.092
TEM00336,family_stress_context,4.963,5.672,1.954,3.983,2.613,4.595,1.983,3.563,3.745,2.945,5.817,1.638,3.864,3.650,2.873,5.729,2.728
TEM00337,family_stress_context,6.837,4.877,3.466,3.789,2.719,4.672,3.027,2.649,1.830,2.762,5.401,2.512,3.890,4.280,2.435,6.727,3.428
TEM00338,family_stress_context,7.000,6.113,2.568,2.531,2.533,3.870,3.543,1.811,3.189,3.364,6.604,1.450,2.730,4.981,3.245,6.913,2.409
TEM00339,family_stress_context,6.108,4.858,2.491,2.857,2.777,4.891,3.114,3.361,2.742,3.350,5.501,1.484,2.392,4.140,3.031,5.945,2.788
TEM00340,family_stress_context,5.963,4.561,3.146,3.680,3.776,5.722,2.773,1.000,3.461,3.577,5.509,2.278,3.506,3.816,2.611,5.736,2.816
TEM00341,family_stress_context,5.453,4.658,1.907,4.041,3.749,4.336,4.358,4.232,3.551,4.363,5.177,2.122,3.619,3.422,3.767,5.444,3.300
TEM00342,family_stress_context,5.766,6.641,3.231,1.530,1.272,5.589,2.655,2.290,2.474,1.678,6.490,1.630,1.324,5.278,2.143,7.505,1.763
TEM00343,family_stress_context,5.171,6.477,3.574,2.019,2.650,5.741,3.581,2.765,2.123,2.178,5.953,1.000,2.968,4.457,2.583,6.958,2.680
TEM00344,family_stress_context,4.957,6.829,2.646,4.062,3.314,5.365,1.770,2.596,4.314,4.082,5.858,2.581,4.012,4.211,2.845,6.033,3.602
TEM00345,family_stress_context,4.702,6.789,2.775,2.741,4.155,3.530,2.618,3.980,4.927,3.401,5.498,2.371,2.874,4.691,3.860,5.526,2.956
TEM00346,family_stress_context,5.361,7.000,4.299,2.402,3.277,5.409,2.159,3.465,3.027,3.454,6.556,2.544,2.083,4.661,3.166,6.377,2.905
TEM00347,family_stress_context,4.558,6.603,3.175,2.757,2.804,5.269,1.652,2.682,2.799,2.969,5.886,1.488,2.430,4.201,2.337,6.467,2.221
TEM00348,family_stress_context,5.196,5.836,2.509,4.136,3.884,3.558,3.517,3.998,2.927,5.172,4.629,2.227,3.379,3.829,3.377,5.026,2.951
TEM00349,family_stress_context,5.417,6.395,3.313,1.877,3.280,3.978,2.387,2.653,2.578,2.895,6.079,2.303,2.675,4.270,2.616,6.657,2.515
TEM00350,family_stress_context,5.186,5.024,3.737,1.778,1.993,3.632,2.870,3.218,3.513,2.853,5.384,3.171,2.247,4.242,2.473,5.615,2.414
TEM00351,family_stress_context,4.165,6.252,4.373,1.983,3.018,5.368,4.120,3.793,3.082,2.933,6.278,3.542,2.342,4.505,3.604,6.182,2.851
TEM00352,family_stress_context,4.956,5.812,2.695,2.508,4.006,4.248,3.538,2.314,2.819,2.808,5.465,3.204,3.137,4.088,3.133,5.549,3.009
TEM00353,family_stress_context,4.815,5.561,3.817,2.102,1.513,4.408,1.891,1.648,2.314,2.722,6.087,3.047,2.059,3.996,1.852,5.689,2.445
TEM00354,family_stress_context,5.137,4.178,2.751,1.943,2.619,4.511,3.577,3.941,2.639,3.569,5.642,2.297,2.840,3.740,3.534,5.278,2.417
TEM00355,family_stress_context,3.717,6.094,4.241,1.762,1.688,4.497,3.131,2.920,2.166,3.093,5.356,2.603,1.344,3.809,2.520,5.607,2.047
TEM00356,family_stress_context,5.361,6.441,3.455,3.274,4.406,5.490,1.513,2.205,4.783,3.727,5.386,2.036,3.344,4.147,2.766,6.609,2.869
TEM00357,family_stress_context,5.133,6.561,2.841,2.255,2.671,4.281,2.797,3.564,2.753,2.382,6.360,2.759,2.088,4.593,3.045,6.559,2.147
TEM00358,family_stress_context,4.040,5.470,3.270,2.118,3.002,4.647,2.189,1.805,2.743,3.068,4.435,3.319,2.588,3.729,2.628,5.999,2.181
TEM00359,family_stress_context,4.405,6.276,1.958,1.937,3.221,4.631,2.772,3.310,3.838,2.744,5.205,1.580,2.496,4.210,3.047,6.984,2.281
TEM00360,family_stress_context,5.093,6.120,3.932,1.273,1.964,4.080,2.659,2.588,3.247,2.283,5.997,2.449,1.750,4.627,2.537,6.286,1.761
TEM00361,family_stress_context,2.505,3.219,5.965,4.616,3.266,4.568,4.733,3.771,2.270,4.985,3.057,4.675,4.498,1.256,3.507,3.925,4.395
TEM00362,family_stress_context,2.473,3.648,5.801,5.445,2.888,4.170,2.762,2.882,3.223,4.490,3.517,4.268,4.943,1.337,3.386,3.147,4.935
TEM00363,family_stress_context,2.713,3.538,5.477,3.574,2.718,4.406,2.944,3.729,2.760,4.201,2.870,4.049,3.036,2.044,2.868,4.633,2.824
TEM00364,family_stress_context,3.201,4.287,6.350,4.824,3.512,4.623,4.819,1.478,2.048,3.828,3.796,4.155,4.175,2.175,3.064,4.032,4.289
TEM00365,family_stress_context,3.244,3.758,5.804,4.389,3.370,4.800,2.033,1.153,3.067,3.856,4.240,2.366,4.036,2.283,2.235,4.111,3.566
TEM00366,family_stress_context,3.536,3.206,5.383,3.691,2.057,4.930,2.832,2.096,2.421,3.942,3.955,3.201,3.041,2.269,2.193,4.136,2.896
TEM00367,family_stress_context,4.416,2.570,5.186,4.694,3.284,5.652,3.601,2.355,3.711,4.463,3.599,2.828,4.080,2.054,3.023,4.617,3.636
TEM00368,family_stress_context,2.437,4.455,5.269,3.530,3.062,4.861,4.106,4.061,3.257,3.187,3.671,4.713,2.938,2.279,3.321,4.322,3.973
TEM00369,family_stress_context,4.135,2.917,6.421,4.854,2.350,4.935,2.932,4.147,2.781,4.666,4.023,3.872,4.559,2.233,2.580,3.815,3.600
TEM00370,family_stress_context,3.457,4.601,5.331,3.905,2.453,6.492,2.688,1.324,3.426,3.413,4.548,2.897,3.290,3.109,2.137,5.530,2.993
TEM00371,family_stress_context,2.876,2.655,6.039,4.645,2.475,4.902,1.964,2.652,4.146,3.440,3.282,3.881,4.431,1.456,2.865,3.716,4.281
TEM00372,family_stress_context,1.056,3.205,5.955,4.085,2.184,4.060,3.686,3.196,4.041,4.278,2.772,4.564,3.464,0.712,3.348,2.899,4.507
TEM00373,family_stress_context,2.708,2.689,5.468,3.767,2.107,4.612,2.930,2.799,3.860,3.814,3.017,3.448,3.161,1.364,2.664,4.156,3.516
TEM00374,family_stress_context,2.479,4.076,5.192,4.126,2.652,5.226,3.038,3.694,3.735,3.544,4.117,4.590,3.664,2.335,3.151,4.073,3.468
TEM00375,family_stress_context,2.683,3.000,6.067,5.124,2.757,3.682,2.086,3.388,3.101,4.593,2.488,4.588,4.215,1.209,3.127,2.833,4.993
TEM00376,family_stress_context,1.985,4.102,4.822,3.788,2.867,4.549,3.130,2.337,4.023,4.209,4.806,4.129,3.403,1.310,3.194,3.661,3.698
TEM00377,family_stress_context,3.462,4.058,5.656,3.978,4.069,6.865,2.069,2.048,1.634,2.912,4.279,3.122,3.409,2.423,2.831,4.904,3.258
TEM00378,family_stress_context,3.028,3.342,6.562,3.688,1.914,5.100,4.079,3.023,4.160,3.697,3.463,4.157,3.627,1.489,3.115,4.134,3.412
TEM00379,family_stress_context,3.246,3.407,3.465,5.723,1.465,4.648,3.615,1.470,2.434,4.533,4.110,2.234,4.721,1.218,2.021,4.161,3.741
TEM00380,family_stress_context,3.374,2.631,4.945,6.194,3.963,3.156,4.043,4.986,4.799,5.379,1.331,4.560,6.001,0.821,4.318,2.147,5.707
TEM00381,family_stress_context,3.972,4.059,4.084,4.607,1.268,3.780,3.085,2.285,1.968,4.665,4.817,2.808,3.324,2.278,2.016,4.372,3.614
TEM00382,family_stress_context,2.969,2.686,4.565,4.154,3.672,4.981,3.063,2.450,2.145,3.544,2.574,3.199,4.514,1.162,3.208,3.460,3.931
TEM00383,family_stress_context,2.838,3.953,4.509,5.281,2.437,3.699,2.920,3.806,3.389,4.729,3.343,3.626,3.964,1.449,3.044,3.316,3.974
TEM00384,family_stress_context,3.158,2.697,4.534,5.722,2.830,4.149,1.735,3.987,3.211,4.341,2.905,4.118,4.845,0.854,2.727,2.907,4.064
TEM00385,family_stress_context,3.876,4.238,2.582,5.340,1.964,5.068,3.496,3.782,4.271,4.297,3.885,2.654,4.513,1.940,3.337,4.806,3.338
TEM00386,family_stress_context,2.461,2.674,3.492,5.467,2.375,3.145,3.881,2.510,2.855,5.951,2.665,3.082,4.423,1.031,2.806,2.369,4.412
TEM00387,family_stress_context,4.403,3.981,2.904,4.310,1.999,5.442,3.594,3.213,3.806,3.632,4.007,1.944,3.806,2.489,2.693,5.030,3.196
TEM00388,family_stress_context,3.567,4.427,5.144,6.278,3.283,5.457,1.000,2.654,2.390,4.831,3.582,2.999,4.033,1.920,2.218,4.737,3.965
TEM00389,family_stress_context,2.619,3.125,3.160,6.109,2.763,5.135,3.464,2.610,3.784,5.016,3.005,2.772,5.334,0.851,3.052,3.169,4.769
TEM00390,family_stress_context,3.434,2.968,2.858,6.095,2.974,3.423,2.418,2.679,3.551,4.770,3.312,1.934,5.227,1.207,3.192,3.078,4.177
TEM00391,family_stress_context,4.410,3.661,3.009,4.112,2.058,5.097,2.748,2.690,4.301,3.963,4.185,2.210,3.963,2.525,2.814,4.920,3.428
TEM00392,family_stress_context,3.811,3.483,4.016,5.399,3.491,5.302,4.256,2.364,3.384,4.965,3.817,3.160,4.733,1.832,3.064,3.246,3.992
TEM00393,family_stress_context,2.618,2.453,4.667,6.250,3.607,4.964,3.818,3.077,2.282,4.307,2.173,3.460,4.862,0.559,3.019,2.934,4.367
TEM00394,family_stress_context,2.986,2.535,3.524,5.354,1.651,3.522,3.359,2.998,3.107,4.209,3.493,2.463,3.990,0.910,2.755,2.776,3.768
TEM00395,family_stress_context,2.341,2.077,3.605,6.405,3.322,5.014,2.594,3.115,4.223,4.776,1.944,3.036,5.014,0.229,3.073,2.772,4.451
TEM00396,family_stress_context,2.573,2.580,3.392,6.185,2.112,4.274,3.080,2.841,2.882,4.328,2.864,3.633,5.130,0.881,2.712,3.003,4.379
TEM00397,family_stress_context,2.534,4.438,3.370,4.462,3.692,4.368,3.642,3.238,2.182,4.349,3.361,3.936,3.227,1.942,3.287,3.606,4.020
TEM00398,family_stress_context,4.676,3.235,3.703,4.704,2.394,4.660,3.555,3.244,2.020,3.544,4.090,2.963,4.466,2.059,2.931,4.061,3.976
TEM00399,family_stress_context,4.886,3.769,2.816,4.006,1.888,3.292,2.224,4.509,2.249,3.409,3.546,3.410,4.362,2.449,2.753,4.283,3.927
TEM00400,family_stress_context,3.360,4.179,4.096,4.289,3.886,4.406,3.290,2.176,2.284,3.784,3.873,3.568,4.205,2.323,2.929,4.071,3.435
TEM00401,family_stress_context,3.915,3.501,4.856,4.098,2.900,5.222,3.882,4.346,3.319,3.610,3.791,4.354,4.082,2.249,3.609,4.495,3.920
TEM00402,family_stress_context,3.809,4.140,3.209,4.258,4.355,4.888,4.009,3.270,3.722,4.918,4.837,3.211,4.386,2.406,3.795,4.244,4.074
TEM00403,family_stress_context,4.496,4.262,4.775,4.770,3.372,3.952,4.176,1.850,2.587,4.731,3.823,2.924,4.479,1.843,3.034,4.282,3.916
TEM00404,family_stress_context,4.646,4.040,3.135,3.889,3.311,3.758,3.455,3.456,3.251,4.128,4.427,2.762,4.741,2.921,3.397,4.517,3.281
TEM00405,family_stress_context,3.586,4.764,2.803,3.964,2.762,5.124,3.038,3.930,1.867,3.461,4.038,3.123,2.200,2.796,2.745,5.075,2.689
TEM00406,family_stress_context,4.029,4.949,3.958,2.806,3.096,4.446,3.887,2.866,2.474,3.712,4.964,2.805,3.166,3.490,2.763,5.583,2.757
TEM00407,family_stress_context,6.022,5.573,4.954,2.156,3.066,5.476,3.646,4.930,2.217,2.581,5.930,3.280,2.636,4.751,3.445,7.259,2.655
TEM00408,family_stress_context,3.120,5.245,4.014,3.167,2.728,4.850,2.852,2.732,2.890,3.000,5.299,3.612,3.418,3.015,2.649,4.435,2.833
TEM00409,family_stress_context,5.362,3.227,3.784,4.513,2.425,4.903,2.844,1.406,3.598,4.378,5.016,1.443,3.527,2.102,2.478,4.726,3.484
TEM00410,family_stress_context,3.663,4.964,3.379,4.575,4.422,3.782,4.585,1.459,2.676,4.558,4.314,3.977,3.786,2.846,3.326,4.085,3.579
TEM00411,family_stress_context,4.206,6.111,3.398,4.401,3.607,6.264,2.417,3.370,2.213,3.476,5.670,2.193,2.578,3.226,3.068,5.759,2.946
TEM00412,family_stress_context,3.483,3.654,4.399,4.775,2.944,4.440,4.869,3.147,3.670,4.196,3.441,3.532,5.095,1.547,3.565,3.787,4.116
TEM00413,family_stress_context,5.228,3.370,3.596,4.867,2.798,3.385,3.930,3.821,4.236,4.850,3.520,3.307,3.740,2.348,3.411,4.015,3.943
TEM00414,family_stress_context,2.331,4.376,4.264,3.407,2.964,3.677,3.075,4.966,3.499,4.024,3.143,3.769,4.245,1.763,3.574,3.870,3.483
TEM00415,family_stress_context,4.021,4.264,5.225,5.599,4.545,4.312,3.166,2.896,3.938,4.809,3.724,4.044,4.676,2.055,3.574,3.814,4.742
TEM00416,family_stress_context,5.928,4.266,5.930,5.094,2.441,3.243,1.350,1.613,3.231,4.317,4.852,2.347,3.110,2.759,2.208,4.585,4.213
TEM00417,family_stress_context,3.521,5.148,4.558,4.268,2.165,4.369,1.873,2.813,2.991,3.111,4.546,3.105,3.769,2.901,2.228,4.839,2.933
TEM00418,family_stress_context,4.698,6.118,4.836,5.188,2.843,4.086,3.234,2.510,2.672,4.287,4.891,3.648,4.281,3.270,2.798,5.099,3.422
TEM00419,family_stress_context,3.850,4.941,5.387,4.478,2.565,5.501,4.133,3.814,3.708,3.819,4.551,4.279,3.064,2.656,3.277,5.392,3.748
TEM00420,family_stress_context,5.257,5.224,4.422,4.169,3.035,3.310,3.463,3.388,3.120,4.123,4.881,2.669,4.635,3.066,3.072,5.087,3.823
TEM00421,family_stress_context,3.417,4.188,3.634,4.738,3.313,4.502,3.509,1.563,2.880,4.249,4.090,1.259,4.077,1.782,3.305,4.342,4.142
TEM00422,family_stress_context,4.818,4.706,5.371,3.857,1.675,4.063,3.316,3.078,1.181,2.669,5.421,3.866,2.729,2.827,2.595,5.577,3.510
TEM00423,family_stress_context,5.609,5.143,4.842,4.893,3.302,5.205,2.509,3.122,4.382,4.689,5.229,3.400,3.413,3.859,3.429,5.851,3.426
TEM00424,family_stress_context,3.665,3.828,4.073,4.791,2.500,4.216,3.520,2.462,1.892,4.219,3.500,3.802,3.170,1.843,2.823,4.616,3.604
TEM00425,family_stress_context,3.975,5.532,5.140,4.362,2.965,3.615,4.235,3.524,3.877,4.543,4.564,3.521,3.981,2.784,3.625,3.976,3.889
TEM00426,family_stress_context,3.145,5.190,6.055,4.342,2.343,4.554,3.505,2.440,2.059,3.419,4.260,4.345,3.415,2.600,2.467,4.575,3.650
TEM00427,family_stress_context,3.662,4.717,5.792,5.060,3.474,5.990,3.709,3.913,3.251,4.052,3.620,3.938,4.726,2.459,3.386,4.653,3.950
TEM00428,family_stress_context,4.549,4.272,5.514,4.473,2.025,3.938,3.486,2.757,2.695,3.668,4.507,3.008,3.788,2.916,2.568,4.245,3.962
TEM00429,family_stress_context,4.661,5.909,4.912,4.302,3.061,5.206,3.760,2.158,2.850,4.865,4.638,3.043,3.403,3.999,2.598,5.398,2.795
TEM00430,family_stress_context,4.124,5.165,5.049,3.446,3.726,3.682,2.142,3.621,3.729,3.598,4.297,3.818,3.374,2.938,3.615,4.570,3.645
TEM00431,family_stress_context,4.949,3.733,5.083,4.974,2.525,4.359,2.108,2.732,3.509,3.641,3.789,2.145,3.663,2.229,2.505,4.441,3.711
TEM00432,family_stress_context,4.931,4.505,3.651,4.506,2.621,4.951,3.988,1.589,3.336,4.663,4.297,1.830,3.724,3.058,2.935,5.040,3.150
TEM00433,low_institutional_support_context,6.382,5.614,2.419,3.760,3.486,4.988,2.516,2.329,3.107,4.035,5.755,1.773,3.207,3.995,2.759,6.805,2.428
TEM00434,low_institutional_support_context,6.376,4.664,2.328,5.000,3.731,4.174,3.385,3.486,1.827,4.636,4.728,1.758,3.982,2.893,3.374,4.890,3.893
TEM00435,low_institutional_support_context,5.603,5.241,2.777,3.497,3.951,2.673,2.487,2.863,1.880,3.711,4.237,2.583,4.599,3.492,3.265,4.994,3.616
TEM00436,low_institutional_support_context,4.847,4.247,3.316,3.306,4.565,3.200,3.341,2.693,2.376,3.582,4.214,2.904,3.576,2.774,3.692,3.866,3.146
TEM00437,low_institutional_support_context,6.649,6.818,2.311,3.685,1.424,3.077,2.407,2.363,2.859,3.133,5.961,1.757,3.018,4.646,2.427,6.273,3.059
TEM00438,low_institutional_support_context,5.916,5.241,2.967,3.989,3.348,5.113,2.885,3.279,2.421,3.865,4.563,2.587,3.353,3.576,3.095,5.626,2.801
TEM00439,low_institutional_support_context,6.509,5.764,3.341,3.111,4.110,4.763,2.002,2.920,2.928,3.579,5.367,2.631,2.862,4.668,3.068,6.973,2.499
TEM00440,low_institutional_support_context,6.580,4.666,2.601,2.431,3.753,4.981,2.689,2.088,3.126,3.367,5.846,1.408,2.328,4.639,3.043,6.695,2.436
TEM00441,low_institutional_support_context,5.515,4.428,1.930,3.423,3.404,4.476,2.652,4.164,3.441,3.797,4.649,1.961,3.396,3.771,3.262,5.109,2.443
TEM00442,low_institutional_support_context,6.314,4.395,2.295,3.777,1.714,3.468,1.714,3.895,1.104,2.694,4.704,1.647,2.748,3.264,2.036,4.937,2.786
TEM00443,low_institutional_support_context,5.704,4.065,2.003,2.442,3.126,2.953,1.425,1.409,1.879,3.574,4.687,1.000,2.838,3.193,2.186,5.226,2.406
TEM00444,low_institutional_support_context,6.889,4.541,2.017,3.926,2.931,3.323,3.444,2.846,3.120,4.989,5.328,1.724,3.431,3.429,3.347,5.063,3.965
TEM00445,low_institutional_support_context,5.318,6.670,3.409,3.398,3.128,4.184,3.431,1.963,2.721,4.162,7.000,1.486,2.701,4.043,2.796,6.071,2.705
TEM00446,low_institutional_support_context,4.767,3.610,2.861,3.937,3.148,3.160,2.846,3.635,2.823,4.205,4.184,2.985,3.821,2.395,3.186,3.928,3.145
TEM00447,low_institutional_support_context,5.978,5.049,2.979,3.459,3.895,4.313,3.760,3.369,1.932,3.638,4.483,2.262,2.868,3.893,3.803,5.657,3.244
TEM00448,low_institutional_support_context,6.371,4.301,2.670,3.752,3.389,4.352,3.080,3.437,4.061,4.591,5.988,2.043,3.847,3.534,3.332,4.986,2.753
TEM00449,low_institutional_support_context,5.114,3.707,2.761,4.684,3.230,3.338,2.820,3.225,2.888,4.571,3.792,2.162,3.980,2.570,2.998,4.444,4.090
TEM00450,low_institutional_support_context,6.145,5.142,2.146,3.274,1.744,4.797,2.801,2.280,2.593,2.666,5.456,1.408,2.609,3.923,2.366,6.236,2.023
TEM00451,low_institutional_support_context,2.626,5.192,2.239,2.146,4.760,4.186,2.300,2.936,1.910,3.932,3.887,2.840,3.193,3.397,3.219,4.531,2.640
TEM00452,low_institutional_support_context,4.161,5.295,4.069,2.928,3.012,4.589,4.507,4.614,2.083,2.987,4.550,4.448,3.547,3.720,3.551,5.430,3.593
TEM00453,low_institutional_support_context,4.147,5.289,2.457,2.883,2.449,2.657,2.876,1.229,2.985,3.440,4.682,1.914,3.654,3.009,2.514,5.652,3.097
TEM00454,low_institutional_support_context,4.911,5.414,3.490,3.109,3.407,3.434,3.675,4.006,2.428,2.711,4.888,3.346,3.285,3.207,3.681,4.998,3.150
TEM00455,low_institutional_support_context,6.439,5.385,4.297,3.007,4.397,4.181,2.623,2.674,2.844,3.887,5.993,3.167,3.311,4.334,3.329,5.768,3.239
TEM00456,low_institutional_support_context,4.858,5.393,3.231,2.131,1.709,3.236,2.426,2.239,2.828,2.674,5.161,1.886,2.327,3.802,2.616,5.143,2.273
TEM00457,low_institutional_support_context,4.560,6.824,2.319,2.641,2.600,2.392,2.891,2.066,1.458,3.175,4.440,1.875,2.696,4.205,2.202,5.317,2.362
TEM00458,low_institutional_support_context,5.311,6.224,3.860,1.971,3.073,4.741,3.153,2.925,2.488,2.438,5.731,2.802,2.201,4.781,3.350,6.215,2.970
TEM00459,low_institutional_support_context,6.682,6.667,3.117,2.269,2.494,4.886,2.825,4.468,2.162,3.368,6.091,2.571,1.822,5.245,3.061,6.766,2.007
TEM00460,low_institutional_support_context,5.417,7.000,3.555,2.456,2.663,3.618,1.019,4.242,3.656,2.564,5.033,2.376,1.885,4.580,2.737,6.805,2.159
TEM00461,low_institutional_support_context,4.707,5.342,2.157,2.794,3.697,4.570,1.124,1.805,2.946,3.440,4.820,1.449,2.400,3.531,2.399,5.906,2.708
TEM00462,low_institutional_support_context,5.329,5.303,3.031,1.930,2.055,2.840,2.563,4.653,2.625,3.767,4.539,2.424,2.616,4.149,3.152,5.915,3.032
TEM00463,low_institutional_support_context,5.305,6.988,2.858,2.309,3.243,4.532,1.892,3.512,1.725,2.244,6.864,2.844,2.458,5.051,2.905,6.847,2.407
TEM00464,low_institutional_support_context,4.503,7.000,3.389,2.009,2.775,3.286,1.000,3.806,1.995,2.458,6.091,2.176,2.116,4.839,2.383,6.417,2.640
TEM00465,low_institutional_support_context,5.527,7.000,3.115,2.127,3.264,5.043,2.976,3.462,3.580,2.709,5.892,2.305,2.610,4.875,3.615,6.657,2.414
TEM00466,low_institutional_support_context,4.577,5.097,3.900,2.974,2.419,3.712,3.386,3.035,1.465,3.241,4.476,2.911,2.885,3.561,2.629,5.221,3.202
TEM00467,low_institutional_support_context,4.715,7.000,2.627,2.552,4.099,3.769,3.218,2.420,3.414,3.381,4.870,2.485,2.815,4.499,2.988,6.101,2.455
TEM00468,low_institutional_support_context,4.593,5.974,2.718,2.237,1.395,4.058,3.352,3.254,2.230,3.244,5.294,1.640,2.059,4.079,2.863,5.943,2.540
TEM00469,low_institutional_support_context,1.522,3.493,6.432,5.043,2.742,3.701,3.637,3.901,1.617,4.212,1.647,5.058,3.929,0.981,3.311,2.796,4.420
TEM00470,low_institutional_support_context,2.192,2.613,6.410,4.214,3.592,4.633,1.926,2.686,3.256,3.518,2.352,3.858,4.029,0.906,3.215,3.465,4.374
TEM00471,low_institutional_support_context,2.950,2.764,6.220,4.552,2.405,2.415,1.000,4.308,3.586,3.704,3.153,4.729,4.468,0.957,2.844,2.733,4.179
TEM00472,low_institutional_support_context,1.734,1.272,4.777,3.951,4.243,3.682,1.938,3.060,2.856,3.633,1.337,3.135,4.457,0.515,3.009,2.477,4.099
TEM00473,low_institutional_support_context,3.765,2.187,4.995,4.426,2.502,3.492,3.551,3.095,2.480,4.131,3.075,3.782,4.646,1.014,3.132,3.207,4.360
TEM00474,low_institutional_support_context,2.858,3.199,4.861,3.888,3.249,4.655,2.398,3.733,3.215,4.256,3.660,3.859,3.465,2.091,2.936,3.758,3.540
TEM00475,low_institutional_support_context,3.407,2.451,5.847,4.149,2.046,4.352,1.765,2.212,2.765,3.800,2.661,3.230,3.383,1.382,2.070,4.300,3.423
TEM00476,low_institutional_support_context,1.344,4.346,4.336,4.321,2.701,5.218,2.759,2.187,2.350,3.555,4.549,3.551,3.674,1.180,2.578,4.306,3.179
TEM00477,low_institutional_support_context,3.400,4.016,6.614,2.685,3.567,3.741,3.136,2.896,1.763,2.500,3.463,4.110,3.029,2.424,3.097,4.397,3.459
TEM00478,low_institutional_support_context,4.159,3.034,6.280,4.781,3.092,4.673,3.648,2.653,2.020,4.149,3.802,4.117,4.659,2.110,2.917,3.974,4.527
TEM00479,low_institutional_support_context,1.500,2.736,6.232,4.583,2.629,2.367,3.622,3.462,1.993,4.927,2.171,4.549,4.719,0.601,3.366,2.769,4.765
TEM00480,low_institutional_support_context,3.237,2.716,6.363,3.912,4.532,4.067,3.282,2.242,2.077,4.339,2.855,4.529,4.055,1.463,2.874,3.660,3.808
TEM00481,low_institutional_support_context,1.746,2.813,6.089,4.967,3.593,4.394,2.288,3.512,3.555,4.747,2.480,4.103,4.047,0.723,3.549,2.903,4.534
TEM00482,low_institutional_support_context,3.409,3.282,5.229,4.489,2.314,4.609,3.334,1.968,1.865,3.500,4.174,3.434,3.580,1.883,2.209,4.562,3.366
TEM00483,low_institutional_support_context,2.868,2.927,6.256,3.531,2.301,4.050,2.894,3.992,3.412,3.588,3.802,4.037,3.145,1.487,3.142,4.105,4.071
TEM00484,low_institutional_support_context,2.214,2.763,4.883,3.960,2.729,4.426,3.525,2.126,3.530,3.496,2.540,3.586,4.323,1.002,3.273,2.753,4.381
TEM00485,low_institutional_support_context,2.746,3.488,4.467,4.065,2.520,4.958,3.305,1.354,2.202,3.468,3.385,3.192,3.204,2.173,2.559,4.230,3.770
TEM00486,low_institutional_support_context,2.450,2.156,5.500,5.024,2.778,3.621,3.088,2.832,3.968,4.434,1.991,3.927,5.664,0.344,3.318,2.302,4.583
TEM00487,low_institutional_support_context,3.468,3.715,3.290,6.307,3.596,3.957,2.666,3.409,4.165,4.525,3.603,3.518,5.115,1.067,3.601,3.385,4.948
TEM00488,low_institutional_support_context,2.499,1.671,4.188,5.809,4.094,4.727,2.957,2.794,1.725,4.866,2.611,4.091,5.306,0.263,2.878,2.600,5.143
TEM00489,low_institutional_support_context,1.974,2.637,4.389,5.725,3.021,4.085,1.000,4.000,3.416,4.255,2.534,3.104,4.201,0.599,3.168,2.683,4.923
TEM00490,low_institutional_support_context,4.003,3.015,4.361,4.865,3.170,4.164,2.016,4.421,3.451,3.840,3.013,3.459,4.593,1.922,3.069,4.280,3.948
TEM00491,low_institutional_support_context,3.381,2.414,2.513,4.878,1.714,2.119,2.618,2.320,1.564,3.473,2.876,2.978,4.051,1.338,2.024,3.007,3.397
TEM00492,low_institutional_support_context,2.758,2.708,4.711,6.618,4.531,5.217,2.549,1.259,3.923,5.465,2.825,3.188,5.449,0.920,3.025,3.371,4.680
TEM00493,low_institutional_support_context,1.754,3.289,3.871,4.466,2.137,4.354,3.221,3.614,5.210,4.084,3.382,4.119,4.560,1.193,3.483,3.337,4.069
TEM00494,low_institutional_support_context,2.845,3.024,3.948,5.330,3.693,4.226,3.481,3.011,3.628,5.392,2.796,2.890,5.119,0.965,3.510,3.799,4.338
TEM00495,low_institutional_support_context,3.275,3.043,4.161,6.026,3.356,4.877,3.603,3.082,2.803,4.871,3.518,3.210,4.479,1.153,3.316,2.994,4.462
TEM00496,low_institutional_support_context,3.975,3.219,3.163,6.636,3.164,4.336,1.836,2.973,3.341,5.858,3.913,2.836,5.114,1.033,3.040,3.348,4.569
TEM00497,low_institutional_support_context,2.378,3.976,3.716,6.039,3.180,3.832,3.945,1.572,3.042,5.589,3.566,2.554,5.162,1.275,3.236,3.355,5.051
TEM00498,low_institutional_support_context,3.313,2.600,4.788,5.501,2.276,5.698,4.841,3.456,3.764,4.637,3.563,4.413,4.680,1.503,3.241,4.065,4.353
TEM00499,low_institutional_support_context,3.214,3.145,2.753,4.360,3.601,4.606,2.348,3.968,3.123,3.713,3.483,1.944,3.845,1.550,2.980,3.740,3.332
TEM00500,low_institutional_support_context,3.635,3.502,3.917,5.683,2.821,6.361,2.811,2.589,2.678,4.417,3.346,2.150,5.177,1.987,2.659,4.330,3.602
TEM00501,low_institutional_support_context,3.385,2.182,3.677,6.816,2.656,5.705,1.785,3.106,1.796,5.158,3.387,2.108,4.651,0.423,2.378,3.219,4.058
TEM00502,low_institutional_support_context,3.369,4.340,5.143,3.573,1.793,5.136,3.858,2.613,2.978,4.029,5.042,3.568,2.970,2.798,2.475,4.071,3.303
TEM00503,low_institutional_support_context,2.652,2.491,4.247,5.603,2.025,4.147,2.724,3.739,2.284,4.132,2.533,3.405,4.380,0.763,2.991,3.209,4.271
TEM00504,low_institutional_support_context,2.857,2.454,3.361,5.471,4.408,4.646,4.263,2.454,1.743,4.594,2.271,3.353,4.782,1.165,3.051,3.145,4.187
TEM00505,low_institutional_support_context,3.901,4.014,4.263,4.377,3.445,4.196,1.203,4.169,3.293,3.403,4.343,3.249,3.530,2.395,2.940,4.784,3.686
TEM00506,low_institutional_support_context,4.062,3.690,3.871,3.385,3.717,4.413,1.610,3.263,2.650,4.012,3.486,2.348,3.176,2.796,3.008,4.262,3.515
TEM00507,low_institutional_support_context,4.159,4.256,5.208,3.566,2.436,4.119,3.089,3.058,3.574,3.623,4.056,4.523,3.671,2.772,2.862,4.774,3.917
TEM00508,low_institutional_support_context,4.683,3.364,3.703,4.157,3.486,3.618,2.602,2.617,3.398,4.521,3.004,2.688,4.238,2.149,3.604,4.472,3.702
TEM00509,low_institutional_support_context,3.845,4.745,3.233,4.616,3.383,3.320,2.673,2.685,2.770,3.891,4.035,2.765,3.321,2.892,2.954,4.252,3.725
TEM00510,low_institutional_support_context,4.739,4.257,3.064,3.874,3.234,3.728,1.833,1.759,2.118,3.596,4.320,1.710,3.000,2.972,2.726,4.590,3.294
TEM00511,low_institutional_support_context,3.708,3.457,2.438,3.659,3.370,3.436,2.560,1.913,1.924,3.604,3.896,2.491,3.596,2.240,2.729,4.642,3.332
TEM00512,low_institutional_support_context,3.962,4.436,4.694,2.561,2.614,4.398,3.273,2.379,2.356,2.988,4.276,2.917,2.846,2.985,2.453,5.432,2.569
TEM00513,low_institutional_support_context,3.568,3.666,4.140,4.620,3.887,3.512,2.146,3.344,2.198,4.199,3.115,2.839,4.188,2.129,3.129,4.164,3.893
TEM00514,low_institutional_support_context,4.935,3.637,3.976,3.986,3.382,3.426,2.105,2.417,2.591,3.261,4.458,2.465,3.141,2.801,2.643,3.830,3.280
TEM00515,low_institutional_support_context,4.093,3.080,3.731,3.424,2.629,3.590,3.302,2.904,2.900,4.358,4.187,2.862,3.907,1.516,2.631,3.875,3.197
TEM00516,low_institutional_support_context,3.262,4.860,3.761,3.897,2.669,4.397,2.642,2.821,2.614,3.830,4.485,2.821,3.408,2.354,2.767,4.704,3.463
TEM00517,low_institutional_support_context,3.728,3.216,5.005,3.050,1.000,5.093,2.067,1.904,3.148,2.266,4.185,2.566,2.956,2.340,2.222,4.909,2.965
TEM00518,low_institutional_support_context,5.267,2.899,5.760,4.209,4.136,2.731,2.881,3.153,2.611,4.869,3.050,3.884,4.874,2.278,3.389,3.780,4.289
TEM00519,low_institutional_support_context,4.737,3.409,4.088,4.289,3.096,3.767,2.948,2.194,2.559,3.293,4.204,3.322,3.734,2.360,2.890,4.679,3.123
TEM00520,low_institutional_support_context,3.913,4.839,5.180,3.555,2.787,3.452,2.976,3.433,2.872,3.977,3.768,4.086,3.752,2.847,3.132,4.663,3.332
TEM00521,low_institutional_support_context,4.076,4.330,5.281,3.678,2.082,4.462,2.856,2.614,1.400,3.544,4.363,3.496,2.506,2.316,2.018,5.764,3.576
TEM00522,low_institutional_support_context,4.374,3.760,2.910,3.471,2.039,3.516,2.544,1.900,1.610,3.001,4.394,1.251,4.080,2.844,2.250,4.850,3.285
TEM00523,low_institutional_support_context,4.146,6.156,4.352,5.789,2.530,4.887,3.270,2.175,2.358,5.281,5.986,3.193,4.530,3.141,2.649,5.477,4.253
TEM00524,low_institutional_support_context,4.715,4.313,5.296,5.070,3.672,4.788,3.272,3.639,2.656,4.912,4.076,3.846,4.814,2.647,3.362,4.773,4.580
TEM00525,low_institutional_support_context,3.803,5.538,4.713,5.124,3.853,5.092,2.443,2.314,4.400,4.905,3.981,3.068,3.727,2.580,3.606,4.914,4.157
TEM00526,low_institutional_support_context,3.886,4.801,3.734,5.493,2.179,3.262,2.525,1.595,1.613,5.249,3.933,2.463,3.946,2.141,2.174,3.893,3.882
TEM00527,low_institutional_support_context,4.033,5.056,4.858,3.519,3.005,4.522,1.808,2.857,3.211,3.559,4.637,2.637,3.054,3.165,2.731,5.201,3.017
TEM00528,low_institutional_support_context,5.453,5.216,4.880,4.648,3.050,3.646,1.000,2.635,2.901,3.704,4.899,3.376,3.390,3.238,2.829,5.494,3.875
TEM00529,low_institutional_support_context,4.649,3.530,5.209,5.497,2.985,3.823,1.837,2.230,1.515,4.117,4.082,2.633,4.657,2.282,2.341,4.303,4.122
TEM00530,low_institutional_support_context,3.144,4.600,5.524,5.235,1.898,4.188,3.002,3.163,1.295,4.262,4.632,3.888,4.376,1.723,2.260,4.241,4.266
TEM00531,low_institutional_support_context,3.657,4.965,5.082,4.799,4.475,4.523,3.551,2.772,1.357,4.109,4.380,4.084,4.028,2.176,3.539,4.222,4.459
TEM00532,low_institutional_support_context,3.732,4.632,4.004,4.352,3.357,4.276,2.418,2.688,2.310,3.190,3.210,3.104,4.015,2.340,2.968,4.811,3.226
TEM00533,low_institutional_support_context,4.958,4.892,4.865,5.590,4.085,5.219,2.294,2.440,2.819,4.456,5.491,2.989,4.352,2.298,3.002,4.709,4.778
TEM00534,low_institutional_support_context,3.973,5.620,5.417,3.903,2.878,3.883,3.273,2.974,3.836,4.477,4.003,4.042,3.335,2.970,3.193,4.901,3.375
TEM00535,low_institutional_support_context,4.684,4.812,5.120,4.782,2.481,3.990,1.873,2.744,3.085,4.313,4.952,2.513,3.261,3.115,2.483,4.525,3.492
TEM00536,low_institutional_support_context,4.388,3.767,4.701,3.911,2.774,3.739,3.980,2.929,3.421,4.505,4.578,3.283,4.451,2.542,3.198,4.794,3.149
TEM00537,low_institutional_support_context,4.001,5.512,5.439,4.358,2.111,4.457,1.394,3.496,3.400,3.372,4.596,3.462,3.353,2.781,2.198,5.181,4.015
TEM00538,low_institutional_support_context,5.265,4.717,6.533,5.308,2.311,3.438,1.775,2.661,2.272,4.581,4.872,3.116,4.650,2.881,2.315,4.607,4.244
TEM00539,low_institutional_support_context,4.670,3.180,5.914,5.018,3.399,3.229,3.856,2.911,3.251,4.605,3.276,4.123,5.571,1.190,2.974,3.643,4.729
TEM00540,low_institutional_support_context,3.669,4.773,4.971,5.872,4.003,4.022,3.871,3.399,2.975,4.305,3.512,4.369,5.118,1.919,3.941,3.405,4.864
TEM00541,high_reactivity_high_scaffold_context,5.716,5.092,2.715,3.731,4.494,3.972,3.883,4.499,3.421,4.415,4.186,2.609,4.551,3.844,4.174,4.948,3.183
TEM00542,high_reactivity_high_scaffold_context,5.334,4.179,2.848,4.153,3.026,2.594,5.425,4.208,4.668,4.748,5.066,3.902,4.755,2.413,4.642,3.721,3.927
TEM00543,high_reactivity_high_scaffold_context,5.826,4.946,3.109,4.852,4.288,1.322,4.545,4.530,3.093,5.791,4.374,3.151,4.580,2.536,4.208,3.731,4.792
TEM00544,high_reactivity_high_scaffold_context,6.006,3.741,2.343,3.921,5.447,3.119,5.091,3.553,3.232,5.286,3.911,2.324,5.776,2.928,4.605,4.168,3.543
TEM00545,high_reactivity_high_scaffold_context,5.168,5.438,2.562,4.399,5.436,4.290,4.377,4.840,3.148,4.753,4.566,2.858,5.488,3.301,4.542,4.686,4.007
TEM00546,high_reactivity_high_scaffold_context,6.645,4.748,3.521,3.200,5.306,1.899,4.706,4.454,3.838,5.274,4.860,3.740,4.038,3.858,4.838,4.489,3.726
TEM00547,high_reactivity_high_scaffold_context,6.030,4.594,3.181,3.673,4.310,3.647,5.338,3.803,3.231,4.078,4.396,2.732,5.041,3.026,4.503,4.583,3.465
TEM00548,high_reactivity_high_scaffold_context,5.217,5.596,4.652,4.456,4.214,2.046,3.176,4.913,5.082,5.466,4.632,3.854,4.885,3.439,4.323,4.271,4.310
TEM00549,high_reactivity_high_scaffold_context,6.657,4.572,1.764,4.467,3.824,3.489,4.348,3.420,5.107,5.172,4.851,1.988,4.758,3.006,4.315,4.981,3.980
TEM00550,high_reactivity_high_scaffold_context,5.914,5.177,1.861,3.397,3.426,4.219,5.133,3.456,3.174,3.901,5.996,1.989,3.718,3.564,4.217,5.937,3.281
TEM00551,high_reactivity_high_scaffold_context,6.019,4.839,3.808,3.340,5.435,3.216,5.226,3.608,2.994,4.489,5.214,3.510,4.949,3.631,4.515,4.763,3.548
TEM00552,high_reactivity_high_scaffold_context,5.814,4.316,4.067,3.040,4.537,1.544,4.271,4.316,3.504,4.107,3.464,3.764,4.349,3.653,4.285,4.545,3.746
TEM00553,high_reactivity_high_scaffold_context,5.059,3.996,3.462,4.443,3.475,2.488,3.058,4.273,4.226,4.889,2.995,2.511,4.508,2.398,3.772,3.862,4.339
TEM00554,high_reactivity_high_scaffold_context,5.728,4.227,2.961,3.830,4.253,3.250,5.547,5.242,5.410,5.268,3.928,3.028,5.130,3.019,5.065,4.898,4.273
TEM00555,high_reactivity_high_scaffold_context,5.250,4.462,2.595,3.808,3.058,2.895,4.487,5.122,4.810,4.394,4.879,2.961,4.176,3.338,4.307,4.151,4.122
TEM00556,high_reactivity_high_scaffold_context,5.068,3.409,2.531,3.023,5.609,2.991,4.980,4.244,2.793,4.731,3.133,3.607,4.725,3.088,4.541,4.027,3.566
TEM00557,high_reactivity_high_scaffold_context,5.782,3.947,3.495,3.439,4.760,3.062,5.589,3.444,3.678,4.809,3.717,3.741,5.482,3.124,4.347,4.488,4.004
TEM00558,high_reactivity_high_scaffold_context,6.094,3.769,2.242,5.158,5.024,3.359,4.331,2.831,4.013,5.185,4.120,2.324,5.384,2.458,4.172,4.615,4.430
TEM00559,high_reactivity_high_scaffold_context,5.132,6.117,3.457,3.449,3.875,4.347,4.726,5.992,5.581,4.944,4.637,3.122,4.067,3.981,5.134,5.255,4.080
TEM00560,high_reactivity_high_scaffold_context,4.078,6.092,3.971,1.313,4.559,3.869,4.409,5.236,5.144,3.662,5.143,4.555,2.953,4.241,4.857,5.898,3.226
TEM00561,high_reactivity_high_scaffold_context,5.037,6.982,2.983,3.061,4.883,3.126,5.396,3.853,4.291,4.719,5.324,2.437,3.596,4.217,4.614,4.800,3.366
TEM00562,high_reactivity_high_scaffold_context,3.582,6.235,2.896,3.403,3.628,2.661,5.413,4.272,3.890,5.017,3.730,3.726,3.424,3.597,4.613,5.025,3.952
TEM00563,high_reactivity_high_scaffold_context,4.698,7.000,2.679,2.850,4.112,3.146,4.172,3.622,3.760,3.691,5.750,3.548,3.241,4.127,3.989,5.449,3.294
TEM00564,high_reactivity_high_scaffold_context,4.518,5.996,2.745,3.855,2.741,2.146,4.683,3.702,4.395,4.695,4.314,3.364,4.298,3.169,3.910,4.742,3.752
TEM00565,high_reactivity_high_scaffold_context,4.494,5.599,3.049,3.861,4.152,3.493,5.008,4.765,5.892,5.385,4.676,2.289,4.385,3.415,4.575,5.109,3.530
TEM00566,high_reactivity_high_scaffold_context,5.260,5.665,2.956,2.955,4.210,3.142,5.020,3.901,4.151,5.013,4.856,3.137,4.219,3.319,4.356,5.317,3.940
TEM00567,high_reactivity_high_scaffold_context,4.487,5.392,4.172,2.765,4.757,3.117,4.718,3.521,4.507,3.699,4.282,3.889,4.160,3.655,3.974,5.094,3.587
TEM00568,high_reactivity_high_scaffold_context,4.061,6.186,4.363,1.901,4.825,3.604,5.150,4.398,5.192,3.551,5.029,3.564,2.629,4.042,4.976,5.143,3.278
TEM00569,high_reactivity_high_scaffold_context,6.159,5.162,3.968,3.376,3.860,2.822,3.903,4.063,2.831,4.291,4.392,2.922,3.608,3.848,3.746,4.833,3.645
TEM00570,high_reactivity_high_scaffold_context,3.859,6.119,3.755,3.805,4.563,5.398,5.063,5.456,2.518,3.528,3.931,4.303,4.305,3.834,4.429,5.779,3.764
TEM00571,high_reactivity_high_scaffold_context,4.074,5.789,3.801,4.322,4.661,4.428,4.377,5.094,2.858,4.932,4.672,3.991,5.057,3.159,4.355,4.605,3.799
TEM00572,high_reactivity_high_scaffold_context,4.762,5.661,3.292,1.882,4.666,2.790,3.635,5.054,4.060,4.041,3.999,2.610,3.955,3.592,4.587,4.916,3.260
TEM00573,high_reactivity_high_scaffold_context,4.910,4.552,2.431,2.857,4.053,3.478,3.554,3.201,4.675,3.435,4.135,2.358,4.294,3.162,3.940,5.000,3.237
TEM00574,high_reactivity_high_scaffold_context,4.977,5.561,2.569,3.361,5.925,3.920,2.832,5.321,5.200,4.240,3.601,3.695,4.217,3.236,4.736,5.017,3.218
TEM00575,high_reactivity_high_scaffold_context,5.447,5.466,2.948,2.793,5.310,3.286,4.294,4.825,4.553,5.099,4.270,3.033,3.469,3.948,4.529,5.033,3.466
TEM00576,high_reactivity_high_scaffold_context,4.563,5.596,3.222,2.873,3.082,3.780,4.373,3.836,3.176,3.196,5.258,3.603,2.768,3.732,3.545,5.173,3.396
TEM00577,high_reactivity_high_scaffold_context,2.471,2.754,5.689,4.363,4.446,2.894,3.700,3.385,3.649,5.112,2.345,4.673,4.835,0.976,4.250,2.667,5.049
TEM00578,high_reactivity_high_scaffold_context,2.996,3.052,6.782,4.835,4.908,2.300,3.576,4.639,4.797,5.090,2.142,5.911,4.841,0.359,4.577,2.360,5.138
TEM00579,high_reactivity_high_scaffold_context,2.616,2.354,6.757,3.196,3.932,3.382,3.804,5.544,4.629,4.002,1.695,5.013,3.854,1.475,4.393,3.194,4.077
TEM00580,high_reactivity_high_scaffold_context,3.006,3.760,4.963,2.701,4.071,3.071,4.508,5.435,4.458,4.611,2.814,4.914,3.715,1.902,4.347,3.586,4.416
TEM00581,high_reactivity_high_scaffold_context,2.758,2.781,6.202,4.661,5.244,3.912,3.966,4.790,2.248,4.504,2.486,5.156,4.525,1.115,4.632,2.697,5.042
TEM00582,high_reactivity_high_scaffold_context,1.924,3.230,6.509,4.746,5.726,3.181,3.788,4.401,3.544,5.383,1.834,5.336,5.117,1.014,4.294,2.576,5.100
TEM00583,high_reactivity_high_scaffold_context,2.661,3.530,4.820,3.696,5.170,1.761,4.029,4.772,5.111,4.725,2.321,5.223,4.952,1.045,4.974,2.892,5.117
TEM00584,high_reactivity_high_scaffold_context,2.510,3.407,7.000,4.217,4.175,5.002,5.395,4.365,4.145,4.846,2.148,5.586,5.361,1.645,4.350,3.905,4.738
TEM00585,high_reactivity_high_scaffold_context,2.987,3.540,6.296,4.180,3.921,2.651,4.452,4.755,5.030,4.836,2.740,5.593,3.880,1.442,4.507,2.511,4.910
TEM00586,high_reactivity_high_scaffold_context,1.791,2.742,5.111,3.655,4.590,4.376,5.064,5.412,3.368,5.079,2.102,5.000,3.974,1.419,4.404,2.755,4.107
TEM00587,high_reactivity_high_scaffold_context,3.117,2.373,7.000,3.867,6.040,4.503,3.105,2.297,4.970,4.583,2.858,5.219,4.686,1.295,4.401,3.105,4.397
TEM00588,high_reactivity_high_scaffold_context,1.782,1.845,6.395,3.779,4.529,4.969,4.366,4.247,4.520,4.029,1.402,5.040,5.217,1.211,4.634,2.753,4.682
TEM00589,high_reactivity_high_scaffold_context,3.132,2.302,5.437,4.617,4.354,1.695,4.278,4.876,4.489,5.123,2.277,4.836,5.231,0.798,4.441,2.147,5.326
TEM00590,high_reactivity_high_scaffold_context,1.910,4.203,6.225,4.137,5.560,1.948,4.722,3.558,4.958,5.599,1.011,5.538,4.830,1.278,4.426,2.670,5.154
TEM00591,high_reactivity_high_scaffold_context,1.323,2.635,6.404,3.819,5.330,3.494,4.736,4.857,3.758,5.162,2.276,5.501,4.726,0.117,4.297,1.968,4.795
TEM00592,high_reactivity_high_scaffold_context,2.169,2.533,5.846,4.004,4.940,1.000,4.342,5.326,4.275,5.415,1.000,5.080,5.740,0.200,5.120,1.190,5.277
TEM00593,high_reactivity_high_scaffold_context,1.528,3.279,5.043,3.447,4.877,1.000,2.976,4.507,3.361,4.612,1.000,5.237,4.817,1.079,4.384,2.405,4.169
TEM00594,high_reactivity_high_scaffold_context,3.020,2.456,7.000,3.555,4.788,3.369,5.352,5.134,3.903,5.180,1.694,6.043,5.086,1.427,5.133,3.457,4.756
TEM00595,high_reactivity_high_scaffold_context,4.765,2.370,4.288,6.691,4.758,1.906,3.043,4.913,4.975,6.299,1.990,4.226,6.072,0.804,4.713,1.824,5.923
TEM00596,high_reactivity_high_scaffold_context,3.966,2.569,4.137,6.100,4.691,3.889,4.996,4.058,4.669,5.598,2.502,4.370,6.498,1.064,4.508,2.392,5.138
TEM00597,high_reactivity_high_scaffold_context,3.111,2.445,5.004,5.512,5.276,2.582,4.432,5.460,3.016,5.039,1.689,5.015,6.264,0.909,4.654,1.667,5.474
TEM00598,high_reactivity_high_scaffold_context,3.405,3.089,3.828,4.422,3.643,3.358,4.491,3.861,3.705,4.506,2.459,4.231,5.306,2.200,3.566,3.385,4.297
TEM00599,high_reactivity_high_scaffold_context,1.869,3.384,4.453,6.544,5.918,3.462,3.052,4.878,3.827,6.269,2.232,3.331,6.132,0.644,4.676,1.654,5.270
TEM00600,high_reactivity_high_scaffold_context,2.748,2.364,3.840,5.882,5.176,4.061,4.442,3.375,3.630,4.844,2.493,3.704,5.221,0.588,4.452,2.372,4.802
TEM00601,high_reactivity_high_scaffold_context,3.152,1.423,3.756,6.427,5.293,3.193,4.769,4.152,4.693,5.781,1.735,4.190,7.000,0.091,4.809,1.375,5.891
TEM00602,high_reactivity_high_scaffold_context,3.383,2.771,4.107,6.539,5.127,2.922,4.227,4.428,5.040,6.042,2.533,4.367,6.303,0.697,4.920,1.770,5.902
TEM00603,high_reactivity_high_scaffold_context,4.053,4.127,3.893,6.361,4.331,5.625,4.586,2.534,3.567,5.492,3.939,3.478,5.151,1.892,4.109,4.042,4.708
TEM00604,high_reactivity_high_scaffold_context,3.771,3.353,3.732,5.062,4.862,2.956,4.573,4.182,3.123,5.411,3.120,3.301,5.236,1.329,4.485,2.762,4.967
TEM00605,high_reactivity_high_scaffold_context,1.584,3.113,2.927,7.000,3.718,4.248,4.342,4.096,3.276,5.710,1.708,4.112,5.634,0.204,3.825,2.435,5.123
TEM00606,high_reactivity_high_scaffold_context,1.871,2.379,2.806,5.395,4.440,3.785,3.594,5.266,3.872,4.971,1.409,3.467,4.881,0.583,4.354,1.833,4.696
TEM00607,high_reactivity_high_scaffold_context,3.464,2.970,4.001,5.441,4.159,3.248,4.817,4.766,5.522,5.298,3.045,4.405,5.655,1.202,4.585,2.440,5.332
TEM00608,high_reactivity_high_scaffold_context,4.248,4.133,5.024,5.286,4.735,5.392,4.006,5.436,3.349,5.265,3.471,4.510,4.591,2.244,4.200,4.328,4.633
TEM00609,high_reactivity_high_scaffold_context,4.247,2.875,4.102,5.356,4.863,2.714,5.163,3.243,4.768,5.908,3.305,3.746,5.897,1.893,4.748,3.306,4.624
TEM00610,high_reactivity_high_scaffold_context,2.896,3.409,4.625,6.989,5.012,3.606,4.142,4.169,3.980,5.546,2.324,4.320,6.855,0.632,4.278,3.058,5.470
TEM00611,high_reactivity_high_scaffold_context,3.849,2.369,4.312,7.000,5.952,3.171,5.282,5.487,3.294,6.598,1.760,5.292,6.585,0.532,5.061,1.988,5.997
TEM00612,high_reactivity_high_scaffold_context,2.601,2.792,4.228,5.984,3.648,3.281,3.823,2.039,4.974,5.203,2.408,3.811,5.458,0.846,3.681,2.545,4.928
TEM00613,high_reactivity_high_scaffold_context,3.097,2.522,2.998,5.065,6.550,1.643,4.183,3.921,2.892,5.374,2.042,4.590,5.082,1.171,4.895,2.090,4.404
TEM00614,high_reactivity_high_scaffold_context,3.043,4.151,3.932,5.538,4.988,2.955,3.255,4.149,4.674,5.853,2.839,4.152,5.554,1.917,4.299,3.206,4.996
TEM00615,high_reactivity_high_scaffold_context,3.223,3.703,3.292,4.243,4.531,3.306,4.994,4.455,2.840,4.487,3.070,3.320,5.016,1.712,4.469,2.983,4.452
TEM00616,high_reactivity_high_scaffold_context,4.113,3.515,4.060,5.607,5.021,2.958,4.036,4.338,4.367,5.850,2.629,3.809,5.178,1.706,4.727,2.949,5.272
TEM00617,high_reactivity_high_scaffold_context,5.177,3.589,2.827,4.584,4.681,2.665,4.350,4.046,4.432,5.429,3.482,3.597,4.700,2.149,4.560,3.110,3.986
TEM00618,high_reactivity_high_scaffold_context,3.585,3.608,5.269,3.926,4.022,2.700,4.942,5.168,3.201,4.431,3.084,4.165,4.134,1.915,4.340,2.990,4.549
TEM00619,high_reactivity_high_scaffold_context,3.595,4.702,5.013,3.720,3.742,4.364,3.727,5.438,5.038,3.643,3.980,4.763,4.655,2.801,4.461,4.257,3.871
TEM00620,high_reactivity_high_scaffold_context,3.801,3.788,3.604,4.225,4.860,2.623,4.053,3.843,4.208,5.400,2.670,3.593,5.246,1.475,4.464,3.582,4.828
TEM00621,high_reactivity_high_scaffold_context,4.328,3.927,4.541,4.241,4.642,3.562,3.439,4.417,4.419,4.785,3.220,3.640,6.221,2.261,4.143,4.144,4.386
TEM00622,high_reactivity_high_scaffold_context,4.692,5.262,4.849,2.464,4.861,3.501,4.164,4.000,2.238,3.912,3.839,3.973,3.423,3.565,4.421,5.224,3.977
TEM00623,high_reactivity_high_scaffold_context,3.006,4.269,3.073,3.327,4.742,3.673,3.775,3.773,4.465,4.739,3.053,3.777,4.124,2.309,3.978,4.090,3.802
TEM00624,high_reactivity_high_scaffold_context,5.285,2.843,4.118,3.275,4.501,2.965,4.072,4.257,2.085,4.462,3.680,3.031,4.186,2.419,4.000,3.497,3.836
TEM00625,high_reactivity_high_scaffold_context,3.787,3.808,4.534,3.682,4.698,3.726,3.428,3.434,5.239,5.069,3.601,3.644,5.066,2.374,3.996,3.884,3.917
TEM00626,high_reactivity_high_scaffold_context,4.938,4.677,4.061,4.870,4.027,1.871,4.007,4.455,2.780,4.670,4.008,3.353,4.325,2.168,3.756,3.961,4.401
TEM00627,high_reactivity_high_scaffold_context,5.310,3.122,4.936,3.376,4.974,3.120,5.084,4.334,4.184,4.182,3.340,3.463,4.331,2.876,4.714,4.185,4.282
TEM00628,high_reactivity_high_scaffold_context,2.846,4.203,4.193,3.875,5.086,3.266,5.570,2.118,3.993,4.386,2.746,3.277,4.692,2.304,4.477,3.600,4.747
TEM00629,high_reactivity_high_scaffold_context,2.571,3.735,4.904,3.196,5.396,3.437,2.955,3.200,5.179,4.718,3.485,4.329,4.544,2.149,4.372,3.148,3.333
TEM00630,high_reactivity_high_scaffold_context,4.548,4.284,4.872,4.424,4.417,3.151,3.247,4.114,4.433,4.790,3.672,3.831,4.526,1.979,4.575,3.703,4.793
TEM00631,high_reactivity_high_scaffold_context,5.707,3.967,5.983,4.992,2.828,4.211,3.148,3.980,4.091,4.462,4.958,3.748,3.566,2.797,3.422,4.230,4.358
TEM00632,high_reactivity_high_scaffold_context,4.593,4.701,5.216,5.373,4.216,3.507,4.305,3.580,4.296,5.444,3.612,4.406,4.781,2.471,4.329,3.897,5.045
TEM00633,high_reactivity_high_scaffold_context,4.118,4.785,6.330,4.371,3.544,5.268,3.626,4.602,3.858,4.589,3.921,5.417,3.604,2.826,3.920,4.613,3.714
TEM00634,high_reactivity_high_scaffold_context,3.475,4.320,5.024,5.576,4.184,3.604,4.885,4.994,4.579,6.271,2.538,4.988,5.898,1.252,4.603,3.882,4.565
TEM00635,high_reactivity_high_scaffold_context,3.216,4.618,5.324,5.151,3.765,3.121,4.870,4.119,3.744,5.235,3.239,5.104,4.852,1.694,4.394,3.446,5.035
TEM00636,high_reactivity_high_scaffold_context,2.946,4.686,5.488,4.334,5.426,2.996,4.089,3.926,5.814,4.604,3.355,4.398,5.571,2.060,4.444,3.509,4.892
TEM00637,high_reactivity_high_scaffold_context,4.544,3.801,4.847,5.566,5.276,2.945,3.978,2.532,2.319,4.519,2.692,3.801,5.775,1.583,3.757,2.991,4.798
TEM00638,high_reactivity_high_scaffold_context,3.710,4.485,5.898,3.430,4.028,3.515,4.252,4.180,3.986,5.039,3.402,4.358,3.428,2.442,4.150,3.935,4.025
TEM00639,high_reactivity_high_scaffold_context,3.388,4.536,5.809,5.573,4.667,2.885,4.415,4.225,5.342,6.158,2.428,5.011,5.398,2.199,4.892,3.520,5.243
TEM00640,high_reactivity_high_scaffold_context,3.584,4.057,4.567,4.701,3.988,2.909,5.695,6.256,4.186,5.510,2.583,4.741,4.684,2.101,4.795,3.272,4.673
TEM00641,high_reactivity_high_scaffold_context,3.770,4.465,5.702,4.959,2.903,3.918,5.518,3.724,3.333,4.357,3.532,4.471,4.311,2.064,3.693,3.511,4.783
TEM00642,high_reactivity_high_scaffold_context,5.260,4.344,4.929,4.112,3.840,3.387,2.705,5.381,3.206,5.244,3.885,3.485,4.190,3.071,3.511,4.345,4.309
TEM00643,high_reactivity_high_scaffold_context,4.729,3.271,4.573,5.068,5.339,2.627,4.909,3.639,3.437,5.728,2.984,4.469,5.838,1.902,4.531,3.074,5.194
TEM00644,high_reactivity_high_scaffold_context,4.047,5.961,5.696,5.018,4.038,4.155,5.371,5.662,4.222,5.398,4.026,4.961,4.818,2.722,4.834,4.703,4.775
TEM00645,high_reactivity_high_scaffold_context,5.469,3.876,5.753,5.243,3.386,4.206,4.488,5.006,4.452,4.934,3.674,3.648,5.537,2.068,4.510,3.757,4.747
TEM00646,high_reactivity_high_scaffold_context,2.749,5.668,5.945,4.824,4.577,2.404,4.372,5.439,3.043,5.219,3.653,5.138,4.942,1.997,4.538,3.695,4.849
TEM00647,high_reactivity_high_scaffold_context,4.176,5.145,5.641,4.482,5.491,2.685,4.874,5.519,4.993,5.564,3.426,5.987,5.551,2.397,4.925,3.882,5.360
TEM00648,high_reactivity_high_scaffold_context,2.519,4.503,5.301,6.059,4.003,2.596,4.323,4.777,3.671,6.139,2.609,5.130,6.033,1.572,4.238,2.309,5.536
