participant_id,role_family,organizational_context,extraversion,agreeableness,conscientiousness,neuroticism,openness,emotional_stability,dark_trait_pressure,role_fit,accountability,job_performance,leadership_emergence,leadership_effectiveness,counterproductive_work_behavior,teamwork_quality,burnout_risk
WL0001,individual_contributor,stewardship_culture,4.826,3.706,4.349,4.703,3.902,2.773,2.165,3.779,4.789,4.047,5.469,4.972,4.974,3.232,5.029
WL0002,individual_contributor,stewardship_culture,3.123,3.901,4.261,3.581,5.260,3.696,1.000,3.369,5.197,4.013,4.373,4.832,3.347,2.910,5.047
WL0003,individual_contributor,stewardship_culture,4.637,5.030,4.007,4.456,5.533,2.576,1.000,3.347,5.076,4.448,5.250,5.316,4.167,4.286,4.710
WL0004,individual_contributor,stewardship_culture,3.451,3.343,3.474,3.045,2.617,4.309,1.412,2.999,4.919,3.638,3.857,4.693,4.539,3.195,5.126
WL0005,individual_contributor,stewardship_culture,3.857,4.021,3.969,4.364,5.611,3.021,1.000,3.040,4.859,4.134,3.605,3.980,5.200,3.932,5.217
WL0006,individual_contributor,stewardship_culture,5.138,4.035,6.202,3.306,4.903,4.079,1.395,4.450,5.031,5.613,5.353,5.634,4.358,4.401,4.268
WL0007,individual_contributor,stewardship_culture,3.489,4.452,4.008,4.391,4.782,2.872,1.000,3.252,4.667,4.644,4.465,4.547,4.742,2.923,4.184
WL0008,individual_contributor,stewardship_culture,4.531,4.469,3.972,4.599,3.062,2.931,1.000,2.799,4.832,3.005,4.502,4.347,4.200,3.750,5.322
WL0009,individual_contributor,high_growth_competitive,4.047,4.551,4.243,2.508,5.080,4.950,1.000,4.051,3.773,4.683,4.676,4.715,3.269,4.626,3.687
WL0010,individual_contributor,high_growth_competitive,5.249,3.741,3.396,3.837,2.781,3.409,1.000,3.112,4.145,4.124,4.613,4.539,4.094,3.525,5.558
WL0011,individual_contributor,high_growth_competitive,4.198,4.163,3.015,2.935,4.807,4.280,1.000,2.867,3.542,3.141,4.758,3.813,3.976,3.391,4.204
WL0012,individual_contributor,high_growth_competitive,4.720,4.706,3.891,3.372,3.672,3.935,1.000,3.937,3.609,3.404,5.945,4.266,4.082,3.765,4.811
WL0013,individual_contributor,high_growth_competitive,3.778,5.944,3.103,4.725,3.333,2.666,1.000,3.602,3.898,3.604,4.182,5.305,4.329,3.876,5.744
WL0014,individual_contributor,high_growth_competitive,4.245,4.071,4.073,3.015,3.562,4.181,1.000,2.694,4.070,4.178,4.070,4.058,4.486,3.484,4.590
WL0015,individual_contributor,high_growth_competitive,3.975,3.506,4.172,3.916,4.454,3.214,1.149,3.541,4.045,4.357,5.042,3.831,4.202,3.749,4.487
WL0016,individual_contributor,high_growth_competitive,3.580,3.974,3.297,3.672,4.530,3.264,1.913,3.327,3.940,3.409,4.633,4.755,4.513,3.428,5.028
WL0017,individual_contributor,procedural_bureaucratic,4.561,4.614,3.680,4.224,3.972,3.517,1.000,2.919,4.576,3.937,4.974,4.996,3.842,3.873,5.172
WL0018,individual_contributor,procedural_bureaucratic,4.421,3.785,3.101,2.778,4.516,4.518,1.000,3.331,4.526,3.612,6.327,3.730,4.303,4.032,3.873
WL0019,individual_contributor,procedural_bureaucratic,4.565,3.922,4.202,4.206,3.917,3.339,1.463,3.768,4.842,3.696,4.990,3.974,4.916,3.317,4.537
WL0020,individual_contributor,procedural_bureaucratic,4.363,3.637,4.384,3.250,4.020,4.109,1.000,3.970,4.532,4.088,4.906,4.769,4.627,4.272,4.010
WL0021,individual_contributor,procedural_bureaucratic,4.267,4.205,3.791,3.190,4.184,3.926,1.808,3.212,4.168,3.705,4.260,4.397,4.159,3.185,4.872
WL0022,individual_contributor,procedural_bureaucratic,4.429,4.609,4.937,3.274,3.546,4.062,1.489,2.720,4.831,3.922,4.526,5.196,4.512,3.874,4.320
WL0023,individual_contributor,procedural_bureaucratic,2.980,4.585,4.554,3.528,3.592,3.880,1.000,3.839,4.831,4.054,3.954,4.411,4.493,3.960,3.867
WL0024,individual_contributor,procedural_bureaucratic,4.215,4.628,4.294,2.919,3.535,4.138,1.000,4.026,4.395,5.603,4.237,5.509,4.297,3.958,5.005
WL0025,individual_contributor,low_accountability_political,2.448,4.760,4.310,3.337,4.490,3.975,1.470,2.820,2.242,3.869,4.026,4.543,4.565,4.320,5.406
WL0026,individual_contributor,low_accountability_political,4.096,4.394,3.965,4.238,2.914,3.147,1.212,3.736,2.844,3.125,4.133,5.116,4.799,3.528,5.356
WL0027,individual_contributor,low_accountability_political,4.119,4.243,4.222,4.375,4.039,2.517,1.000,2.634,2.699,4.120,4.967,4.017,4.797,3.302,5.786
WL0028,individual_contributor,low_accountability_political,4.689,4.006,3.631,3.381,2.518,3.841,1.000,2.767,2.486,2.921,4.578,3.825,3.334,3.832,4.597
WL0029,individual_contributor,low_accountability_political,5.063,5.010,4.547,2.480,4.184,4.788,1.237,3.785,2.211,4.337,4.905,4.502,4.750,3.311,3.929
WL0030,individual_contributor,low_accountability_political,4.879,3.798,4.163,4.380,4.929,2.706,1.567,3.784,2.690,3.524,5.281,4.177,4.954,3.366,4.884
WL0031,individual_contributor,low_accountability_political,3.801,4.340,3.861,3.476,3.734,4.108,1.151,3.983,2.411,4.594,4.585,4.248,5.509,4.155,4.985
WL0032,individual_contributor,low_accountability_political,3.923,4.098,4.101,4.816,3.401,2.383,1.000,3.495,2.652,2.971,4.646,3.738,3.963,3.047,5.954
WL0033,individual_contributor,collaborative_learning,3.320,4.916,4.350,3.906,3.295,3.358,1.000,3.520,4.530,4.105,4.729,3.865,4.069,4.397,4.936
WL0034,individual_contributor,collaborative_learning,2.765,4.041,4.088,3.489,3.364,4.114,1.000,2.931,4.363,3.865,3.864,4.251,4.405,3.373,4.645
WL0035,individual_contributor,collaborative_learning,3.975,2.469,3.635,4.755,5.753,2.690,1.000,3.935,4.075,3.725,4.608,4.109,5.449,3.028,4.122
WL0036,individual_contributor,collaborative_learning,3.937,3.502,5.138,4.829,3.284,2.707,1.410,4.008,4.063,3.269,4.275,5.302,4.454,3.427,5.441
WL0037,individual_contributor,collaborative_learning,5.204,4.418,3.599,2.444,4.134,5.498,1.520,3.236,4.691,4.399,4.333,5.056,4.617,2.980,4.623
WL0038,individual_contributor,collaborative_learning,3.298,4.531,3.543,2.656,4.415,4.593,1.000,3.339,4.331,3.814,4.096,5.115,4.276,3.886,4.072
WL0039,individual_contributor,collaborative_learning,4.143,4.425,3.702,3.885,3.895,3.308,1.000,3.969,4.627,3.914,4.078,4.819,4.387,3.740,4.164
WL0040,individual_contributor,collaborative_learning,5.316,2.303,3.122,2.721,5.091,4.377,1.623,3.867,4.812,3.550,5.088,3.965,4.627,3.973,3.511
WL0041,team_lead,stewardship_culture,4.338,2.991,5.072,3.629,4.334,3.775,1.033,3.695,4.677,4.325,4.473,5.174,4.725,3.767,4.274
WL0042,team_lead,stewardship_culture,3.767,4.112,4.858,4.087,4.410,3.548,1.284,3.863,5.434,4.692,4.412,5.134,4.971,4.190,4.898
WL0043,team_lead,stewardship_culture,5.317,3.235,5.462,4.455,3.608,2.621,1.000,4.169,5.046,3.644,5.308,4.523,3.771,3.632,5.135
WL0044,team_lead,stewardship_culture,3.210,5.436,3.748,3.831,4.890,4.061,1.154,3.865,5.469,4.513,4.221,5.579,4.095,4.518,5.020
WL0045,team_lead,stewardship_culture,2.664,4.512,4.219,4.495,5.458,3.124,1.425,3.783,5.171,4.842,4.538,4.930,3.897,4.261,5.744
WL0046,team_lead,stewardship_culture,3.912,4.020,4.303,4.989,4.648,2.795,1.000,3.644,4.971,3.432,4.974,3.781,3.907,3.372,5.007
WL0047,team_lead,stewardship_culture,4.087,5.437,3.770,4.035,3.725,2.984,1.000,3.174,5.034,3.194,4.419,5.129,4.273,3.532,4.869
WL0048,team_lead,stewardship_culture,4.693,3.862,5.090,3.394,3.471,4.093,1.000,3.693,5.107,3.671,4.493,4.856,4.384,3.434,4.170
WL0049,team_lead,high_growth_competitive,5.274,5.223,3.493,3.576,3.511,3.948,1.000,3.344,3.792,3.962,5.600,4.687,4.075,3.891,4.594
WL0050,team_lead,high_growth_competitive,4.886,2.795,4.180,3.688,3.227,3.516,1.758,3.256,3.276,2.846,5.275,4.148,4.939,3.345,5.168
WL0051,team_lead,high_growth_competitive,3.361,3.888,4.545,4.050,4.305,3.498,1.277,3.107,3.642,3.998,4.608,4.353,4.607,4.115,5.124
WL0052,team_lead,high_growth_competitive,4.120,3.824,3.443,3.024,4.552,4.444,1.479,3.686,4.189,3.903,4.753,4.423,4.608,3.644,4.224
WL0053,team_lead,high_growth_competitive,3.760,4.120,4.368,3.844,4.217,3.594,1.000,3.322,3.419,3.802,4.457,4.337,5.553,2.595,5.565
WL0054,team_lead,high_growth_competitive,3.917,4.446,3.431,4.284,3.949,3.381,1.000,3.962,3.428,3.817,5.618,4.289,4.683,3.795,5.326
WL0055,team_lead,high_growth_competitive,3.789,4.777,4.775,4.210,4.365,3.070,1.846,3.590,3.907,3.699,4.492,4.803,4.932,4.301,5.148
WL0056,team_lead,high_growth_competitive,4.040,4.839,4.316,4.950,3.911,2.343,1.000,3.218,3.816,3.505,4.718,3.942,4.749,3.350,5.340
WL0057,team_lead,procedural_bureaucratic,5.161,4.684,3.670,2.835,4.572,4.435,1.000,3.381,4.763,3.521,5.105,4.613,3.594,3.238,4.711
WL0058,team_lead,procedural_bureaucratic,4.079,3.389,3.476,3.541,2.076,4.239,1.448,3.466,5.003,2.773,3.887,4.715,4.899,3.054,4.528
WL0059,team_lead,procedural_bureaucratic,3.135,4.428,5.228,5.188,3.675,2.176,2.074,4.274,5.312,3.573,4.221,4.109,5.459,3.411,4.886
WL0060,team_lead,procedural_bureaucratic,4.480,3.796,3.998,4.189,4.559,3.479,1.000,3.211,4.982,4.346,4.993,4.835,4.831,3.058,4.446
WL0061,team_lead,procedural_bureaucratic,3.469,3.916,2.981,3.057,2.176,4.295,1.287,4.045,5.010,3.881,3.953,4.701,4.140,2.990,4.274
WL0062,team_lead,procedural_bureaucratic,3.712,4.234,3.890,3.353,3.311,4.148,1.917,3.950,5.081,3.431,4.190,4.438,4.052,3.729,4.387
WL0063,team_lead,procedural_bureaucratic,4.633,2.749,4.055,3.818,4.908,3.566,1.000,3.146,4.616,3.606,4.537,3.916,5.805,3.200,5.214
WL0064,team_lead,procedural_bureaucratic,3.672,4.160,4.647,2.871,5.034,4.417,1.000,4.689,4.899,3.851,4.115,5.406,4.249,4.315,5.163
WL0065,team_lead,low_accountability_political,3.767,3.611,4.667,5.412,3.783,1.920,1.185,3.720,2.997,3.461,4.599,3.965,4.821,3.771,5.055
WL0066,team_lead,low_accountability_political,4.499,5.060,5.538,3.561,4.647,3.852,1.135,3.781,2.738,4.011,4.716,4.359,4.387,4.154,5.209
WL0067,team_lead,low_accountability_political,3.868,2.875,2.356,2.876,4.426,4.141,1.927,3.393,2.408,2.386,3.930,3.818,5.741,3.548,4.410
WL0068,team_lead,low_accountability_political,4.595,4.858,5.544,3.149,3.507,4.102,1.724,4.059,2.034,4.406,4.793,4.348,4.614,3.656,5.335
WL0069,team_lead,low_accountability_political,2.934,4.160,5.004,3.825,3.623,3.677,1.000,3.551,2.932,4.828,3.936,4.783,4.597,3.663,4.659
WL0070,team_lead,low_accountability_political,4.798,4.813,3.540,3.940,3.741,3.358,2.259,3.539,2.471,3.605,4.666,3.593,5.626,2.992,4.623
WL0071,team_lead,low_accountability_political,4.416,3.871,3.583,4.452,4.549,2.605,1.775,3.881,3.597,3.535,4.153,3.570,4.444,2.843,5.118
WL0072,team_lead,low_accountability_political,5.177,3.314,4.697,2.968,4.604,4.236,2.314,5.198,2.975,4.244,4.543,4.287,4.871,3.999,5.118
WL0073,team_lead,collaborative_learning,3.572,4.663,3.413,2.903,4.655,4.482,1.000,4.069,4.694,3.645,4.980,5.094,4.247,4.036,4.308
WL0074,team_lead,collaborative_learning,4.813,4.559,4.988,3.091,3.405,4.224,1.583,4.061,3.792,4.459,4.275,4.751,4.377,3.978,4.608
WL0075,team_lead,collaborative_learning,3.897,3.538,3.666,4.304,4.822,3.188,1.523,3.073,4.685,2.951,4.540,4.087,4.991,3.268,5.670
WL0076,team_lead,collaborative_learning,2.934,4.923,4.664,4.348,5.366,2.814,1.000,3.558,4.639,4.202,3.430,5.110,4.426,4.074,5.306
WL0077,team_lead,collaborative_learning,5.498,5.159,3.762,3.755,3.623,3.981,1.000,3.664,4.614,3.229,5.699,5.201,4.183,4.400,4.836
WL0078,team_lead,collaborative_learning,3.138,4.728,5.083,1.647,3.969,5.516,1.176,4.041,4.472,4.287,4.288,5.347,4.130,4.037,2.542
WL0079,team_lead,collaborative_learning,4.868,5.322,4.530,3.841,3.881,3.653,1.166,4.373,4.537,3.561,4.623,5.163,4.258,4.169,4.258
WL0080,team_lead,collaborative_learning,5.300,3.980,2.700,5.034,4.319,2.404,1.511,2.927,4.414,3.427,5.161,4.237,4.661,3.198,4.721
WL0081,manager,stewardship_culture,4.323,4.336,4.728,3.876,4.259,3.128,1.000,3.934,4.402,4.099,4.419,5.110,3.750,3.482,5.664
WL0082,manager,stewardship_culture,5.306,4.653,3.707,2.276,4.079,5.144,1.491,3.610,5.631,4.092,4.964,4.306,3.155,4.191,4.162
WL0083,manager,stewardship_culture,4.860,3.254,4.446,3.657,3.738,3.621,1.000,3.609,5.347,3.817,5.318,4.548,4.127,3.689,4.473
WL0084,manager,stewardship_culture,3.871,5.020,4.044,4.324,3.496,2.902,1.000,3.367,4.844,3.867,4.816,4.273,3.780,4.631,4.111
WL0085,manager,stewardship_culture,4.856,4.491,4.449,4.347,3.124,2.879,1.643,3.245,5.060,3.606,4.473,4.436,4.878,3.236,4.961
WL0086,manager,stewardship_culture,3.230,5.302,4.802,2.710,4.484,4.742,1.000,4.055,4.964,4.133,4.616,5.585,3.162,3.748,5.618
WL0087,manager,stewardship_culture,4.271,4.478,4.400,2.814,5.101,4.257,2.334,4.263,5.208,3.883,5.139,5.439,4.613,3.293,4.714
WL0088,manager,stewardship_culture,4.734,4.216,4.995,4.322,3.419,2.888,1.318,3.257,5.215,3.817,5.007,4.958,5.173,2.475,4.395
WL0089,manager,high_growth_competitive,5.413,4.810,4.163,4.047,5.046,3.393,1.433,4.012,3.830,2.934,5.462,3.875,4.340,4.435,5.766
WL0090,manager,high_growth_competitive,4.076,3.807,5.439,3.922,5.530,3.232,1.000,3.836,3.704,4.598,5.802,5.415,6.075,4.142,4.395
WL0091,manager,high_growth_competitive,4.759,3.633,3.205,4.937,4.281,2.437,1.987,3.924,3.989,2.848,4.886,4.298,5.129,2.713,4.741
WL0092,manager,high_growth_competitive,4.561,5.460,3.542,3.582,3.742,3.944,1.047,3.309,3.930,4.013,4.772,4.947,3.352,4.638,4.538
WL0093,manager,high_growth_competitive,2.883,4.414,4.563,5.654,4.506,1.809,1.170,3.287,3.566,3.631,4.146,4.179,4.455,3.559,5.354
WL0094,manager,high_growth_competitive,3.331,4.889,4.259,2.798,3.564,4.775,1.857,4.051,3.711,4.744,4.602,4.748,5.449,3.943,4.469
WL0095,manager,high_growth_competitive,4.849,4.728,3.947,5.035,3.518,2.431,1.000,2.362,3.371,3.019,4.314,3.925,4.453,3.722,5.088
WL0096,manager,high_growth_competitive,5.169,4.356,3.800,3.275,3.549,4.109,1.000,3.886,3.835,4.727,4.666,4.204,4.087,3.893,4.524
WL0097,manager,procedural_bureaucratic,3.871,4.623,5.770,4.797,4.661,2.907,1.000,4.026,4.546,4.417,5.788,4.484,4.467,4.202,5.339
WL0098,manager,procedural_bureaucratic,2.956,4.606,4.860,4.696,4.978,2.459,1.927,3.414,5.136,3.884,4.991,4.672,5.093,3.044,4.541
WL0099,manager,procedural_bureaucratic,3.922,3.657,4.329,3.796,2.785,3.396,1.165,3.603,4.158,4.464,4.298,5.199,4.356,3.529,4.312
WL0100,manager,procedural_bureaucratic,2.892,3.556,3.449,2.347,3.688,4.964,1.000,3.686,4.385,4.223,3.965,4.529,4.259,4.619,4.463
WL0101,manager,procedural_bureaucratic,3.021,2.903,4.034,2.215,5.266,5.124,1.042,3.872,5.079,4.121,5.132,5.300,4.688,3.172,3.645
WL0102,manager,procedural_bureaucratic,4.172,4.665,4.866,3.943,4.805,3.289,1.338,5.328,4.773,3.981,4.683,4.794,4.255,4.742,5.607
WL0103,manager,procedural_bureaucratic,3.672,3.379,5.417,2.930,4.119,4.576,1.000,3.870,4.966,5.047,4.524,4.728,4.117,4.327,3.069
WL0104,manager,procedural_bureaucratic,5.094,4.074,4.812,3.929,4.243,3.026,2.061,3.096,4.491,3.451,5.558,4.058,4.842,3.958,5.234
WL0105,manager,low_accountability_political,3.583,2.660,4.638,4.270,4.493,3.138,1.742,3.529,2.877,3.974,4.218,3.871,5.400,3.319,4.666
WL0106,manager,low_accountability_political,3.976,3.924,4.145,3.875,3.926,3.796,1.186,3.628,2.620,3.981,5.283,4.329,5.080,3.950,4.882
WL0107,manager,low_accountability_political,4.562,4.356,3.738,3.983,2.664,3.502,1.000,3.545,2.934,3.691,4.979,3.971,4.254,3.275,5.029
WL0108,manager,low_accountability_political,4.206,4.847,5.093,4.492,4.907,3.164,1.265,4.441,3.178,4.496,5.083,5.144,3.961,3.611,5.022
WL0109,manager,low_accountability_political,2.613,5.638,3.149,3.381,5.028,4.125,1.000,3.556,2.924,4.451,5.258,4.991,4.555,3.965,4.256
WL0110,manager,low_accountability_political,4.213,3.387,5.195,3.591,3.532,3.571,1.000,3.854,2.204,4.980,5.139,4.656,3.621,3.385,5.007
WL0111,manager,low_accountability_political,4.270,3.753,2.699,3.909,4.298,3.431,1.000,2.657,2.887,2.868,4.527,4.064,4.057,3.847,5.213
WL0112,manager,low_accountability_political,4.587,4.658,3.793,4.291,3.551,3.120,1.000,3.588,2.617,3.385,3.892,4.173,4.382,3.233,5.584
WL0113,manager,collaborative_learning,3.627,2.764,4.284,3.559,5.323,3.963,1.858,3.099,4.368,4.458,4.368,3.870,5.990,3.915,4.480
WL0114,manager,collaborative_learning,4.019,4.143,4.331,3.842,3.889,3.776,1.811,3.406,5.126,3.525,5.231,5.006,4.260,3.388,4.276
WL0115,manager,collaborative_learning,4.264,4.330,4.431,3.630,3.899,3.730,1.000,3.259,4.694,3.865,3.911,4.857,3.787,3.682,4.665
WL0116,manager,collaborative_learning,5.712,3.689,5.056,3.239,3.031,3.799,1.472,3.529,4.270,4.338,5.787,5.397,3.779,3.372,4.426
WL0117,manager,collaborative_learning,4.314,4.511,4.635,4.105,5.150,3.423,1.863,3.424,4.343,3.830,5.176,4.539,4.924,3.417,5.758
WL0118,manager,collaborative_learning,3.338,3.978,4.524,3.452,4.471,4.090,1.555,3.952,4.835,3.323,4.970,5.250,4.777,4.126,3.796
WL0119,manager,collaborative_learning,4.632,4.320,4.429,2.172,4.864,5.536,1.000,4.121,4.512,4.229,5.471,6.295,4.580,4.362,3.924
WL0120,manager,collaborative_learning,3.357,4.425,4.971,3.380,4.375,3.931,2.168,3.422,4.586,3.968,4.795,4.946,3.920,4.730,4.525
WL0121,executive,stewardship_culture,4.109,3.413,4.664,3.511,5.312,3.968,1.000,4.071,5.225,4.541,4.523,5.099,4.655,3.419,3.946
WL0122,executive,stewardship_culture,3.965,3.218,4.439,3.823,3.894,3.925,1.083,3.743,4.667,3.709,5.110,4.496,4.820,3.734,4.427
WL0123,executive,stewardship_culture,4.034,4.462,5.877,3.278,3.745,3.783,1.463,3.927,5.310,4.482,5.918,4.685,3.871,4.592,4.530
WL0124,executive,stewardship_culture,3.247,3.902,5.549,3.399,4.701,3.825,1.319,5.063,5.220,4.637,5.063,3.579,4.686,4.989,4.216
WL0125,executive,stewardship_culture,4.289,5.234,4.881,3.508,2.738,3.961,1.404,3.847,4.940,3.758,5.843,5.491,3.868,4.120,4.297
WL0126,executive,stewardship_culture,4.993,3.144,4.207,3.985,4.086,3.562,1.361,3.591,4.677,3.344,4.972,4.819,4.693,3.194,4.965
WL0127,executive,stewardship_culture,4.703,5.015,4.955,1.885,4.370,5.146,1.000,4.225,5.341,3.913,4.453,5.598,2.618,4.854,2.745
WL0128,executive,stewardship_culture,3.471,4.051,3.258,4.892,4.095,2.201,1.036,3.404,5.362,3.282,5.711,3.961,4.990,4.444,4.490
WL0129,executive,high_growth_competitive,4.151,4.458,3.832,2.560,4.055,4.751,1.000,3.975,3.731,3.161,4.377,4.966,3.440,4.115,3.703
WL0130,executive,high_growth_competitive,2.747,4.660,4.566,4.017,3.779,3.447,1.000,3.568,3.536,3.781,3.712,3.770,3.315,3.376,5.072
WL0131,executive,high_growth_competitive,4.649,3.607,4.670,4.178,5.303,3.257,1.000,4.484,3.448,4.551,6.266,4.917,4.661,3.196,5.144
WL0132,executive,high_growth_competitive,3.730,4.539,3.526,2.636,4.094,4.336,1.055,2.949,2.896,3.438,4.524,4.274,4.609,4.444,2.689
WL0133,executive,high_growth_competitive,4.108,3.656,3.894,4.807,4.432,2.778,1.000,2.864,3.397,3.560,4.755,3.785,4.192,3.345,5.917
WL0134,executive,high_growth_competitive,4.887,4.507,4.323,4.051,4.126,3.330,1.691,3.005,2.624,4.087,5.600,4.415,5.396,3.410,4.788
WL0135,executive,high_growth_competitive,3.919,4.971,4.561,3.170,3.503,4.358,1.287,2.655,3.508,3.696,4.843,5.267,3.191,4.751,6.048
WL0136,executive,high_growth_competitive,4.588,5.145,4.851,2.680,5.410,4.472,1.000,3.842,3.689,3.989,5.245,5.617,4.100,3.719,4.763
WL0137,executive,procedural_bureaucratic,4.569,5.166,4.791,3.723,5.063,3.660,1.895,3.736,4.939,3.387,5.579,5.298,3.977,4.262,3.716
WL0138,executive,procedural_bureaucratic,3.693,3.739,3.917,3.595,5.643,3.959,1.000,4.913,4.489,3.402,4.552,5.029,4.117,3.566,3.788
WL0139,executive,procedural_bureaucratic,3.900,4.553,3.531,4.944,3.563,2.217,1.000,3.028,5.196,2.873,4.933,3.962,4.496,3.285,5.565
WL0140,executive,procedural_bureaucratic,2.488,4.138,4.754,4.908,3.016,2.505,1.000,3.963,5.353,3.162,4.209,5.085,4.753,4.101,4.835
WL0141,executive,procedural_bureaucratic,3.905,4.245,3.428,3.408,4.748,4.251,2.155,4.177,4.734,3.884,4.825,5.069,4.077,3.265,4.545
WL0142,executive,procedural_bureaucratic,4.408,3.908,3.062,3.074,3.549,4.512,1.841,3.383,4.288,3.365,4.653,4.425,4.455,3.369,5.264
WL0143,executive,procedural_bureaucratic,3.516,4.741,3.651,2.559,5.152,4.791,1.000,3.195,4.861,4.641,5.220,5.064,3.703,3.908,4.403
WL0144,executive,procedural_bureaucratic,4.048,2.911,5.466,4.884,3.853,2.126,1.954,3.896,5.227,2.748,4.416,3.545,5.149,2.801,5.759
WL0145,executive,low_accountability_political,2.605,4.240,4.847,2.546,4.095,4.811,1.000,3.624,2.712,4.616,5.891,4.999,4.296,4.344,4.346
WL0146,executive,low_accountability_political,4.404,3.352,3.510,2.186,3.694,5.216,1.663,4.005,2.658,3.968,5.152,3.725,5.233,3.270,4.405
WL0147,executive,low_accountability_political,2.854,4.118,4.129,4.052,3.920,3.063,1.000,3.037,2.837,3.639,5.032,3.375,4.654,3.251,5.357
WL0148,executive,low_accountability_political,2.917,4.198,5.051,2.680,4.796,4.801,1.286,4.152,2.803,5.646,4.116,4.900,4.327,3.743,4.275
WL0149,executive,low_accountability_political,3.812,5.070,3.789,3.423,1.902,3.860,1.793,3.537,2.361,3.518,3.952,4.154,4.682,4.419,4.771
WL0150,executive,low_accountability_political,5.265,3.873,3.331,4.014,5.372,3.871,1.306,3.931,2.789,3.719,6.042,3.658,4.898,4.146,6.253
WL0151,executive,low_accountability_political,4.431,3.589,3.706,3.448,4.230,3.747,2.484,3.576,2.893,4.186,5.173,3.676,5.192,3.117,4.772
WL0152,executive,low_accountability_political,3.335,3.433,2.565,2.915,3.604,4.587,1.163,2.420,3.238,3.522,4.573,3.383,4.373,3.143,6.080
WL0153,executive,collaborative_learning,3.662,3.141,3.037,3.997,4.569,2.942,2.979,3.242,4.146,3.431,4.333,3.826,6.237,2.612,5.175
WL0154,executive,collaborative_learning,3.322,5.557,2.268,3.953,5.550,3.381,1.000,3.814,4.863,3.682,5.259,4.188,3.712,4.411,4.612
WL0155,executive,collaborative_learning,3.954,5.527,3.262,4.269,3.709,3.145,1.000,3.068,4.021,2.845,4.835,4.165,4.906,3.794,5.300
WL0156,executive,collaborative_learning,4.659,4.813,4.061,4.147,4.567,3.072,1.000,4.368,4.343,5.154,4.219,5.258,4.256,4.385,5.182
WL0157,executive,collaborative_learning,4.675,3.955,5.615,3.473,5.051,3.846,1.000,3.792,4.262,4.060,5.234,4.741,3.923,3.465,4.523
WL0158,executive,collaborative_learning,4.130,3.129,4.073,4.337,4.724,3.145,1.009,3.703,4.338,4.090,5.187,4.327,5.377,3.676,4.692
WL0159,executive,collaborative_learning,3.876,4.753,4.949,4.423,4.452,3.288,1.072,4.077,3.809,4.066,6.128,4.435,4.971,3.978,5.150
WL0160,executive,collaborative_learning,3.105,4.030,3.379,4.162,4.780,3.382,1.301,3.555,3.909,3.853,3.973,4.228,3.879,3.866,5.612
WL0161,technical_specialist,stewardship_culture,5.162,3.997,5.315,3.849,4.289,3.653,1.774,4.772,5.537,5.466,5.058,4.609,4.315,3.748,4.359
WL0162,technical_specialist,stewardship_culture,3.153,4.949,3.179,2.942,3.499,4.233,1.000,3.307,5.162,3.463,4.271,5.144,3.254,4.279,4.233
WL0163,technical_specialist,stewardship_culture,3.408,4.479,4.809,2.965,6.371,4.582,1.000,4.872,4.847,4.749,5.338,5.176,4.043,4.160,3.965
WL0164,technical_specialist,stewardship_culture,3.462,5.234,3.820,4.171,5.093,3.146,1.168,2.914,4.896,3.035,4.114,4.432,4.422,3.096,3.919
WL0165,technical_specialist,stewardship_culture,4.343,4.092,4.741,2.620,2.640,4.770,1.000,4.037,5.555,3.125,4.144,5.729,4.342,4.380,3.643
WL0166,technical_specialist,stewardship_culture,4.140,3.951,4.831,4.088,5.449,3.555,1.187,4.016,5.353,4.180,4.670,4.856,4.536,4.137,4.767
WL0167,technical_specialist,stewardship_culture,4.332,3.838,5.592,3.973,3.626,3.407,2.786,3.330,5.006,4.315,4.133,3.870,4.682,4.053,4.937
WL0168,technical_specialist,stewardship_culture,4.012,3.623,4.567,3.765,5.531,3.992,1.437,4.216,4.926,4.621,4.074,5.276,4.466,4.371,3.721
WL0169,technical_specialist,high_growth_competitive,4.634,4.004,4.818,3.624,4.065,3.529,1.000,4.040,3.863,4.710,4.713,4.806,4.092,3.812,4.307
WL0170,technical_specialist,high_growth_competitive,4.909,4.558,4.446,3.113,4.639,4.679,1.112,3.190,4.125,3.628,5.720,4.571,3.569,3.404,4.025
WL0171,technical_specialist,high_growth_competitive,4.611,3.601,5.046,3.577,5.025,3.695,1.578,4.191,3.437,4.094,4.866,4.572,4.736,3.416,5.071
WL0172,technical_specialist,high_growth_competitive,4.059,3.368,4.852,4.430,5.161,2.709,1.000,3.753,3.285,3.511,4.317,4.077,3.815,3.600,5.278
WL0173,technical_specialist,high_growth_competitive,4.218,4.980,3.910,3.761,4.430,3.655,1.000,3.880,3.839,3.446,3.609,4.284,3.955,3.964,5.000
WL0174,technical_specialist,high_growth_competitive,5.105,3.226,3.971,4.589,4.128,3.022,1.621,3.950,3.307,3.765,4.826,4.556,5.361,3.426,3.973
WL0175,technical_specialist,high_growth_competitive,3.830,4.418,4.522,2.587,5.061,4.792,1.402,3.950,3.681,4.073,4.703,4.873,4.685,3.619,3.826
WL0176,technical_specialist,high_growth_competitive,4.676,4.795,4.620,4.163,3.182,3.334,1.000,3.901,3.842,4.852,4.598,4.808,4.371,4.392,5.840
WL0177,technical_specialist,procedural_bureaucratic,3.935,3.696,3.870,3.875,3.784,3.726,2.040,3.572,4.765,3.264,4.728,4.598,5.114,3.037,4.964
WL0178,technical_specialist,procedural_bureaucratic,3.723,3.550,3.794,3.988,4.626,3.282,1.000,3.423,5.261,3.251,4.563,4.640,3.612,3.465,4.482
WL0179,technical_specialist,procedural_bureaucratic,4.385,4.627,3.013,3.030,4.773,4.280,1.000,3.365,4.765,4.560,6.055,4.487,2.987,3.941,4.276
WL0180,technical_specialist,procedural_bureaucratic,4.171,4.445,2.764,3.148,3.221,4.233,1.000,3.086,4.857,3.803,3.990,4.461,4.362,3.466,4.512
WL0181,technical_specialist,procedural_bureaucratic,4.697,4.485,4.717,3.289,3.691,4.053,1.045,4.693,5.069,4.068,4.303,5.231,3.740,3.956,4.169
WL0182,technical_specialist,procedural_bureaucratic,3.458,3.445,3.470,4.105,2.468,3.652,1.785,3.422,4.235,3.265,5.024,5.161,4.666,3.242,5.400
WL0183,technical_specialist,procedural_bureaucratic,4.574,4.621,4.212,4.111,5.699,3.318,1.476,4.478,4.938,3.364,5.374,4.518,4.240,3.976,5.952
WL0184,technical_specialist,procedural_bureaucratic,5.655,4.056,3.200,2.846,3.471,4.304,1.439,3.899,4.825,3.945,4.417,4.589,4.358,3.761,5.285
WL0185,technical_specialist,low_accountability_political,4.032,4.975,3.842,4.720,4.359,2.931,1.055,3.467,3.266,3.608,4.732,4.989,5.095,3.335,4.913
WL0186,technical_specialist,low_accountability_political,3.781,4.352,3.303,3.887,3.734,3.294,1.310,2.924,2.722,3.245,4.864,2.961,4.509,4.190,5.102
WL0187,technical_specialist,low_accountability_political,3.742,4.223,3.463,4.179,3.416,3.433,1.623,3.262,2.846,3.238,4.213,3.740,4.602,3.829,4.151
WL0188,technical_specialist,low_accountability_political,2.061,4.816,3.239,4.075,5.123,3.027,1.000,4.035,2.379,3.412,4.233,3.938,5.071,3.934,5.449
WL0189,technical_specialist,low_accountability_political,3.827,5.890,4.000,4.067,5.195,3.109,1.000,3.379,2.655,3.817,4.956,5.528,3.796,4.524,5.192
WL0190,technical_specialist,low_accountability_political,3.724,3.484,5.057,2.895,4.157,4.365,1.000,4.060,2.481,4.247,5.126,5.522,3.458,4.437,4.736
WL0191,technical_specialist,low_accountability_political,2.952,2.854,4.290,3.643,3.626,3.355,1.572,2.865,2.702,3.642,3.597,3.658,5.027,3.399,5.255
WL0192,technical_specialist,low_accountability_political,4.707,4.067,4.427,5.025,4.739,2.437,1.721,3.586,2.328,3.190,4.976,3.765,5.277,3.154,5.381
WL0193,technical_specialist,collaborative_learning,4.664,4.363,3.666,5.357,4.519,1.594,2.469,3.233,4.393,3.604,5.547,3.405,4.577,2.894,5.866
WL0194,technical_specialist,collaborative_learning,4.293,4.206,4.596,3.943,4.097,3.297,1.000,4.113,4.482,4.347,4.613,4.620,4.613,4.186,5.180
WL0195,technical_specialist,collaborative_learning,3.421,4.837,4.456,4.071,4.614,3.156,1.000,3.577,4.412,3.737,4.395,4.621,4.208,4.116,4.901
WL0196,technical_specialist,collaborative_learning,3.972,4.368,4.575,4.351,5.180,2.877,1.709,3.559,4.598,3.594,4.532,3.973,4.807,3.574,4.189
WL0197,technical_specialist,collaborative_learning,5.099,3.958,5.212,4.414,4.158,3.169,2.595,3.783,5.233,3.576,5.634,5.638,4.748,3.650,4.439
WL0198,technical_specialist,collaborative_learning,4.733,4.274,4.777,3.349,3.699,4.174,1.156,3.786,4.618,4.069,5.198,5.293,5.016,3.732,5.312
WL0199,technical_specialist,collaborative_learning,5.881,4.507,4.311,2.734,4.185,4.665,1.000,3.589,4.767,4.008,4.563,5.023,3.906,4.552,4.375
WL0200,technical_specialist,collaborative_learning,4.726,4.226,4.483,4.587,4.662,2.861,1.000,4.206,4.479,3.795,5.293,4.854,4.015,4.066,5.419
WL0201,client_facing,stewardship_culture,3.909,4.207,3.465,3.505,3.648,3.769,1.321,3.229,5.158,3.451,4.653,4.649,4.258,3.361,4.120
WL0202,client_facing,stewardship_culture,3.164,4.572,4.882,4.060,3.756,3.360,1.000,3.949,5.837,4.470,4.599,5.130,4.260,4.728,4.689
WL0203,client_facing,stewardship_culture,3.460,4.881,4.239,2.802,3.014,5.051,2.188,4.074,5.174,3.638,3.747,5.527,4.169,3.951,4.002
WL0204,client_facing,stewardship_culture,4.558,5.010,4.982,2.875,3.671,4.603,1.487,3.515,4.796,4.752,4.513,6.209,3.688,4.161,4.148
WL0205,client_facing,stewardship_culture,4.540,4.085,3.640,2.554,5.143,4.956,1.000,4.236,5.370,4.952,4.902,5.015,3.751,4.113,4.740
WL0206,client_facing,stewardship_culture,3.682,4.790,2.598,4.445,3.398,2.683,1.553,2.515,4.777,2.774,4.391,4.703,4.113,2.982,5.721
WL0207,client_facing,stewardship_culture,4.605,3.679,5.014,3.573,5.277,3.963,2.186,3.786,5.257,4.043,5.917,5.365,4.271,4.127,4.235
WL0208,client_facing,stewardship_culture,3.875,4.003,4.332,3.813,4.632,3.493,1.037,3.488,5.484,3.806,5.354,4.567,4.196,3.589,4.595
WL0209,client_facing,high_growth_competitive,4.130,4.647,4.988,4.636,3.412,2.797,1.000,4.403,3.751,3.733,4.256,4.801,3.770,4.134,5.187
WL0210,client_facing,high_growth_competitive,4.058,5.054,4.262,4.792,5.186,2.899,1.000,2.615,2.777,3.436,5.017,4.010,4.416,2.850,5.725
WL0211,client_facing,high_growth_competitive,4.867,3.752,3.948,2.955,3.982,4.559,1.000,3.586,3.717,3.779,4.234,4.192,4.226,3.025,4.148
WL0212,client_facing,high_growth_competitive,3.739,3.675,4.696,4.103,3.832,3.127,1.752,4.142,3.330,3.722,4.243,4.775,4.492,3.195,4.817
WL0213,client_facing,high_growth_competitive,2.866,4.051,3.620,3.173,4.829,4.342,1.000,3.135,3.564,3.739,4.248,4.265,4.432,4.540,4.648
WL0214,client_facing,high_growth_competitive,4.231,3.341,4.972,3.768,3.714,3.823,1.000,4.088,3.136,4.889,5.103,5.031,4.246,3.635,4.472
WL0215,client_facing,high_growth_competitive,3.615,4.136,3.685,3.300,4.399,4.471,1.212,3.797,3.964,3.667,4.766,4.309,4.415,3.743,4.127
WL0216,client_facing,high_growth_competitive,2.305,4.657,4.783,2.621,3.800,4.947,1.861,3.741,3.815,3.695,3.825,5.609,4.058,4.488,3.715
WL0217,client_facing,procedural_bureaucratic,3.365,3.491,4.482,2.859,4.821,4.289,1.370,4.069,4.615,3.832,4.582,4.149,4.512,3.523,3.323
WL0218,client_facing,procedural_bureaucratic,4.291,3.645,4.666,4.308,4.746,3.236,1.008,3.259,4.778,3.712,4.695,4.334,4.738,3.826,6.370
WL0219,client_facing,procedural_bureaucratic,3.300,2.829,3.449,4.153,4.679,3.060,1.000,2.916,4.987,3.556,5.374,4.169,5.397,3.109,4.839
WL0220,client_facing,procedural_bureaucratic,4.391,4.466,4.639,2.543,5.583,4.798,1.000,3.675,4.963,4.840,5.968,5.836,3.296,4.081,5.096
WL0221,client_facing,procedural_bureaucratic,4.497,4.589,3.616,4.275,3.379,2.768,1.670,3.588,4.416,2.586,3.880,3.921,4.766,3.655,5.515
WL0222,client_facing,procedural_bureaucratic,4.952,4.567,4.257,3.085,3.567,4.372,1.000,3.626,4.482,3.681,6.000,4.997,4.361,4.296,3.963
WL0223,client_facing,procedural_bureaucratic,3.681,4.583,4.905,3.607,3.638,3.701,1.000,4.103,4.967,4.909,5.524,4.960,3.629,4.075,3.995
WL0224,client_facing,procedural_bureaucratic,4.040,3.961,4.287,2.944,4.561,4.912,1.229,3.221,5.495,3.726,4.976,5.078,4.287,3.910,4.192
WL0225,client_facing,low_accountability_political,5.068,3.357,4.094,3.623,3.822,3.911,1.000,3.660,2.676,3.465,4.482,3.899,4.997,3.207,4.669
WL0226,client_facing,low_accountability_political,3.786,5.113,3.881,2.150,4.642,5.286,1.472,4.032,2.981,4.389,4.489,5.130,4.249,3.856,4.667
WL0227,client_facing,low_accountability_political,4.121,3.062,4.185,3.911,4.066,3.740,1.858,3.683,2.995,3.558,4.864,4.527,5.648,3.233,4.386
WL0228,client_facing,low_accountability_political,4.525,5.050,4.650,3.227,4.754,3.618,1.077,4.175,2.770,4.507,4.995,4.524,3.979,3.575,5.238
WL0229,client_facing,low_accountability_political,4.005,2.496,4.077,5.007,4.656,2.299,1.911,3.176,2.959,3.152,4.825,3.585,5.809,2.429,5.029
WL0230,client_facing,low_accountability_political,3.363,2.970,3.338,3.359,2.919,3.867,1.116,3.042,2.925,4.582,4.034,3.698,5.089,3.329,5.225
WL0231,client_facing,low_accountability_political,3.683,3.259,3.197,4.668,3.563,2.938,1.000,2.974,3.115,3.180,5.938,3.139,5.694,3.156,4.834
WL0232,client_facing,low_accountability_political,3.347,3.947,4.519,3.911,5.044,3.482,1.245,3.023,2.892,3.135,4.933,4.184,4.891,2.896,5.362
WL0233,client_facing,collaborative_learning,3.173,5.014,5.215,4.216,4.704,3.153,1.553,3.043,4.005,3.653,4.356,5.415,3.969,3.582,5.167
WL0234,client_facing,collaborative_learning,2.381,4.520,3.717,3.568,5.047,3.843,1.405,3.296,4.421,3.325,4.937,4.082,3.748,3.919,4.958
WL0235,client_facing,collaborative_learning,2.846,4.421,4.702,4.278,4.553,3.489,1.082,3.718,4.573,4.191,3.652,4.734,3.994,3.909,4.833
WL0236,client_facing,collaborative_learning,2.688,4.200,4.271,4.397,3.618,2.727,2.134,3.770,4.410,4.225,4.255,4.987,4.671,3.223,5.624
WL0237,client_facing,collaborative_learning,4.750,4.036,3.840,4.419,3.802,2.867,1.407,3.466,4.447,3.009,4.076,3.803,4.965,2.682,5.056
WL0238,client_facing,collaborative_learning,4.696,4.436,3.177,4.038,3.494,3.374,1.661,3.013,4.662,3.741,4.566,4.627,4.943,3.169,5.623
WL0239,client_facing,collaborative_learning,4.320,3.190,4.117,4.562,4.419,2.818,2.785,3.253,4.065,3.882,5.005,3.575,5.304,3.088,5.022
WL0240,client_facing,collaborative_learning,3.686,5.142,4.663,3.910,3.274,3.843,1.000,3.798,4.807,4.755,5.683,5.041,3.438,3.120,4.463
