person_id,conscientiousness_score,extraversion_score,neuroticism_score,mean_state_conscientiousness,sd_state_conscientiousness,mean_state_extraversion,sd_state_extraversion,mean_state_neuroticism,sd_state_neuroticism,n_observations,trait_state_alignment_index,state_variability_index,person_situation_sensitivity_index,aggregation_reliability_index
TRT00001,2.687,1.784,5.134,3.522,0.556,2.808,0.507,4.858,0.574,18,7.855,1.636,3.656,7.437
TRT00002,5.011,3.563,4.937,4.965,0.688,3.730,0.668,4.550,0.672,18,9.501,2.027,4.141,7.946
TRT00003,5.921,3.736,5.612,5.526,0.577,3.589,0.706,4.839,0.458,18,8.726,1.741,3.516,7.118
TRT00004,4.475,3.871,4.315,4.543,0.520,3.701,0.716,3.968,0.676,18,9.745,1.912,3.659,8.034
TRT00005,3.738,2.825,2.708,4.074,0.586,3.057,0.630,3.162,0.593,18,8.941,1.808,3.745,7.525
TRT00006,5.762,5.059,4.089,5.288,0.528,4.615,0.418,4.003,0.619,18,9.279,1.566,3.559,7.677
TRT00007,3.872,4.360,2.392,4.205,0.516,4.186,0.438,2.794,0.555,18,9.142,1.509,3.834,8.065
TRT00008,2.579,4.164,4.015,3.480,0.601,4.156,0.639,4.008,0.608,18,9.236,1.849,4.078,7.718
TRT00009,5.424,4.127,3.384,5.225,0.449,4.107,0.558,3.335,0.890,18,9.622,1.897,3.615,7.788
TRT00010,3.242,4.209,3.333,3.783,0.550,4.134,0.702,3.449,0.590,18,9.216,1.843,3.770,7.516
TRT00011,3.482,3.341,2.704,3.970,0.754,3.762,0.481,3.071,0.564,18,8.791,1.799,3.962,7.243
TRT00012,4.233,3.987,3.641,4.509,0.699,3.943,0.642,3.589,0.591,18,9.579,1.932,3.723,7.979
TRT00013,5.385,3.612,3.667,5.023,0.722,3.697,0.641,3.657,0.667,18,9.366,2.030,3.260,7.941
TRT00014,3.499,4.256,1.742,3.748,0.487,4.033,0.575,2.100,0.519,18,9.346,1.580,4.059,7.908
TRT00015,2.053,3.984,5.013,2.960,0.449,4.172,0.611,4.463,0.581,18,8.051,1.640,3.884,7.411
TRT00016,3.955,6.170,2.591,4.187,0.552,5.095,0.669,3.029,0.549,18,8.606,1.770,3.594,8.006
TRT00017,4.086,5.360,3.291,4.267,0.654,4.768,0.772,3.366,0.696,18,8.811,2.122,4.069,7.947
TRT00018,4.380,3.130,3.757,4.486,0.526,3.232,0.637,3.485,0.729,18,9.603,1.892,3.887,7.664
TRT00019,2.719,5.163,3.117,3.377,0.484,4.457,0.709,3.063,0.597,18,8.572,1.790,3.900,7.652
TRT00020,3.178,4.453,3.691,3.752,0.656,4.176,0.804,3.588,0.773,18,9.155,2.233,3.744,7.503
TRT00021,5.533,3.897,4.911,5.217,0.370,3.885,0.451,4.343,0.490,18,9.550,1.312,4.206,8.251
TRT00022,5.124,2.736,4.710,4.948,0.561,2.997,0.495,4.123,0.505,18,9.166,1.561,3.882,7.713
TRT00023,4.036,3.738,3.884,4.274,0.740,3.578,0.882,3.710,0.514,18,8.960,2.136,3.877,7.237
TRT00024,2.527,3.082,3.519,3.334,0.604,3.323,0.704,3.686,0.721,18,8.924,2.029,3.893,7.787
TRT00025,3.717,4.551,2.935,4.172,0.677,4.108,0.819,2.886,0.690,18,8.903,2.186,3.580,7.812
TRT00026,2.850,3.448,2.857,3.487,0.587,3.288,0.799,3.069,0.818,18,9.070,2.203,3.666,7.439
TRT00027,4.782,3.655,2.643,4.519,0.672,3.690,0.568,2.937,0.574,18,9.305,1.814,4.085,7.831
TRT00028,4.275,3.466,4.745,4.567,0.483,3.765,0.541,4.519,0.633,18,9.462,1.657,4.245,7.710
TRT00029,5.290,2.994,3.259,5.268,0.511,3.155,0.596,3.017,0.635,18,9.500,1.742,3.805,7.931
TRT00030,5.212,2.573,6.509,5.345,0.517,3.163,0.755,5.524,0.661,18,8.504,1.933,4.044,7.896
TRT00031,2.834,2.864,3.057,3.318,0.332,3.265,0.473,3.266,0.466,18,9.239,1.271,3.721,7.866
TRT00032,3.721,4.731,3.655,4.116,0.652,4.120,0.564,3.472,0.593,18,8.633,1.809,3.791,7.553
TRT00033,4.876,4.225,3.152,4.741,0.540,4.289,0.522,3.464,0.708,18,9.785,1.770,4.119,8.159
TRT00034,4.199,2.662,4.700,4.451,0.653,3.189,0.614,4.404,0.554,18,8.753,1.821,3.771,7.303
TRT00035,5.329,3.565,3.784,4.943,0.513,3.481,0.541,3.742,0.543,18,9.511,1.597,3.824,8.047
TRT00036,3.873,4.542,3.817,4.010,0.578,4.296,0.613,3.794,0.865,18,9.896,2.056,3.546,8.017
TRT00037,3.688,3.773,4.048,4.106,0.564,3.706,0.656,3.495,0.869,18,9.043,2.088,3.591,7.859
TRT00038,2.768,5.265,5.004,3.496,0.429,4.617,0.542,4.601,0.662,18,8.167,1.633,4.178,7.517
TRT00039,3.697,3.758,3.240,4.290,0.520,3.932,0.766,3.353,0.561,18,9.118,1.846,4.144,7.804
TRT00040,4.932,2.526,3.771,4.798,0.485,3.002,0.609,3.660,0.409,18,9.501,1.503,3.988,8.093
TRT00041,3.687,3.939,4.677,4.199,0.596,3.616,0.488,3.989,0.452,18,8.407,1.535,3.789,7.406
TRT00042,5.090,3.079,2.139,5.173,0.577,3.117,0.794,2.428,0.768,18,9.605,2.139,3.910,7.777
TRT00043,2.508,4.952,3.456,3.401,0.860,4.770,0.649,3.255,0.436,18,8.804,1.945,3.652,7.589
TRT00044,4.226,2.826,2.119,4.468,0.649,2.889,0.682,2.417,0.519,18,9.315,1.850,4.181,7.596
TRT00045,4.625,2.939,4.500,4.676,0.681,2.992,0.734,4.335,0.693,18,9.585,2.109,4.101,8.246
TRT00046,5.236,4.755,4.089,5.139,0.493,4.184,0.553,3.877,0.645,18,9.032,1.691,4.070,7.735
TRT00047,3.523,4.131,2.575,3.976,0.538,4.219,0.814,2.850,0.382,18,9.098,1.734,4.048,7.925
TRT00048,5.819,4.157,5.344,5.417,0.533,3.976,0.753,4.849,0.702,18,8.877,1.988,3.606,7.364
TRT00049,3.222,1.555,1.971,3.866,0.500,2.578,0.607,2.711,0.750,18,7.546,1.857,4.103,7.164
TRT00050,2.641,2.682,4.378,3.297,0.652,3.099,0.746,4.075,0.468,18,8.449,1.867,3.861,7.410
TRT00051,4.858,4.422,3.256,4.607,0.368,3.936,0.591,3.311,0.783,18,9.352,1.742,3.694,7.689
TRT00052,2.079,3.370,2.213,3.043,0.545,3.453,0.739,2.674,0.639,18,8.366,1.924,3.862,7.582
TRT00053,2.159,4.445,5.078,2.945,0.388,4.212,0.518,4.460,0.554,18,8.426,1.460,4.044,7.516
TRT00054,3.435,3.234,3.143,3.797,0.609,3.628,0.520,3.300,0.484,18,9.036,1.613,3.871,8.046
TRT00055,4.189,5.641,4.259,4.484,0.528,4.997,0.722,3.891,0.572,18,8.628,1.822,3.474,7.409
TRT00056,3.060,3.371,4.636,3.801,0.540,3.292,0.708,3.959,0.618,18,8.528,1.867,3.865,7.651
TRT00057,4.960,3.965,3.620,5.000,0.598,3.868,0.312,3.697,0.656,18,9.717,1.566,3.814,7.876
TRT00058,3.933,5.149,3.662,4.091,0.590,4.414,0.731,3.621,0.736,18,8.796,2.057,3.737,7.466
TRT00059,2.193,5.149,3.067,3.168,0.508,4.812,0.484,3.360,0.720,18,8.298,1.712,3.743,7.495
TRT00060,4.657,4.604,5.654,4.507,0.428,4.141,0.852,4.729,0.736,18,8.198,2.016,3.881,7.158
TRT00061,3.536,3.618,5.497,4.058,0.468,3.878,0.767,4.664,0.375,18,8.302,1.610,4.338,7.431
TRT00062,3.946,3.834,3.718,4.361,0.397,3.721,0.735,3.616,0.772,18,9.317,1.905,4.119,7.859
TRT00063,2.814,3.811,4.050,3.376,0.441,3.817,0.706,3.950,0.705,18,9.490,1.853,4.050,7.738
TRT00064,4.588,1.915,1.956,4.709,0.442,2.555,0.665,2.584,0.811,18,8.594,1.917,3.911,7.429
TRT00065,2.439,3.085,2.998,3.248,0.569,3.396,0.616,3.472,0.745,18,8.553,1.930,3.945,7.853
TRT00066,2.711,5.817,5.064,3.426,0.567,5.157,0.604,4.380,0.549,18,7.738,1.719,3.368,7.121
TRT00067,4.194,4.418,2.007,4.447,0.742,4.087,0.625,2.502,0.449,18,9.018,1.816,3.554,7.810
TRT00068,3.319,3.241,2.897,3.592,0.619,3.522,0.424,3.239,0.641,18,8.766,1.684,4.218,7.526
TRT00069,5.045,3.206,3.309,4.773,0.523,3.264,0.609,3.263,0.678,18,9.956,1.810,3.527,8.087
TRT00070,4.513,5.296,4.305,4.749,0.455,4.620,0.620,4.086,0.497,18,8.610,1.572,3.588,7.654
TRT00071,3.373,4.257,2.516,3.797,0.330,3.999,0.516,2.772,0.501,18,8.932,1.346,3.365,7.726
TRT00072,5.298,2.206,3.013,5.017,0.616,2.736,0.794,3.092,0.569,18,9.127,1.978,4.147,7.750
TRT00073,3.519,2.003,3.293,3.806,0.616,2.552,0.841,3.348,0.632,18,9.024,2.088,3.736,7.506
TRT00074,2.887,2.659,4.028,3.782,0.497,3.071,0.709,3.718,0.804,18,8.374,2.010,3.690,7.671
TRT00075,6.061,2.277,4.597,5.526,0.566,2.938,0.510,4.179,0.588,18,8.419,1.663,3.738,7.427
TRT00076,4.727,3.117,2.984,5.113,0.754,3.358,0.610,3.178,0.578,18,8.850,1.942,3.790,7.595
TRT00077,5.903,2.427,4.216,5.457,0.622,2.867,0.628,4.039,0.599,18,9.143,1.850,4.264,7.521
TRT00078,4.838,2.472,4.713,4.628,0.489,3.156,0.825,4.289,0.613,18,8.598,1.928,3.883,7.157
TRT00079,3.826,3.465,3.627,4.202,0.517,3.523,0.515,3.711,0.565,18,9.702,1.597,4.530,8.200
TRT00080,2.517,3.787,1.876,3.499,0.543,3.269,0.562,2.290,0.728,18,8.184,1.832,3.296,7.358
TRT00081,3.728,3.363,3.705,4.516,0.440,3.300,0.853,3.508,0.661,18,8.799,1.954,3.994,7.660
TRT00082,4.097,2.648,2.979,4.399,0.529,3.207,0.729,3.179,0.710,18,8.895,1.968,4.080,7.803
TRT00083,5.254,2.065,4.056,5.067,0.300,2.671,0.648,4.025,0.448,18,9.128,1.397,4.093,7.673
TRT00084,5.449,5.353,5.292,5.014,0.554,4.526,0.807,4.545,0.729,18,7.842,2.091,3.816,7.115
TRT00085,3.016,2.495,4.802,3.658,0.546,2.812,0.760,4.089,0.649,18,8.198,1.955,3.617,7.627
TRT00086,3.849,3.131,4.263,4.052,0.753,3.305,0.674,4.028,0.566,18,9.255,1.993,4.088,7.768
TRT00087,3.005,4.603,3.256,3.792,0.693,4.436,0.499,3.443,0.698,18,9.041,1.889,4.156,7.702
TRT00088,3.694,4.882,4.866,3.749,0.749,4.372,0.784,4.234,0.554,18,8.591,2.087,3.435,7.859
TRT00089,2.702,3.333,4.499,3.385,0.478,3.418,0.596,4.319,0.602,18,8.924,1.675,4.017,7.714
TRT00090,4.068,4.031,1.174,4.287,0.649,3.744,0.716,2.044,0.492,18,8.285,1.857,3.737,7.871
TRT00091,5.859,3.986,4.628,5.307,0.436,3.981,0.618,4.201,0.524,18,8.902,1.578,3.788,7.316
TRT00092,5.787,2.890,3.414,5.164,0.421,3.169,0.885,3.252,0.568,18,8.761,1.874,3.681,7.305
TRT00093,4.277,3.805,3.222,4.540,0.472,3.481,0.819,3.246,0.704,18,9.112,1.995,4.023,7.702
TRT00094,4.041,4.163,3.888,4.220,0.576,4.076,0.580,3.845,0.573,18,9.270,1.730,3.887,7.557
TRT00095,4.085,2.657,4.071,4.296,0.522,3.235,0.540,4.054,0.495,18,9.415,1.557,4.064,8.005
TRT00096,4.288,2.962,3.473,4.241,0.594,3.299,0.651,3.537,0.782,18,9.265,2.027,4.089,7.882
TRT00097,4.961,3.727,4.433,4.730,0.394,3.616,0.631,4.134,0.736,18,9.467,1.761,3.368,7.908
TRT00098,3.152,3.217,4.966,3.707,0.499,3.417,0.628,4.481,0.551,18,8.456,1.679,3.980,7.678
TRT00099,4.210,4.215,4.611,4.493,0.543,3.626,0.530,3.991,0.612,18,8.514,1.685,3.711,7.100
TRT00100,4.118,5.272,4.386,4.201,0.556,4.437,0.516,3.910,0.706,18,8.599,1.778,3.325,7.952
TRT00101,5.108,4.609,4.227,4.810,0.732,4.321,0.695,3.825,0.646,18,9.069,2.073,3.889,7.778
TRT00102,2.279,3.916,4.681,3.316,0.521,4.061,0.554,4.337,0.743,18,8.500,1.819,4.161,7.442
TRT00103,4.371,3.092,4.318,4.247,0.580,3.250,0.774,3.894,0.690,18,9.218,2.043,3.335,7.893
TRT00104,3.893,3.657,4.365,4.213,0.540,3.730,0.664,4.112,0.668,18,9.419,1.872,3.788,7.907
TRT00105,4.012,3.331,4.478,4.378,0.454,3.278,0.621,4.032,0.571,18,9.063,1.646,3.871,7.871
TRT00106,3.411,3.772,3.175,3.880,0.404,3.977,0.589,3.398,0.655,18,9.203,1.648,3.909,7.742
TRT00107,3.204,4.273,1.737,3.715,0.738,3.840,0.521,2.485,0.619,18,8.628,1.879,3.653,7.665
TRT00108,4.863,1.638,5.405,4.789,0.399,2.388,0.689,4.469,0.464,18,8.214,1.552,3.522,7.459
TRT00109,3.993,5.513,3.712,3.959,0.513,4.559,0.833,3.442,0.592,18,8.849,1.938,3.590,7.692
TRT00110,4.506,3.941,2.820,4.435,0.440,3.891,0.660,3.011,0.512,18,9.855,1.612,3.646,8.333
TRT00111,5.843,4.759,2.928,5.285,0.446,4.464,0.743,3.094,0.645,18,8.764,1.834,3.730,7.825
TRT00112,5.101,3.199,3.465,4.967,0.550,3.560,0.706,3.646,0.690,18,9.194,1.946,4.265,7.590
TRT00113,4.797,3.309,3.038,4.687,0.609,3.264,0.523,3.026,0.700,18,9.797,1.831,3.284,8.209
TRT00114,6.459,2.311,5.671,5.571,0.555,2.858,0.680,4.747,0.713,18,7.475,1.948,3.600,7.144
TRT00115,4.540,3.739,4.265,4.549,0.682,4.058,0.546,4.099,0.477,18,9.621,1.705,3.794,8.159
TRT00116,4.083,4.138,2.904,4.366,0.453,4.085,0.585,3.093,0.549,18,9.584,1.587,3.304,7.975
TRT00117,4.928,3.488,4.972,4.696,0.532,3.265,0.650,4.328,0.487,18,8.853,1.668,3.892,7.606
TRT00118,5.277,3.226,4.729,4.865,0.506,3.300,0.654,4.200,0.593,18,9.061,1.753,3.363,7.363
TRT00119,4.466,1.900,1.950,4.654,0.918,2.643,0.578,2.204,0.437,18,8.566,1.933,3.557,7.606
TRT00120,2.484,4.333,4.437,3.372,0.508,3.990,0.703,3.807,0.706,18,8.078,1.917,3.205,7.144
TRT00121,6.023,4.643,3.937,5.406,0.495,4.313,0.781,3.682,0.744,18,8.489,2.020,3.617,7.363
TRT00122,3.354,5.706,1.512,3.901,0.546,5.056,0.701,2.226,0.666,18,8.133,1.913,4.310,7.463
TRT00123,3.514,2.655,4.094,3.900,0.511,3.040,0.833,3.776,0.629,18,8.964,1.974,3.454,7.956
TRT00124,4.888,4.303,3.827,4.818,0.513,4.106,0.688,3.895,0.773,18,9.644,1.974,3.948,7.797
TRT00125,3.585,2.965,4.468,3.931,0.640,3.359,0.777,4.270,0.665,18,8.967,2.081,3.737,7.869
TRT00126,5.526,3.642,1.335,5.320,0.492,3.711,0.673,2.356,0.591,18,8.689,1.756,3.680,7.555
TRT00127,4.740,4.067,4.293,4.890,0.337,4.007,0.608,4.048,0.751,18,9.394,1.697,3.889,8.260
TRT00128,5.849,4.332,4.902,5.337,0.548,4.061,0.762,4.398,0.559,18,8.752,1.869,3.873,7.585
TRT00129,5.695,3.639,4.156,5.410,0.447,3.635,0.646,3.807,0.801,18,9.222,1.893,3.895,7.483
TRT00130,3.521,3.511,4.200,3.770,0.712,3.361,0.632,3.869,0.680,18,9.098,2.024,4.094,7.465
TRT00131,4.909,3.811,4.010,4.935,0.601,3.666,0.559,3.927,0.701,18,9.878,1.862,3.482,7.801
TRT00132,3.196,5.894,4.390,3.416,0.553,5.102,0.655,3.905,0.575,18,8.835,1.783,2.878,7.558
TRT00133,4.542,4.451,1.366,4.567,0.474,3.559,0.675,1.963,0.830,18,8.582,1.979,3.556,7.341
TRT00134,5.991,3.818,4.072,5.555,0.437,3.648,0.528,3.950,0.520,18,9.362,1.484,3.885,7.872
TRT00135,4.141,3.592,3.117,4.188,0.496,3.977,0.562,3.378,0.620,18,9.615,1.679,3.885,7.812
TRT00136,3.672,5.721,4.392,3.847,0.622,4.776,0.732,3.825,0.584,18,8.490,1.937,3.280,7.353
TRT00137,3.701,4.634,4.189,4.214,0.538,4.385,0.685,3.898,0.699,18,8.786,1.923,4.282,7.564
TRT00138,4.855,3.270,4.989,4.968,0.625,3.325,0.764,4.254,0.703,18,9.039,2.093,3.820,7.484
TRT00139,3.294,3.582,3.622,3.772,0.572,3.905,0.518,3.649,0.701,18,9.073,1.790,4.115,7.488
TRT00140,2.761,2.772,3.749,3.623,0.424,3.154,0.657,3.801,0.533,18,8.810,1.613,3.932,8.036
TRT00141,4.904,3.995,2.688,4.847,0.608,4.201,0.557,3.006,0.754,18,9.277,1.919,4.137,7.935
TRT00142,5.183,3.201,1.768,5.074,0.602,3.719,0.747,2.553,0.555,18,8.790,1.904,4.138,7.565
TRT00143,3.007,2.512,5.316,3.489,0.580,2.837,0.554,4.732,0.779,18,8.401,1.913,3.623,7.704
TRT00144,6.029,5.078,4.264,5.437,0.498,4.501,0.615,3.980,0.479,18,8.474,1.591,3.241,7.586
TRT00145,6.077,5.584,4.987,5.426,0.773,4.968,0.559,4.664,0.499,18,8.518,1.831,3.735,7.438
TRT00146,5.034,5.616,2.140,4.933,0.514,5.028,0.820,2.743,0.628,18,8.493,1.961,4.019,7.583
TRT00147,5.576,3.514,2.801,5.007,0.609,3.620,0.549,3.140,0.676,18,9.075,1.834,3.797,7.443
TRT00148,3.339,4.376,6.078,3.480,0.698,4.464,0.696,5.138,0.729,18,8.839,2.123,3.616,7.322
TRT00149,4.203,2.369,4.563,4.205,0.584,2.871,0.600,3.935,0.445,18,8.812,1.629,3.337,7.715
TRT00150,4.802,3.293,4.701,4.795,0.707,3.450,0.584,4.295,0.561,18,9.467,1.851,3.966,7.919
TRT00151,3.719,2.013,3.660,4.131,0.478,2.726,0.739,3.665,0.836,18,8.495,2.053,4.004,7.744
TRT00152,5.601,4.446,4.186,5.277,0.619,4.310,0.580,4.174,0.798,18,9.601,1.998,3.797,7.929
TRT00153,3.937,2.354,3.137,4.189,0.669,2.723,0.870,3.030,0.653,18,9.419,2.192,3.719,7.878
TRT00154,5.774,4.194,4.934,5.149,0.535,4.069,0.671,4.578,0.565,18,8.953,1.771,3.670,7.811
TRT00155,4.684,4.839,5.223,4.596,0.566,4.512,0.593,4.704,0.920,18,9.331,2.079,3.981,7.646
TRT00156,2.522,4.016,2.684,3.141,0.685,3.702,0.485,2.659,0.643,18,9.013,1.812,3.640,7.224
TRT00157,2.132,3.898,4.604,3.235,0.497,3.658,0.684,4.071,0.621,18,8.174,1.803,3.663,7.401
TRT00158,4.140,6.493,4.697,4.404,0.420,5.417,0.719,4.239,0.669,18,8.472,1.808,4.314,7.297
TRT00159,2.598,5.107,3.707,3.590,0.529,4.788,0.503,3.998,0.591,18,8.440,1.622,4.384,7.426
TRT00160,4.226,4.107,5.200,4.361,0.721,3.590,0.767,4.429,0.533,18,8.427,2.021,3.809,7.668
TRT00161,2.185,3.319,4.804,3.164,0.482,3.431,0.641,4.400,0.552,18,8.561,1.675,4.249,7.616
TRT00162,2.810,3.217,3.832,3.531,0.404,3.232,0.634,3.490,0.597,18,9.222,1.636,3.662,7.799
TRT00163,2.499,3.466,4.795,3.298,0.690,3.527,0.688,4.509,0.588,18,8.926,1.967,4.086,7.786
TRT00164,4.237,1.179,5.032,4.534,0.578,2.049,0.512,4.528,0.777,18,8.232,1.868,3.911,7.141
TRT00165,3.122,4.832,4.160,3.705,0.629,4.518,0.757,3.775,0.747,18,8.731,2.133,3.986,7.582
TRT00166,4.088,4.889,4.840,4.363,0.556,4.177,0.451,4.244,0.546,18,8.420,1.554,3.532,7.360
TRT00167,4.605,5.072,3.849,4.667,0.638,4.448,0.544,3.807,0.636,18,9.102,1.818,4.521,8.100
TRT00168,4.075,4.359,3.177,4.108,0.649,4.105,0.579,3.331,0.546,18,9.857,1.774,3.598,8.434
TRT00169,3.674,2.616,3.041,4.124,0.568,3.005,0.543,3.229,0.625,18,8.961,1.736,4.232,7.107
TRT00170,5.927,2.296,2.015,5.523,0.590,2.963,0.613,2.668,0.640,18,8.392,1.843,4.080,7.825
TRT00171,4.806,4.298,2.615,4.700,0.445,4.210,0.626,2.777,0.743,18,9.419,1.814,3.986,7.517
TRT00172,3.673,5.845,4.301,4.021,0.670,5.101,0.848,4.018,0.758,18,8.554,2.277,3.538,7.549
TRT00173,4.683,2.745,1.922,4.664,0.657,3.037,0.719,2.425,0.502,18,9.389,1.879,4.240,7.981
TRT00174,4.678,2.777,4.081,4.490,0.582,3.004,0.532,3.695,0.675,18,9.222,1.789,3.222,7.919
TRT00175,4.584,3.118,4.425,4.494,0.600,3.254,0.581,4.404,0.747,18,9.838,1.928,4.203,8.019
TRT00176,4.138,3.321,5.222,4.279,0.502,3.337,0.839,4.396,0.867,18,9.103,2.207,3.888,7.761
TRT00177,2.447,3.218,2.646,3.247,0.515,3.272,0.581,2.635,0.848,18,8.999,1.945,3.504,7.860
TRT00178,3.672,4.754,3.842,3.743,0.672,4.300,0.720,3.507,0.557,18,9.077,1.949,3.646,7.587
TRT00179,3.795,3.775,4.055,4.012,0.538,3.814,0.763,3.739,0.585,18,9.348,1.885,3.285,8.141
TRT00180,4.168,5.256,5.340,4.349,0.534,4.452,0.627,4.621,0.787,18,8.307,1.947,3.885,7.539
TRT00181,3.885,3.666,5.178,4.174,0.534,3.474,0.566,4.403,0.593,18,8.882,1.694,3.845,7.675
TRT00182,4.710,6.867,3.505,4.769,0.525,5.877,0.674,3.378,0.666,18,8.885,1.866,4.070,7.792
TRT00183,1.227,3.311,2.324,2.674,0.669,3.476,0.676,2.760,0.622,18,7.807,1.967,3.856,7.486
TRT00184,5.160,4.381,2.497,5.167,0.663,4.146,0.650,2.831,0.596,18,9.561,1.908,4.266,8.244
TRT00185,3.484,1.409,5.174,3.955,0.380,2.032,0.608,4.364,0.745,18,8.217,1.734,3.921,7.380
TRT00186,5.168,2.856,5.710,5.106,0.561,3.092,0.657,5.044,0.800,18,9.159,2.017,4.038,7.407
TRT00187,2.734,3.100,3.539,3.439,0.502,3.358,0.742,3.702,0.644,18,8.906,1.888,4.250,7.739
TRT00188,4.143,3.224,4.374,4.662,0.533,3.555,0.570,3.833,0.458,18,8.491,1.561,4.222,7.664
TRT00189,4.847,3.583,3.763,4.726,0.576,3.351,0.568,3.444,0.554,18,9.397,1.698,4.122,7.892
TRT00190,4.079,2.877,2.388,4.343,0.481,3.132,0.613,2.895,0.853,18,8.762,1.947,3.995,7.378
TRT00191,3.219,3.854,3.279,3.909,0.561,3.809,0.475,3.360,0.479,18,9.283,1.514,3.968,7.651
TRT00192,4.101,3.821,4.992,4.427,0.590,3.794,0.638,4.529,0.539,18,9.059,1.767,4.055,7.779
TRT00193,4.108,4.563,5.054,4.377,0.535,4.037,0.516,4.349,0.707,18,8.584,1.758,3.184,7.508
TRT00194,4.205,3.060,5.392,4.555,0.445,3.273,0.670,4.669,0.511,18,8.081,1.626,3.840,7.018
TRT00195,6.021,5.863,3.451,5.461,0.539,4.915,0.882,2.973,0.378,18,8.041,1.799,3.260,7.331
TRT00196,2.315,4.935,3.575,3.351,0.515,4.393,0.598,3.361,0.625,18,8.104,1.739,3.274,7.080
TRT00197,5.054,2.836,5.277,5.011,0.521,3.353,0.539,4.759,0.583,18,8.679,1.643,4.041,7.587
TRT00198,1.772,2.913,3.127,2.767,0.525,3.402,0.782,3.370,0.612,18,8.173,1.919,3.777,7.512
TRT00199,4.678,6.567,4.698,4.659,0.377,5.787,0.567,4.488,0.573,18,9.106,1.517,4.259,7.901
TRT00200,3.546,5.292,3.307,3.822,0.503,4.793,0.496,3.441,0.521,18,9.168,1.520,3.479,7.504
TRT00201,3.572,3.280,5.036,4.134,0.731,3.313,0.672,4.452,0.644,18,8.659,2.047,4.020,7.882
TRT00202,3.978,3.686,4.622,4.257,0.469,3.918,0.803,4.225,0.632,18,9.030,1.904,4.086,7.699
TRT00203,4.135,3.349,3.074,4.374,0.445,3.440,0.666,3.279,0.723,18,9.772,1.834,3.668,8.133
TRT00204,2.967,4.161,2.503,3.667,0.623,4.186,0.697,2.971,0.542,18,8.756,1.862,3.881,7.478
TRT00205,3.427,3.252,3.421,3.676,0.554,3.274,0.671,3.459,0.591,18,9.662,1.815,3.726,7.617
TRT00206,3.449,4.516,2.887,3.796,0.636,4.206,0.710,2.992,0.642,18,8.849,1.988,3.924,7.730
TRT00207,4.720,4.957,3.552,4.439,0.354,4.642,0.574,3.426,0.793,18,9.295,1.721,3.739,7.719
TRT00208,2.680,5.074,5.190,3.354,0.621,4.296,0.806,4.474,0.776,18,7.803,2.203,3.835,6.838
TRT00209,2.924,2.873,2.719,3.466,0.581,3.015,0.666,2.894,0.626,18,9.292,1.872,3.259,7.569
TRT00210,4.008,3.250,4.343,4.124,0.553,3.220,0.691,3.718,0.570,18,9.521,1.814,3.434,8.037
TRT00211,4.894,6.259,4.885,4.902,0.556,5.263,0.619,4.588,0.453,18,8.884,1.628,3.799,7.706
TRT00212,4.870,2.872,2.356,4.563,0.384,3.312,0.667,3.057,0.652,18,8.384,1.703,4.012,7.747
TRT00213,4.665,3.875,4.789,4.689,0.534,3.948,0.601,4.420,0.787,18,9.348,1.922,4.044,7.551
TRT00214,3.120,4.618,2.737,3.702,0.633,4.328,0.584,3.119,0.506,18,8.585,1.724,3.851,7.665
TRT00215,4.500,5.551,3.018,4.447,0.615,4.660,0.771,3.195,0.659,18,8.835,2.046,3.740,7.573
TRT00216,2.885,3.650,4.900,3.601,0.541,3.876,0.556,4.886,0.590,18,8.964,1.687,3.752,7.478
TRT00217,3.167,2.404,2.700,3.486,0.713,2.762,0.706,2.854,0.549,18,9.042,1.967,3.015,7.611
TRT00218,4.662,2.735,3.368,4.326,0.752,3.137,0.625,3.498,0.409,18,9.485,1.786,3.482,8.084
TRT00219,4.387,5.349,4.172,4.530,0.560,4.684,0.648,4.099,0.613,18,8.990,1.821,3.783,7.626
TRT00220,3.754,4.457,4.731,4.323,0.725,4.169,0.778,4.278,0.576,18,8.878,2.079,3.999,7.402
TRT00221,4.224,3.342,4.163,4.383,0.571,3.561,0.650,3.928,0.626,18,9.727,1.846,3.857,7.432
TRT00222,5.828,3.366,3.151,5.327,0.638,3.378,0.494,3.503,0.615,18,8.813,1.748,3.905,8.064
TRT00223,3.395,3.592,3.338,3.863,0.582,3.578,0.562,3.210,0.563,18,9.508,1.707,3.644,7.800
TRT00224,4.436,4.006,2.148,4.491,0.591,3.800,0.769,2.693,0.679,18,9.307,2.039,3.864,8.137
TRT00225,3.878,3.516,3.942,4.042,0.513,3.459,0.498,3.424,0.647,18,9.369,1.658,3.536,7.688
TRT00226,4.574,4.810,4.380,4.630,0.765,4.386,0.556,4.344,0.773,18,9.560,2.095,3.495,7.577
TRT00227,3.588,1.394,3.739,4.103,0.546,2.068,0.833,3.445,0.741,18,8.232,2.120,3.924,7.402
TRT00228,5.692,4.349,5.811,5.435,0.564,4.161,0.744,5.428,0.595,18,9.262,1.903,3.911,7.777
TRT00229,5.954,3.621,3.653,5.516,0.621,3.680,0.550,3.721,0.735,18,9.077,1.906,4.331,7.521
TRT00230,3.266,5.814,3.553,3.905,0.640,4.630,0.810,3.262,0.651,18,7.714,2.101,3.600,7.199
TRT00231,3.228,3.574,2.731,3.808,0.572,3.829,0.757,3.418,0.758,18,8.755,2.088,4.143,7.630
TRT00232,5.264,3.866,2.200,4.882,0.579,4.215,0.753,2.861,0.662,18,8.720,1.994,3.713,7.796
TRT00233,5.505,5.909,2.952,5.137,0.541,5.105,0.494,3.251,0.726,18,8.296,1.761,3.485,7.458
TRT00234,3.529,5.636,4.289,3.803,0.536,5.026,0.690,4.282,0.767,18,9.242,1.993,4.377,7.757
TRT00235,3.004,3.221,4.422,3.544,0.676,3.341,0.613,3.938,0.813,18,8.719,2.101,3.941,7.857
TRT00236,3.978,5.150,4.621,4.505,0.576,4.402,0.675,4.096,0.753,18,8.224,2.004,3.984,7.747
TRT00237,2.142,2.747,4.008,3.263,0.632,3.150,0.493,3.827,0.750,18,8.172,1.875,3.427,7.190
TRT00238,3.610,3.808,3.451,4.141,0.404,3.782,0.684,3.377,0.604,18,9.679,1.693,3.337,7.871
TRT00239,3.496,4.876,5.314,4.132,0.422,4.173,0.776,4.442,0.720,18,7.833,1.918,3.209,7.359
TRT00240,5.522,4.954,5.448,5.344,0.592,4.168,0.707,4.911,0.505,18,8.667,1.804,4.052,7.514
TRT00241,4.784,3.024,4.716,4.720,0.574,3.327,0.677,4.459,0.556,18,9.615,1.807,3.962,7.871
TRT00242,3.727,4.428,3.652,4.363,0.489,4.465,0.699,3.533,0.500,18,9.137,1.688,3.752,7.940
TRT00243,4.860,4.808,2.524,4.668,0.531,4.594,0.715,2.866,0.726,18,9.429,1.972,3.788,7.867
TRT00244,5.116,3.547,2.767,4.946,0.497,3.614,0.666,2.739,0.985,18,9.658,2.149,3.455,7.724
TRT00245,4.512,3.618,4.713,4.424,0.496,3.699,0.733,4.149,0.633,18,9.494,1.862,3.426,8.103
TRT00246,4.220,4.653,2.153,4.227,0.537,4.277,0.764,2.817,0.586,18,8.931,1.886,3.799,7.648
TRT00247,4.464,5.179,4.360,4.361,0.780,4.333,0.672,3.994,0.787,18,8.512,2.238,3.791,7.153
TRT00248,4.150,4.888,3.541,4.285,0.603,4.308,0.605,3.700,0.616,18,9.451,1.825,3.377,8.088
TRT00249,4.248,4.837,5.383,4.401,0.520,4.390,0.675,4.751,0.512,18,8.697,1.707,4.148,7.660
TRT00250,4.860,4.341,3.827,5.003,0.589,4.097,0.594,3.787,0.758,18,9.412,1.940,4.280,7.963
TRT00251,4.673,4.988,4.163,4.805,0.637,4.513,0.486,3.639,0.410,18,8.978,1.533,3.548,7.686
TRT00252,2.771,3.914,3.292,3.417,0.671,3.487,0.572,3.160,0.498,18,8.853,1.741,3.657,7.775
TRT00253,5.389,1.220,2.851,5.199,0.320,2.219,0.577,3.033,0.681,18,8.489,1.579,4.252,7.792
TRT00254,3.713,3.204,4.104,3.906,0.491,3.018,0.571,3.869,0.421,18,9.549,1.483,3.224,7.824
TRT00255,4.216,2.644,4.396,4.406,0.536,3.114,0.726,4.423,0.531,18,9.168,1.792,3.997,7.893
TRT00256,4.161,4.519,2.083,4.330,0.704,4.207,0.571,2.713,0.674,18,8.802,1.949,4.144,7.602
TRT00257,4.688,3.402,3.985,4.779,0.374,3.590,0.596,3.508,0.546,18,8.783,1.516,3.756,8.013
TRT00258,4.840,2.770,3.270,4.838,0.571,2.782,0.685,3.118,0.572,18,9.877,1.829,4.108,8.094
TRT00259,3.973,4.228,4.042,4.363,0.551,3.772,0.604,3.665,0.419,18,8.380,1.575,3.955,7.431
TRT00260,5.292,4.079,2.673,5.305,0.539,4.041,0.677,2.828,0.811,18,9.678,2.027,4.534,7.778
TRT00261,4.770,3.367,4.679,4.616,0.437,3.595,0.434,4.248,0.520,18,9.359,1.392,3.818,7.900
TRT00262,4.462,4.171,4.395,4.182,0.638,4.103,0.819,4.184,0.935,18,9.378,2.393,4.065,7.855
TRT00263,5.223,4.373,3.217,5.371,0.464,4.193,0.460,3.596,0.640,18,8.967,1.565,4.324,7.443
TRT00264,5.831,4.345,2.854,5.370,0.667,3.855,0.764,2.796,0.733,18,9.000,2.164,4.102,7.571
TRT00265,3.387,5.062,2.436,3.837,0.633,4.510,0.647,2.884,0.802,18,8.596,2.082,3.663,7.631
TRT00266,4.999,1.750,3.239,4.805,0.639,2.477,0.662,3.313,0.527,18,9.113,1.828,3.748,7.453
TRT00267,3.077,3.861,4.139,3.682,0.545,3.901,0.614,4.193,0.716,18,8.974,1.874,3.807,7.730
TRT00268,5.084,3.604,3.127,4.807,0.470,3.386,0.633,2.972,0.468,18,9.544,1.571,4.124,7.977
TRT00269,4.731,3.979,5.586,4.543,0.678,3.950,0.831,4.579,0.705,18,8.782,2.215,4.097,7.482
TRT00270,3.171,5.581,3.235,3.732,0.482,4.765,0.710,3.130,0.953,18,8.640,2.145,3.664,7.468
TRT00271,2.612,3.174,3.792,3.457,0.608,3.584,0.604,3.968,0.525,18,8.810,1.737,3.770,7.439
TRT00272,3.644,2.829,3.257,4.151,0.411,3.381,0.872,3.490,0.687,18,8.636,1.970,4.094,8.269
TRT00273,5.196,1.779,2.551,4.918,0.614,2.367,0.577,2.970,0.752,18,8.719,1.943,3.853,7.717
TRT00274,4.386,4.595,1.542,4.675,0.781,4.233,0.576,2.024,0.706,18,8.924,2.063,3.608,7.686
TRT00275,4.247,3.639,4.362,3.915,0.579,3.809,0.797,3.931,0.568,18,8.855,1.943,3.288,7.641
TRT00276,5.000,3.781,4.130,5.123,0.445,3.539,0.515,3.538,0.757,18,9.230,1.718,3.724,8.002
TRT00277,3.497,4.496,5.554,4.073,0.432,4.099,0.778,4.574,0.837,18,7.991,2.048,3.991,7.187
TRT00278,4.289,4.876,3.279,4.386,0.471,4.232,0.550,3.198,0.645,18,9.145,1.666,3.966,8.196
TRT00279,3.638,3.727,3.529,3.875,0.694,3.943,0.698,3.338,0.590,18,9.150,1.982,3.716,7.495
TRT00280,2.498,3.015,3.496,3.333,0.575,3.156,0.392,3.317,0.735,18,8.546,1.703,3.598,7.245
TRT00281,3.397,4.466,3.447,4.055,0.509,4.270,0.543,3.406,0.564,18,9.100,1.616,3.629,7.702
TRT00282,3.033,2.601,4.103,3.426,0.667,2.991,0.634,3.990,0.600,18,9.300,1.901,3.687,7.599
TRT00283,2.761,4.372,3.874,3.339,0.491,4.069,0.583,3.636,0.557,18,8.844,1.631,3.483,7.546
TRT00284,5.455,4.508,4.717,5.291,0.544,4.369,0.688,4.207,0.546,18,9.202,1.778,4.015,7.833
TRT00285,5.946,5.449,3.866,5.369,0.755,4.668,0.595,3.809,0.556,18,8.770,1.905,3.423,7.569
TRT00286,4.519,3.542,3.348,4.617,0.650,3.845,0.727,3.778,0.533,18,9.438,1.910,4.243,7.897
TRT00287,4.840,5.056,3.774,4.806,0.645,4.566,0.624,3.766,0.571,18,9.481,1.841,3.927,8.075
TRT00288,4.022,3.351,5.450,4.309,0.610,3.600,0.484,4.953,0.511,18,8.852,1.605,3.956,7.659
TRT00289,3.255,5.204,3.019,3.594,0.587,4.611,0.412,3.020,0.588,18,9.073,1.587,3.638,7.831
TRT00290,3.587,4.973,3.415,4.205,0.626,4.681,0.639,3.703,0.553,18,9.054,1.819,4.350,7.560
TRT00291,3.580,4.599,3.688,3.975,0.621,4.150,0.588,3.559,0.560,18,9.147,1.768,4.050,7.576
TRT00292,4.637,5.678,4.029,4.399,0.696,5.142,0.493,3.934,0.466,18,9.294,1.655,3.259,8.018
TRT00293,2.835,1.306,3.042,3.437,0.531,2.301,0.601,3.269,0.624,18,8.297,1.756,3.631,7.451
TRT00294,2.908,3.676,5.219,3.607,0.868,3.567,0.798,4.596,0.603,18,8.559,2.269,3.319,7.400
TRT00295,5.508,3.157,4.099,5.463,0.601,3.180,0.604,3.772,0.581,18,9.752,1.786,3.985,8.041
TRT00296,4.710,3.641,3.223,4.626,0.612,3.696,0.495,3.473,0.391,18,9.858,1.499,3.418,7.575
TRT00297,4.378,5.357,4.523,4.400,0.627,4.817,0.716,4.314,0.528,18,8.852,1.871,3.569,7.500
TRT00298,6.017,4.994,2.196,5.579,0.472,4.624,0.572,2.699,0.479,18,8.592,1.522,3.939,7.690
TRT00299,4.135,4.391,6.552,4.436,0.560,3.936,0.623,5.225,0.720,18,8.080,1.903,4.031,7.334
TRT00300,4.739,4.098,3.767,4.684,0.500,3.851,0.563,3.583,0.536,18,9.591,1.599,3.785,8.096
TRT00301,5.226,4.230,3.558,4.998,0.578,3.946,0.736,3.444,0.706,18,9.357,2.021,3.751,7.881
TRT00302,4.526,3.257,3.369,4.444,0.825,3.449,0.808,3.521,0.803,18,9.991,2.435,3.776,7.831
TRT00303,3.489,4.555,3.994,3.677,0.681,4.238,0.628,3.723,0.725,18,9.339,2.034,3.400,8.294
TRT00304,4.060,3.293,5.383,4.203,0.685,3.460,0.627,4.614,0.485,18,8.830,1.796,3.405,7.703
TRT00305,4.098,4.327,2.581,4.561,0.588,4.004,0.508,2.724,0.579,18,8.792,1.674,4.232,7.517
TRT00306,4.224,3.430,4.228,4.049,0.566,3.655,0.832,4.101,0.615,18,9.517,2.013,4.107,7.590
TRT00307,3.401,3.493,5.128,3.653,0.539,3.507,0.667,4.299,0.527,18,8.741,1.733,3.404,7.677
TRT00308,5.308,4.514,3.468,5.368,0.526,4.144,0.530,3.584,0.578,18,9.533,1.634,4.303,7.927
TRT00309,2.470,4.833,3.812,3.386,0.655,4.524,0.625,3.736,0.634,18,8.842,1.914,3.584,7.569
TRT00310,3.685,4.643,6.053,4.193,0.438,4.147,0.628,5.081,0.795,18,7.880,1.861,3.640,7.290
TRT00311,3.688,2.238,3.355,4.203,0.511,2.930,0.668,3.390,0.672,18,8.780,1.851,3.893,7.863
TRT00312,3.864,4.595,2.523,4.095,0.440,3.924,0.713,2.646,0.573,18,8.770,1.726,3.411,7.571
TRT00313,4.283,6.411,3.118,4.406,0.584,5.053,0.935,2.918,0.752,18,8.202,2.271,3.790,7.754
TRT00314,4.516,3.975,4.261,4.708,0.532,3.787,0.679,3.963,0.676,18,9.219,1.886,3.534,7.719
TRT00315,3.410,5.762,3.414,3.910,0.781,5.050,0.712,3.327,0.559,18,8.628,2.052,3.698,7.620
TRT00316,2.477,2.454,4.259,3.209,0.560,3.151,0.579,3.965,0.630,18,8.258,1.769,4.009,7.656
TRT00317,5.185,5.155,5.646,4.961,0.660,4.653,0.611,4.908,0.505,18,8.766,1.776,3.991,7.593
TRT00318,4.829,4.855,4.642,4.892,0.409,4.580,0.666,4.327,0.592,18,9.418,1.667,4.183,8.065
TRT00319,4.788,4.727,4.856,4.953,0.617,4.519,0.592,4.438,0.716,18,9.088,1.925,4.569,7.851
TRT00320,3.502,5.298,3.246,3.883,0.564,4.714,0.486,3.464,0.769,18,8.801,1.820,4.264,7.909
TRT00321,6.066,2.502,3.864,5.819,0.588,2.913,0.766,3.832,0.706,18,9.130,2.060,3.834,7.688
TRT00322,2.942,4.218,2.850,3.546,0.581,4.035,0.623,3.042,0.688,18,9.065,1.893,3.900,7.629
TRT00323,3.520,2.619,2.073,3.981,0.592,2.782,0.633,2.473,0.685,18,8.973,1.910,4.071,7.889
TRT00324,5.069,2.672,3.953,5.075,0.551,2.888,0.643,3.493,0.786,18,9.627,1.980,4.023,8.097
TRT00325,4.895,4.240,2.527,4.764,0.550,4.102,0.681,2.966,0.541,18,9.446,1.772,3.648,7.582
TRT00326,5.296,5.719,2.811,5.133,0.519,4.991,0.702,2.848,0.669,18,8.870,1.890,3.763,7.895
TRT00327,4.599,3.582,3.096,4.754,0.457,3.359,0.558,3.288,0.621,18,9.174,1.636,3.836,7.459
TRT00328,4.628,3.891,3.842,4.649,0.547,3.684,0.740,3.789,0.737,18,9.627,2.024,3.637,7.889
TRT00329,4.472,3.441,3.203,4.605,0.515,3.383,0.531,3.336,0.805,18,9.716,1.851,3.636,7.874
TRT00330,4.677,4.117,4.020,4.438,0.546,3.957,0.545,3.786,0.772,18,9.190,1.863,3.934,7.497
TRT00331,5.769,4.640,3.604,5.381,0.459,4.303,0.709,3.619,0.791,18,9.212,1.960,4.275,7.762
TRT00332,4.220,3.253,4.221,4.322,0.666,3.465,0.728,3.942,0.744,18,9.329,2.139,3.627,7.733
TRT00333,5.385,4.529,5.085,5.221,0.691,4.251,0.637,4.528,0.922,18,8.941,2.250,3.917,7.819
TRT00334,4.974,4.030,2.015,4.894,0.562,4.034,0.641,2.610,0.661,18,9.119,1.864,3.885,7.687
TRT00335,2.559,4.682,2.420,3.340,0.571,4.662,0.650,3.041,0.660,18,8.437,1.881,3.764,7.310
TRT00336,3.231,4.470,4.019,3.857,0.726,4.127,0.523,3.715,0.651,18,8.816,1.900,4.319,7.407
TRT00337,5.273,4.322,4.446,4.678,0.594,4.174,0.741,4.149,0.720,18,8.953,2.055,3.487,7.371
TRT00338,4.475,3.134,3.545,4.637,0.412,3.526,0.712,3.543,0.535,18,9.480,1.658,3.756,7.892
TRT00339,3.392,4.141,3.244,3.829,0.556,3.980,0.730,3.431,0.806,18,9.205,2.093,3.554,7.717
TRT00340,3.946,3.863,3.421,4.378,0.496,3.890,0.717,3.461,0.601,18,9.380,1.814,3.611,7.854
TRT00341,4.854,4.436,2.484,4.797,0.581,4.064,0.667,3.049,0.633,18,8.946,1.880,4.001,8.048
TRT00342,5.563,3.457,3.829,5.194,0.523,3.339,0.657,3.669,0.666,18,8.917,1.846,3.857,7.607
TRT00343,4.186,4.788,4.123,4.370,0.481,4.293,0.839,3.946,0.639,18,9.253,1.958,4.239,7.666
TRT00344,4.334,1.865,2.774,4.259,0.627,2.746,0.564,3.050,0.637,18,8.721,1.828,3.575,7.590
TRT00345,4.599,3.990,3.779,4.675,0.719,3.784,0.433,3.722,0.628,18,9.463,1.780,3.541,8.259
TRT00346,4.648,2.726,3.507,4.867,0.687,2.927,0.532,3.427,0.743,18,9.668,1.963,3.598,8.110
TRT00347,3.519,3.635,1.794,3.846,0.610,3.459,0.557,2.295,0.738,18,9.283,1.905,3.410,8.012
TRT00348,3.127,4.915,6.368,3.718,0.471,4.328,0.435,5.326,0.572,18,7.763,1.478,3.808,7.630
TRT00349,3.760,2.932,3.353,4.291,0.499,3.212,0.645,3.468,0.563,18,9.182,1.707,4.001,7.811
TRT00350,4.125,4.320,3.986,4.194,0.751,4.291,0.608,4.040,0.609,18,9.813,1.968,3.867,8.277
TRT00351,4.142,3.419,4.679,4.302,0.641,3.476,0.749,3.936,0.446,18,8.862,1.836,3.473,7.317
TRT00352,2.524,2.137,3.012,3.356,0.482,2.881,0.754,3.176,0.696,18,8.252,1.931,3.968,7.554
TRT00353,3.535,4.027,2.878,4.049,0.626,3.972,0.419,3.285,0.671,18,8.597,1.717,4.148,7.600
TRT00354,2.988,3.990,2.516,3.459,0.543,3.739,0.419,2.538,0.686,18,8.983,1.647,4.288,7.782
TRT00355,5.822,4.169,4.188,5.180,0.703,4.038,0.519,3.941,0.637,18,9.343,1.859,3.551,7.942
TRT00356,4.088,4.829,5.089,4.301,0.570,4.097,0.523,4.502,0.718,18,8.479,1.811,3.673,7.621
TRT00357,3.445,3.540,1.950,4.030,0.606,3.586,0.595,2.686,0.771,18,8.261,1.973,3.887,7.195
TRT00358,4.736,3.247,5.933,4.246,0.848,3.284,0.868,5.005,0.590,18,8.475,2.306,3.492,7.356
TRT00359,4.438,3.427,3.120,4.675,0.514,3.480,0.764,3.316,0.671,18,9.452,1.948,3.726,7.876
TRT00360,6.246,4.048,5.741,5.757,0.544,3.767,0.838,4.888,0.500,18,8.162,1.882,3.802,7.412
TRT00361,3.847,3.867,3.586,4.069,0.644,3.592,0.532,3.297,0.753,18,8.965,1.929,3.581,8.107
TRT00362,4.041,4.177,4.146,4.450,0.539,3.977,0.543,3.721,0.736,18,9.075,1.818,3.568,7.647
TRT00363,3.286,4.613,2.162,4.052,0.427,4.261,0.609,2.525,0.621,18,8.664,1.658,4.274,7.639
TRT00364,3.063,4.888,4.918,3.426,0.615,4.417,0.913,4.703,0.672,18,8.718,2.200,3.940,7.263
TRT00365,3.810,2.609,5.016,4.189,0.701,2.750,0.617,4.349,0.577,18,8.525,1.895,3.928,7.789
TRT00366,3.968,2.168,4.610,4.219,0.536,2.822,0.716,4.364,0.740,18,8.946,1.991,4.014,7.808
TRT00367,4.754,4.523,3.282,4.756,0.618,4.288,0.618,3.445,0.513,18,9.879,1.749,3.736,8.045
TRT00368,6.523,2.771,1.107,5.941,0.654,3.102,0.878,2.179,0.539,18,7.863,2.071,4.215,7.528
TRT00369,5.571,4.762,4.160,5.265,0.535,4.467,0.681,4.107,0.431,18,9.234,1.647,4.073,7.746
TRT00370,5.046,5.489,3.705,4.621,0.553,4.647,0.470,3.359,0.442,18,8.205,1.465,3.544,7.301
TRT00371,2.981,2.419,3.092,3.408,0.532,2.944,0.623,3.019,0.624,18,9.158,1.779,3.681,7.616
TRT00372,3.365,1.177,4.817,3.738,0.543,1.826,0.601,3.960,0.468,18,8.061,1.612,3.859,7.402
TRT00373,2.828,4.619,5.502,3.393,0.532,4.284,0.783,4.718,0.827,18,8.463,2.141,3.586,7.259
TRT00374,4.861,5.246,4.748,4.857,0.638,4.685,0.760,4.085,0.639,18,9.005,2.037,4.056,7.953
TRT00375,5.253,5.241,2.531,5.110,0.474,4.782,0.642,3.011,0.642,18,8.647,1.758,3.969,7.922
TRT00376,4.453,5.688,5.045,4.832,0.450,4.928,0.639,4.455,0.583,18,8.417,1.672,4.219,7.650
TRT00377,5.774,4.665,4.205,5.331,0.515,4.408,0.630,3.749,0.807,18,9.078,1.951,4.106,7.664
TRT00378,5.688,4.353,5.102,5.199,0.703,4.100,0.524,4.534,0.547,18,8.269,1.774,4.193,7.550
TRT00379,4.459,6.222,3.080,4.654,0.485,5.293,0.427,3.365,0.628,18,8.329,1.540,4.389,7.684
TRT00380,3.323,3.628,2.825,3.825,0.650,3.579,0.532,3.125,0.831,18,8.888,2.014,4.211,7.720
TRT00381,3.367,5.204,4.331,3.880,0.658,4.606,0.647,3.747,0.486,18,8.230,1.792,3.636,7.670
TRT00382,5.621,3.337,3.850,5.093,0.541,3.638,0.533,3.889,0.724,18,9.016,1.798,4.072,7.884
TRT00383,3.976,2.702,3.902,4.041,0.594,3.062,0.798,3.482,0.742,18,9.187,2.133,3.716,7.440
TRT00384,3.387,4.665,3.547,4.081,0.505,4.444,0.702,3.670,0.673,18,8.843,1.880,3.454,7.463
TRT00385,5.145,5.375,3.628,4.957,0.420,4.581,0.674,3.597,0.712,18,9.133,1.806,3.861,7.708
TRT00386,5.463,4.811,3.737,5.140,0.519,4.240,0.484,3.382,0.566,18,8.886,1.569,4.038,7.797
TRT00387,3.665,2.690,4.296,3.962,0.488,3.017,0.566,4.123,0.742,18,9.211,1.796,3.893,7.773
TRT00388,3.507,4.096,3.931,4.047,0.699,3.916,0.726,3.882,0.675,18,9.155,2.099,3.672,7.428
TRT00389,2.186,4.444,4.729,3.216,0.536,4.084,0.653,4.431,0.552,18,8.302,1.742,4.518,7.299
TRT00390,5.574,3.244,5.321,5.203,0.515,3.394,0.672,4.515,0.809,18,8.603,1.995,3.822,7.428
TRT00391,2.760,4.653,3.618,3.470,0.602,4.301,0.683,3.649,0.671,18,8.972,1.956,4.158,7.696
TRT00392,2.651,4.891,3.864,3.560,0.496,4.616,0.561,3.632,0.524,18,8.614,1.581,3.985,7.316
TRT00393,3.689,4.732,2.707,3.988,0.464,4.546,0.838,3.050,0.632,18,9.363,1.934,4.046,7.958
TRT00394,4.922,4.078,6.079,4.681,0.478,3.651,0.472,5.007,0.677,18,8.228,1.627,3.722,7.378
TRT00395,5.018,4.304,5.069,4.590,0.486,3.788,0.542,4.323,0.645,18,8.280,1.672,3.199,7.614
TRT00396,4.711,5.902,5.171,4.685,0.524,5.282,0.646,4.561,0.599,18,9.031,1.769,3.962,7.468
TRT00397,2.849,3.129,1.286,3.614,0.466,3.234,0.451,2.136,0.511,18,8.335,1.428,3.694,7.408
TRT00398,3.728,3.370,4.074,4.249,0.469,3.231,0.560,4.030,0.483,18,9.327,1.512,4.083,7.742
TRT00399,3.824,4.525,3.157,4.080,0.423,4.176,0.399,3.408,0.478,18,9.282,1.301,4.035,7.666
TRT00400,3.271,4.230,1.986,3.671,0.752,3.817,0.628,2.509,0.491,18,8.622,1.871,3.615,7.757
TRT00401,5.585,4.877,3.364,5.133,0.547,4.106,0.628,3.301,0.741,18,8.442,1.916,4.024,7.412
TRT00402,1.571,3.329,4.790,2.844,0.473,3.363,0.546,4.272,0.642,18,8.418,1.661,4.169,7.475
TRT00403,2.493,2.659,2.726,3.209,0.775,2.836,0.673,2.814,0.956,18,8.791,2.403,3.835,7.560
TRT00404,6.764,1.678,2.456,5.834,0.609,2.391,0.515,2.785,0.585,18,8.107,1.709,3.473,7.606
TRT00405,2.016,5.141,6.646,2.774,0.423,4.661,0.840,5.536,0.673,18,7.970,1.936,3.755,7.377
TRT00406,4.876,5.898,4.442,5.009,0.468,5.021,0.764,4.232,0.673,18,9.044,1.905,4.529,7.774
TRT00407,4.369,2.923,3.098,4.348,0.508,2.997,0.873,3.196,0.581,18,9.576,1.962,3.611,7.543
TRT00408,2.370,2.138,5.138,3.121,0.533,2.832,0.718,4.705,0.784,18,8.018,2.035,4.002,7.426
TRT00409,3.134,6.530,4.170,3.686,0.561,5.578,0.718,3.984,0.542,18,8.368,1.820,4.204,7.212
TRT00410,3.345,4.847,4.027,4.008,0.502,4.240,0.612,3.613,0.519,18,8.267,1.634,3.768,7.441
TRT00411,4.261,2.511,2.446,4.465,0.728,2.988,0.633,2.985,0.708,18,8.821,2.069,3.959,7.933
TRT00412,4.198,3.567,3.904,4.178,0.497,3.325,0.651,3.558,0.646,18,9.447,1.794,3.893,8.038
TRT00413,4.370,3.305,3.085,4.445,0.523,3.440,0.595,3.438,0.519,18,9.387,1.636,3.950,7.972
TRT00414,4.009,3.810,4.558,4.396,0.443,3.715,0.533,3.985,0.640,18,8.818,1.617,3.892,7.620
TRT00415,3.345,4.601,4.299,3.924,0.660,4.153,0.645,4.107,0.476,18,8.521,1.780,3.489,7.460
TRT00416,5.085,3.901,6.141,5.070,0.542,3.811,0.403,5.312,0.658,18,8.822,1.603,3.617,7.626
TRT00417,4.312,5.060,3.236,4.420,0.526,4.458,0.494,3.395,0.678,18,9.098,1.698,3.694,7.815
TRT00418,2.146,6.443,4.291,3.094,0.567,5.253,0.596,3.944,0.703,18,7.648,1.866,4.287,7.306
TRT00419,5.205,3.781,2.891,4.871,0.589,3.512,0.663,3.074,0.750,18,9.201,2.002,3.459,7.527
TRT00420,5.502,4.064,4.115,5.248,0.687,3.825,0.633,3.997,0.579,18,9.608,1.898,3.805,8.185
TRT00421,2.698,2.904,3.499,3.601,0.510,3.410,0.611,3.501,0.662,18,8.441,1.782,3.945,7.533
TRT00422,4.436,6.749,5.230,4.295,0.367,5.515,0.585,4.513,0.675,18,8.089,1.627,3.773,7.375
TRT00423,4.475,4.807,2.543,4.808,0.400,4.335,0.718,3.132,0.567,18,8.342,1.685,3.932,7.470
TRT00424,4.121,5.429,3.192,4.416,0.419,4.721,0.546,3.432,0.690,18,8.241,1.655,4.042,7.566
TRT00425,3.939,4.634,2.759,4.093,0.742,4.247,0.858,3.047,0.581,18,9.119,2.181,4.034,7.933
TRT00426,3.596,1.578,6.606,4.165,0.453,2.462,0.716,5.463,0.715,18,7.496,1.885,3.762,6.973
TRT00427,5.647,4.308,2.725,5.290,0.696,3.807,0.775,3.072,0.669,18,8.665,2.140,3.756,7.756
TRT00428,3.346,3.737,4.892,3.886,0.516,3.787,0.719,4.224,0.699,18,8.508,1.933,3.907,7.686
TRT00429,4.123,3.352,4.049,4.306,0.603,3.473,0.655,3.669,0.630,18,9.537,1.887,3.744,8.059
TRT00430,4.028,4.253,3.100,4.306,0.512,3.813,0.614,3.007,0.558,18,9.058,1.684,3.968,7.615
TRT00431,3.681,4.920,4.640,3.898,0.555,4.584,0.678,4.529,0.601,18,9.224,1.834,3.931,7.655
TRT00432,1.977,3.675,6.457,2.961,0.419,3.717,0.628,5.307,0.661,18,7.901,1.707,3.698,7.599
TRT00433,5.156,5.239,3.071,4.879,0.694,4.667,0.699,3.113,0.805,18,9.246,2.199,3.582,7.595
TRT00434,2.972,4.332,3.017,3.492,0.442,4.079,0.650,3.237,0.635,18,8.801,1.727,3.718,7.214
TRT00435,3.532,5.335,4.302,3.958,0.584,4.672,0.533,4.290,0.392,18,9.028,1.508,3.814,7.741
TRT00436,3.382,3.131,3.530,3.835,0.703,3.218,0.627,3.468,0.905,18,9.220,2.234,3.662,7.882
TRT00437,4.011,5.203,4.254,4.167,0.530,4.705,0.515,3.897,0.848,18,9.170,1.893,3.601,7.575
TRT00438,5.150,3.482,3.001,5.047,0.553,3.688,0.743,3.012,0.504,18,9.649,1.799,4.102,8.027
TRT00439,5.395,3.620,4.097,5.091,0.482,3.545,0.641,3.923,0.635,18,9.297,1.758,3.749,7.918
TRT00440,5.855,5.144,2.322,5.503,0.567,4.696,0.816,2.764,0.810,18,8.481,2.193,3.048,7.332
TRT00441,5.232,4.736,4.359,5.006,0.511,4.405,0.508,4.211,0.737,18,9.021,1.757,4.062,7.419
TRT00442,4.142,3.354,1.678,4.355,0.572,3.375,0.715,2.262,0.730,18,9.037,2.017,4.347,7.984
TRT00443,4.495,3.236,3.969,4.743,0.498,3.591,0.589,4.196,0.708,18,9.177,1.795,4.280,7.497
TRT00444,3.155,4.274,3.764,3.942,0.650,4.188,0.439,3.906,0.689,18,8.881,1.778,4.104,7.788
TRT00445,2.834,5.476,2.511,3.594,0.481,4.890,0.592,3.081,0.719,18,7.910,1.792,3.998,7.071
TRT00446,4.026,3.268,5.818,4.410,0.663,3.368,0.716,4.978,0.663,18,8.689,2.041,4.209,7.676
TRT00447,4.897,3.984,4.138,4.872,0.480,3.611,0.407,3.995,0.484,18,9.588,1.371,3.781,7.770
TRT00448,4.524,3.870,2.948,4.577,0.417,3.575,0.736,3.241,0.562,18,9.665,1.716,4.181,8.230
TRT00449,3.125,3.189,5.169,3.881,0.420,3.091,0.772,4.434,0.618,18,8.862,1.810,3.841,7.337
TRT00450,6.234,3.303,5.553,5.628,0.476,3.485,0.544,4.790,0.668,18,8.591,1.689,3.655,7.449
TRT00451,4.364,4.304,3.149,4.484,0.693,4.033,0.616,3.372,0.847,18,9.301,2.156,4.105,7.667
TRT00452,5.073,4.986,4.919,5.067,0.599,4.525,0.637,4.454,0.731,18,8.935,1.966,4.047,7.846
TRT00453,4.956,4.163,3.867,5.075,0.425,3.751,0.703,3.788,0.727,18,9.306,1.855,3.955,7.518
TRT00454,3.941,4.576,3.005,4.275,0.702,4.312,0.724,3.152,0.538,18,9.455,1.965,3.916,7.817
TRT00455,5.248,3.631,4.131,5.055,0.603,3.716,0.404,4.081,0.550,18,9.366,1.557,4.066,8.098
TRT00456,4.988,4.130,4.688,5.175,0.527,3.913,0.457,4.376,0.723,18,9.121,1.707,3.848,8.036
TRT00457,4.694,2.946,4.334,4.644,0.596,2.992,0.542,3.678,0.590,18,9.096,1.728,3.592,8.012
TRT00458,5.740,3.178,4.275,5.268,0.458,3.185,0.582,3.691,0.573,18,9.020,1.614,3.731,7.596
TRT00459,4.211,6.125,5.159,4.302,0.545,5.328,0.788,4.421,0.582,18,8.559,1.914,3.800,7.718
TRT00460,3.967,3.669,3.127,4.096,0.578,3.653,0.773,3.297,0.718,18,9.859,2.069,3.597,7.967
TRT00461,4.998,2.445,5.473,4.937,0.700,3.081,0.504,4.844,0.509,18,8.713,1.713,3.450,7.704
TRT00462,5.560,5.414,2.945,5.035,0.429,4.776,0.645,3.045,0.623,18,8.969,1.697,3.738,7.620
TRT00463,3.880,4.491,3.464,4.273,0.631,4.522,0.470,3.664,0.537,18,9.033,1.639,4.022,7.622
TRT00464,3.689,2.697,3.589,4.057,0.565,2.876,0.648,3.473,0.648,18,9.256,1.861,3.653,7.911
TRT00465,2.978,3.609,4.389,3.882,0.549,3.407,0.802,4.116,0.696,18,8.555,2.048,4.515,7.687
TRT00466,4.003,3.819,2.772,3.947,0.542,3.732,0.524,2.933,0.577,18,9.450,1.644,3.134,7.710
TRT00467,4.842,5.193,3.634,4.863,0.499,4.768,0.576,3.687,0.688,18,9.443,1.763,3.738,7.702
TRT00468,4.743,3.060,3.992,4.702,0.463,3.240,0.752,3.900,0.574,18,9.500,1.789,3.889,7.779
TRT00469,4.047,3.831,4.869,4.186,0.605,3.712,0.678,3.925,0.759,18,8.567,2.042,4.112,7.920
TRT00470,4.245,3.265,4.252,4.473,0.515,3.668,0.500,4.032,0.571,18,9.216,1.585,3.755,7.745
TRT00471,4.063,4.638,3.863,4.114,0.611,4.238,0.668,3.640,0.736,18,9.311,2.014,3.749,7.975
TRT00472,4.245,4.539,4.497,4.563,0.366,4.201,0.576,4.120,0.592,18,8.707,1.535,3.976,7.457
TRT00473,4.157,5.601,3.993,4.165,0.587,4.723,0.584,3.788,0.745,18,9.078,1.915,3.653,7.681
TRT00474,4.841,5.366,3.852,4.649,0.545,4.727,0.607,3.663,0.567,18,9.278,1.719,3.350,8.053
TRT00475,2.700,6.427,2.563,3.354,0.391,5.384,0.522,2.943,0.577,18,7.929,1.490,4.041,7.417
TRT00476,4.847,3.178,5.169,4.642,0.391,3.410,0.678,4.160,0.685,18,8.301,1.754,3.308,7.182
TRT00477,4.246,2.761,3.222,4.268,0.472,3.410,0.659,3.404,0.671,18,8.681,1.803,3.830,7.626
TRT00478,4.635,2.385,4.920,4.457,0.472,2.575,0.689,4.397,0.547,18,9.157,1.708,3.540,7.779
TRT00479,3.251,4.494,4.760,3.761,0.448,4.207,0.584,4.295,0.496,18,8.731,1.528,4.064,7.729
TRT00480,1.941,5.047,2.332,3.172,0.614,4.614,0.680,2.878,0.688,18,7.686,1.982,3.857,7.064
TRT00481,4.654,5.626,2.394,4.791,0.525,4.733,0.487,2.811,0.689,18,8.550,1.701,3.651,7.646
TRT00482,2.962,3.773,3.849,3.564,0.646,4.003,0.733,3.932,0.531,18,9.094,1.910,4.461,7.796
TRT00483,4.463,4.386,3.591,4.623,0.462,4.003,0.475,3.423,0.591,18,9.180,1.528,3.371,8.143
TRT00484,6.578,4.890,2.900,5.838,0.721,4.383,0.551,3.191,0.491,18,8.170,1.762,3.998,7.429
TRT00485,4.111,3.435,2.306,4.231,0.484,3.698,0.450,3.054,0.427,18,8.973,1.360,3.854,7.565
TRT00486,3.437,4.345,4.329,4.092,0.506,4.081,0.593,4.011,0.700,18,8.871,1.799,4.022,7.451
TRT00487,5.400,4.581,4.321,5.056,0.564,4.170,0.459,4.083,0.670,18,9.059,1.693,3.826,7.639
TRT00488,2.779,3.653,3.264,3.276,0.602,3.837,0.706,3.501,0.747,18,9.203,2.055,4.284,7.595
TRT00489,4.576,3.400,3.051,4.683,0.418,3.496,0.654,3.177,0.532,18,9.505,1.604,3.715,7.812
TRT00490,2.694,3.370,3.518,3.479,0.531,3.501,0.670,3.378,0.739,18,8.893,1.940,3.409,7.685
TRT00491,4.489,1.985,5.910,4.557,0.612,2.670,0.838,4.956,0.665,18,8.150,2.114,3.837,7.277
TRT00492,3.581,4.109,3.622,3.890,0.576,3.908,0.561,3.584,0.868,18,9.517,2.004,3.589,8.360
TRT00493,4.136,3.128,3.413,4.393,0.612,3.304,0.703,3.355,0.538,18,9.432,1.852,3.981,8.398
TRT00494,5.582,6.685,3.593,5.299,0.726,5.526,0.565,3.268,0.519,18,8.181,1.809,3.451,7.367
TRT00495,3.657,4.622,3.643,3.866,0.486,4.338,0.674,3.708,0.560,18,9.388,1.720,4.140,7.480
TRT00496,6.472,3.757,4.336,5.622,0.570,3.667,0.760,3.971,0.649,18,8.768,1.979,3.760,7.744
TRT00497,3.336,2.401,2.779,3.737,0.472,3.389,0.974,3.067,0.503,18,8.356,1.949,3.920,7.484
TRT00498,2.711,2.924,3.119,3.429,0.570,3.364,0.548,3.353,0.640,18,8.529,1.758,3.997,7.607
TRT00499,5.065,2.045,3.854,4.897,0.559,2.526,0.589,3.849,0.628,18,9.238,1.776,3.860,7.668
TRT00500,5.026,4.221,3.610,4.633,0.592,3.864,0.649,3.363,0.641,18,8.715,1.882,3.359,7.487
TRT00501,3.278,4.895,1.907,3.806,0.678,4.534,0.529,2.377,0.427,18,8.780,1.634,3.164,7.771
TRT00502,5.628,3.395,3.902,5.298,0.526,3.710,0.720,4.051,0.586,18,9.829,1.833,4.144,8.053
TRT00503,3.362,4.461,2.379,3.857,0.753,4.086,0.530,2.995,0.485,18,8.803,1.769,3.899,7.868
TRT00504,3.792,4.320,3.752,4.200,0.509,4.219,0.630,3.843,0.828,18,9.452,1.967,3.977,7.842
TRT00505,6.845,5.782,3.194,6.166,0.672,5.193,0.668,3.492,0.460,18,8.495,1.799,4.674,7.343
TRT00506,3.914,5.583,2.888,4.268,0.657,5.183,0.614,3.041,0.672,18,9.021,1.943,4.325,7.412
TRT00507,5.470,4.035,3.393,5.160,0.574,3.792,0.587,3.397,0.721,18,9.658,1.882,3.972,7.826
TRT00508,5.292,4.494,3.457,4.802,0.561,4.068,0.437,3.404,0.678,18,9.089,1.675,3.518,8.002
TRT00509,3.931,5.303,2.538,4.200,0.508,4.394,0.551,2.591,0.525,18,8.957,1.584,3.441,8.215
TRT00510,2.922,4.628,3.781,3.436,0.481,4.389,0.569,3.564,0.635,18,9.054,1.686,3.803,7.799
TRT00511,2.582,5.964,3.787,3.312,0.524,4.825,0.503,3.501,0.658,18,7.984,1.685,3.542,7.345
TRT00512,5.314,4.748,4.033,5.137,0.525,4.369,0.666,3.794,0.510,18,9.251,1.700,3.305,7.932
TRT00513,4.244,2.861,5.343,4.142,0.607,2.773,0.617,4.477,0.418,18,9.034,1.643,3.911,7.653
TRT00514,4.423,3.982,3.961,4.479,0.426,3.781,0.650,3.663,0.798,18,9.404,1.874,3.475,8.187
TRT00515,3.058,2.599,3.526,3.644,0.680,3.372,0.521,3.394,0.574,18,8.494,1.775,4.186,7.753
TRT00516,2.468,2.900,5.766,3.229,0.478,2.959,0.899,4.784,0.654,18,8.685,2.031,4.265,7.643
TRT00517,2.682,4.191,1.881,3.495,0.444,3.938,0.709,2.441,0.570,18,8.755,1.723,3.812,7.427
TRT00518,3.426,3.746,5.539,3.847,0.438,3.747,0.596,4.810,0.483,18,9.103,1.517,4.056,7.917
TRT00519,3.905,3.063,4.274,4.256,0.460,3.522,0.571,4.190,0.566,18,9.100,1.598,4.042,7.645
TRT00520,6.511,4.082,1.753,5.778,0.620,3.700,0.565,2.102,0.692,18,8.535,1.877,3.827,7.631
TRT00521,4.204,4.331,3.433,4.501,0.604,4.268,0.688,3.660,0.469,18,9.743,1.762,3.879,7.890
TRT00522,4.103,4.027,4.929,4.234,0.638,3.740,0.652,4.341,0.839,18,9.179,2.130,3.922,7.528
TRT00523,4.571,2.759,2.868,4.773,0.535,3.019,0.593,3.076,0.714,18,9.128,1.842,3.921,7.586
TRT00524,5.018,3.510,5.081,4.726,0.710,3.547,0.694,4.630,0.697,18,9.404,2.101,4.172,7.942
TRT00525,4.294,4.139,2.245,4.297,0.533,4.057,0.648,2.833,0.532,18,9.219,1.713,3.607,7.884
TRT00526,3.638,4.257,4.154,3.956,0.750,3.888,0.602,3.893,0.504,18,9.254,1.856,3.210,7.537
TRT00527,6.057,5.870,3.196,5.510,0.682,5.176,0.830,3.138,0.753,18,8.358,2.265,3.454,7.079
TRT00528,2.358,3.999,4.639,3.243,0.503,3.878,0.491,4.293,0.491,18,8.624,1.485,4.173,7.610
TRT00529,3.286,3.554,3.722,3.843,0.706,3.731,0.645,3.577,0.695,18,9.280,2.046,3.603,8.114
TRT00530,4.623,4.924,3.547,4.846,0.575,4.498,0.592,3.586,0.755,18,9.479,1.922,3.870,7.911
TRT00531,3.394,6.494,5.838,4.182,0.534,5.441,0.513,4.901,0.456,18,6.834,1.504,4.602,6.824
TRT00532,2.627,3.331,3.377,3.395,0.716,3.263,0.582,3.312,0.612,18,8.998,1.909,3.378,7.656
TRT00533,1.567,3.339,3.707,2.660,0.586,3.430,0.459,3.638,0.643,18,8.891,1.687,3.404,7.728
TRT00534,2.734,4.168,5.148,3.486,0.562,3.831,0.689,4.439,0.893,18,7.751,2.144,4.081,6.920
TRT00535,4.149,3.628,3.962,4.255,0.584,3.518,0.869,3.554,0.564,18,8.816,2.017,3.720,7.533
TRT00536,5.321,4.043,5.173,5.105,0.761,3.885,0.634,4.495,0.536,18,8.954,1.931,3.633,7.157
TRT00537,5.441,3.105,2.610,5.148,0.578,3.502,0.572,3.036,0.531,18,9.134,1.682,3.842,7.447
TRT00538,2.472,3.082,2.439,3.355,0.492,3.221,0.583,2.998,0.557,18,8.624,1.633,3.527,7.871
TRT00539,5.482,4.437,5.171,5.262,0.588,4.039,0.575,4.713,0.663,18,9.540,1.825,3.735,7.977
TRT00540,2.985,3.245,3.024,3.560,0.533,3.427,0.768,3.259,0.634,18,9.154,1.935,3.890,7.877
TRT00541,3.430,5.153,4.593,3.951,0.515,4.397,0.695,3.888,0.721,18,7.526,1.930,3.992,7.284
TRT00542,4.456,4.113,3.716,4.813,0.477,3.921,0.653,3.872,0.716,18,9.310,1.846,3.810,8.304
TRT00543,3.855,3.410,3.701,4.287,0.607,3.481,0.912,3.593,0.970,18,9.602,2.488,3.332,7.690
TRT00544,3.459,3.902,4.586,3.864,0.478,3.928,0.530,4.250,0.553,18,9.292,1.561,3.827,7.925
TRT00545,3.263,2.696,3.708,3.994,0.522,3.151,0.489,4.011,0.692,18,8.208,1.703,4.316,7.439
TRT00546,3.160,4.015,4.171,3.618,0.537,3.450,0.477,3.774,0.502,18,8.618,1.517,3.254,7.843
TRT00547,3.163,3.707,2.718,3.759,0.423,4.030,0.478,3.233,0.455,18,8.292,1.356,3.976,7.767
TRT00548,4.188,3.449,3.257,4.380,0.446,3.502,0.533,3.417,0.661,18,9.698,1.640,3.469,7.830
TRT00549,4.262,2.821,5.724,4.512,0.545,3.179,0.554,4.909,0.711,18,8.777,1.810,4.088,7.556
TRT00550,5.478,2.973,3.886,5.066,0.548,3.281,0.568,3.851,0.667,18,9.661,1.784,4.187,7.898
TRT00551,4.137,4.626,3.630,4.326,0.677,4.388,0.632,3.837,0.633,18,9.310,1.942,4.344,7.578
TRT00552,3.378,3.645,4.158,3.888,0.560,3.413,0.603,3.798,0.595,18,9.066,1.758,3.074,8.161
TRT00553,3.486,5.078,3.788,3.830,0.568,4.442,0.724,3.586,0.548,18,8.731,1.841,3.759,7.567
TRT00554,4.219,6.207,3.283,4.569,0.511,5.061,0.496,3.189,0.603,18,8.661,1.610,3.709,7.166
TRT00555,4.234,5.558,3.286,4.360,0.635,4.754,0.795,3.410,0.786,18,9.161,2.216,3.712,7.676
TRT00556,5.304,3.404,4.704,5.118,0.350,3.331,0.652,4.273,0.705,18,9.346,1.706,3.881,7.889
TRT00557,3.405,4.459,3.096,3.908,0.412,4.208,0.683,3.290,0.612,18,9.206,1.707,4.177,7.623
TRT00558,2.820,4.513,3.693,3.225,0.603,3.877,0.478,3.473,0.506,18,8.863,1.586,3.659,7.398
TRT00559,4.801,4.242,3.573,4.630,0.504,4.053,0.659,3.653,0.470,18,9.482,1.633,3.349,8.025
TRT00560,3.058,4.296,3.785,3.567,0.496,3.985,0.752,3.740,0.581,18,9.395,1.829,3.682,7.889
TRT00561,5.729,4.181,5.132,5.212,0.633,3.993,0.810,4.542,0.491,18,8.557,1.934,3.789,7.419
TRT00562,4.191,5.761,3.434,4.460,0.524,5.108,0.697,3.529,0.672,18,8.949,1.893,4.018,7.619
TRT00563,4.037,6.326,2.506,4.223,0.479,5.416,0.729,2.804,0.491,18,8.626,1.699,3.831,7.523
TRT00564,2.725,3.893,5.221,3.357,0.398,3.786,0.609,4.486,0.588,18,8.632,1.596,3.965,7.894
TRT00565,3.716,4.838,3.207,4.153,0.650,4.156,0.651,3.303,0.764,18,8.671,2.065,3.555,7.577
TRT00566,4.172,5.288,4.671,4.209,0.584,4.723,0.565,4.280,0.687,18,9.453,1.835,3.795,7.682
TRT00567,4.427,2.972,5.070,4.373,0.529,3.417,0.607,4.548,0.591,18,9.277,1.728,3.683,7.755
TRT00568,3.200,4.452,3.587,3.763,0.701,4.002,0.540,3.328,0.668,18,8.246,1.908,3.808,7.000
TRT00569,4.238,2.773,6.152,4.496,0.612,3.297,0.884,5.446,0.662,18,8.829,2.158,3.855,7.250
TRT00570,5.077,3.077,2.751,4.986,0.484,3.343,0.754,3.153,0.367,18,8.955,1.606,4.292,7.829
TRT00571,3.824,4.517,4.434,4.075,0.442,4.243,0.672,3.939,0.766,18,8.804,1.880,4.065,7.465
TRT00572,2.451,4.682,4.190,3.253,0.464,4.212,0.671,3.993,0.748,18,8.124,1.883,3.745,7.093
TRT00573,2.311,4.872,5.159,3.117,0.518,4.462,0.757,4.594,0.738,18,8.308,2.012,4.216,7.559
TRT00574,4.990,5.443,1.319,4.923,0.539,4.609,0.627,1.914,0.594,18,8.623,1.760,3.429,7.793
TRT00575,5.020,5.194,3.695,4.774,0.653,4.525,0.624,3.534,0.531,18,9.019,1.808,3.577,7.688
TRT00576,5.707,2.934,2.088,5.334,0.633,3.177,0.755,2.579,0.838,18,9.070,2.226,3.796,7.670
TRT00577,6.973,3.701,4.019,6.174,0.454,3.517,0.714,3.889,0.594,18,8.976,1.762,3.747,7.651
TRT00578,3.816,5.580,3.347,4.043,0.642,4.874,0.548,3.379,0.586,18,9.141,1.776,4.023,7.866
TRT00579,6.350,5.071,2.532,5.873,0.583,4.727,0.542,2.821,0.697,18,8.577,1.822,4.007,7.567
TRT00580,5.689,5.215,3.338,5.459,0.561,4.383,0.917,3.296,0.550,18,9.142,2.028,3.808,7.967
TRT00581,4.721,2.482,2.506,4.710,0.565,2.948,0.950,2.905,0.739,18,9.049,2.254,3.525,8.023
TRT00582,4.921,1.881,1.877,4.619,0.511,2.498,0.636,2.326,0.505,18,8.221,1.651,3.333,7.383
TRT00583,2.711,2.060,2.044,3.437,0.484,2.637,0.569,2.467,0.575,18,8.396,1.627,3.671,7.577
TRT00584,4.331,5.518,4.070,4.366,0.587,4.878,0.577,3.917,0.572,18,9.285,1.736,3.909,7.818
TRT00585,5.250,3.232,3.668,4.879,0.429,3.352,0.586,3.449,0.762,18,9.221,1.777,3.428,7.883
TRT00586,5.692,4.723,3.475,5.505,0.509,4.389,0.821,3.497,0.621,18,9.565,1.950,3.628,8.377
TRT00587,4.151,4.545,3.528,4.483,0.669,4.242,0.714,3.773,0.514,18,8.851,1.897,3.513,7.675
TRT00588,3.628,3.307,4.193,4.052,0.519,3.525,0.901,3.934,0.840,18,8.971,2.259,4.254,7.593
TRT00589,3.050,2.673,4.819,3.595,0.506,3.171,0.833,4.360,0.631,18,8.398,1.970,4.027,7.855
TRT00590,5.238,3.359,2.788,4.715,0.625,3.668,0.750,3.228,0.576,18,8.414,1.951,3.815,7.745
TRT00591,5.190,4.312,4.243,5.011,0.594,3.954,0.428,3.780,0.763,18,8.875,1.785,3.910,7.589
TRT00592,3.969,3.722,3.912,4.223,0.514,3.682,0.671,3.807,0.730,18,9.532,1.915,4.265,7.610
TRT00593,6.187,1.635,4.791,5.555,0.542,2.166,0.622,4.391,0.767,18,8.529,1.930,3.850,7.781
TRT00594,4.875,3.240,2.838,4.699,0.611,3.186,0.572,2.970,0.676,18,9.765,1.858,3.361,8.002
TRT00595,5.601,3.628,5.840,5.289,0.715,3.606,0.663,4.844,0.614,18,8.764,1.993,3.255,7.841
TRT00596,3.689,5.206,4.678,4.240,0.488,4.653,0.743,4.200,0.650,18,8.642,1.881,4.256,7.714
TRT00597,3.214,5.160,4.982,3.642,0.578,4.461,0.527,4.298,0.773,18,8.293,1.878,3.565,7.201
TRT00598,5.878,4.278,5.022,5.579,0.508,4.120,0.839,4.667,0.851,18,9.036,2.198,4.271,8.031
TRT00599,4.457,4.009,3.627,4.269,0.559,3.718,0.530,3.637,0.644,18,9.321,1.733,3.774,8.145
TRT00600,3.851,5.955,1.843,3.988,0.736,5.317,0.573,2.521,0.612,18,8.614,1.922,4.238,8.026
TRT00601,4.207,3.245,3.255,4.186,0.598,3.259,0.485,3.064,0.659,18,9.512,1.742,3.486,7.822
TRT00602,5.566,2.096,5.722,4.986,0.677,2.703,0.609,5.028,0.657,18,8.239,1.943,3.700,7.328
TRT00603,3.036,4.352,2.549,3.571,0.717,3.981,0.799,3.006,0.743,18,8.361,2.260,3.383,7.268
TRT00604,3.402,4.673,2.958,3.901,0.668,4.158,0.705,3.070,0.598,18,8.833,1.971,3.788,7.217
TRT00605,4.156,3.438,3.666,4.450,0.557,3.532,0.611,3.482,0.911,18,9.422,2.079,3.943,7.756
TRT00606,4.666,2.924,3.791,4.388,0.578,3.335,0.390,3.830,0.598,18,9.100,1.566,3.474,7.846
TRT00607,4.702,2.716,5.377,4.741,0.513,2.805,0.642,4.489,0.486,18,9.060,1.640,3.889,7.837
TRT00608,2.919,4.090,2.670,3.547,0.670,4.123,0.647,3.205,0.674,18,8.705,1.991,3.583,7.860
TRT00609,4.641,4.271,4.385,4.459,0.460,4.032,0.616,4.087,0.528,18,9.323,1.605,4.108,7.943
TRT00610,4.172,4.733,4.563,4.263,0.453,4.140,0.608,3.975,0.623,18,8.477,1.684,4.237,7.504
TRT00611,3.315,3.927,2.621,3.729,0.566,3.839,0.666,2.788,0.689,18,9.067,1.921,3.945,7.607
TRT00612,3.915,4.775,3.503,4.095,0.697,4.211,0.654,3.174,0.594,18,8.934,1.945,3.785,7.439
TRT00613,3.591,5.200,3.367,3.815,0.485,4.617,0.856,3.353,0.603,18,8.910,1.944,3.727,7.708
TRT00614,4.241,4.482,4.813,4.361,0.536,4.503,0.527,4.254,0.568,18,9.059,1.632,3.326,7.972
TRT00615,3.509,3.189,3.486,3.644,0.676,3.073,0.650,3.345,0.651,18,9.237,1.977,3.721,7.705
TRT00616,3.379,4.808,6.554,3.699,0.750,4.212,0.717,5.332,0.830,18,8.032,2.297,3.070,7.627
TRT00617,2.494,4.552,3.432,3.212,0.543,4.237,0.695,3.196,0.737,18,8.917,1.975,3.682,7.742
TRT00618,3.055,2.021,2.404,3.591,0.499,2.829,0.760,2.719,0.583,18,8.338,1.842,3.506,7.160
TRT00619,4.856,2.923,4.642,4.739,0.401,3.085,0.673,4.169,0.595,18,9.473,1.668,3.660,7.900
TRT00620,3.789,5.172,4.038,4.051,0.472,4.476,0.794,3.784,0.617,18,8.729,1.883,4.087,7.645
TRT00621,5.535,5.198,3.101,5.174,0.578,4.723,0.744,3.239,0.651,18,9.161,1.973,3.420,7.792
TRT00622,5.659,3.291,2.856,5.308,0.749,3.586,0.651,3.298,0.521,18,9.104,1.921,4.174,7.715
TRT00623,4.517,4.136,4.519,4.592,0.622,4.166,0.795,4.228,0.556,18,9.400,1.972,3.832,7.682
TRT00624,5.724,3.426,5.915,5.458,0.648,3.612,0.930,5.061,0.699,18,8.488,2.277,3.737,7.494
TRT00625,5.045,3.597,4.347,5.084,0.470,3.762,0.583,3.991,0.441,18,9.325,1.494,4.110,7.852
TRT00626,2.840,3.390,1.714,3.556,0.575,3.484,0.803,2.105,0.655,18,8.983,2.034,3.781,7.935
TRT00627,2.417,3.358,2.905,3.233,0.467,3.631,0.690,3.247,0.449,18,8.543,1.607,3.597,7.856
TRT00628,5.266,3.041,1.672,5.141,0.545,3.122,0.625,1.974,0.412,18,9.427,1.582,3.748,7.754
TRT00629,3.442,2.725,4.503,3.834,0.493,2.931,0.692,4.204,0.807,18,8.751,1.991,3.818,7.751
TRT00630,3.892,2.741,2.643,3.823,0.742,3.023,0.686,2.953,0.716,18,9.437,2.144,3.770,7.634
TRT00631,2.851,4.044,4.374,3.434,0.351,3.743,0.522,4.064,0.505,18,8.944,1.378,3.721,8.197
TRT00632,4.753,5.090,2.959,4.817,0.491,4.781,0.757,3.270,0.758,18,9.177,2.007,3.833,8.171
TRT00633,3.451,3.715,1.627,3.910,0.684,3.775,0.496,2.076,0.635,18,9.174,1.815,3.572,7.548
TRT00634,3.612,3.020,2.376,3.912,0.509,3.224,0.503,3.060,0.552,18,9.174,1.564,3.634,7.887
TRT00635,5.098,3.852,2.146,5.166,0.557,3.875,0.591,2.714,0.709,18,9.661,1.858,4.145,8.024
TRT00636,4.897,2.695,3.226,4.967,0.624,3.175,0.620,3.510,0.404,18,9.289,1.647,3.961,7.623
TRT00637,3.641,3.972,3.234,4.117,0.423,3.752,0.858,3.280,0.751,18,9.270,2.032,3.998,7.649
TRT00638,5.584,4.403,3.474,5.288,0.545,4.040,0.665,3.503,0.765,18,9.404,1.976,3.879,7.593
TRT00639,6.148,3.869,3.147,5.512,0.565,3.801,0.836,3.271,0.599,18,8.939,1.999,3.969,7.603
TRT00640,5.221,3.545,3.562,4.976,0.508,3.844,0.598,3.412,0.674,18,9.064,1.780,3.875,7.813
TRT00641,5.705,4.460,4.026,5.215,0.627,4.313,0.588,4.159,0.515,18,9.584,1.730,3.868,7.849
TRT00642,5.254,4.024,3.313,5.181,0.711,3.833,0.723,3.288,0.504,18,9.731,1.939,3.638,7.872
TRT00643,3.771,5.030,3.181,3.881,0.847,4.503,0.725,3.158,0.565,18,9.457,2.137,3.324,8.044
TRT00644,2.885,4.279,5.329,3.795,0.613,4.048,0.654,4.570,0.702,18,8.365,1.968,3.637,7.695
TRT00645,4.003,4.542,3.659,4.431,0.711,4.382,0.590,3.444,0.473,18,9.339,1.774,4.056,7.771
TRT00646,2.459,5.805,5.232,3.261,0.444,5.075,0.590,4.498,0.813,18,7.362,1.847,4.201,6.913
TRT00647,4.611,4.716,4.328,4.568,0.599,4.579,0.552,4.347,0.745,18,10.000,1.897,3.933,7.959
TRT00648,2.226,4.619,5.344,3.141,0.802,4.209,0.771,4.911,0.806,18,8.345,2.380,3.628,7.305
TRT00649,5.308,1.305,4.307,5.129,0.621,2.245,0.597,4.187,0.410,18,8.673,1.629,3.834,7.694
TRT00650,4.349,2.368,6.658,4.310,0.799,3.014,0.567,5.675,0.651,18,8.420,2.017,4.141,7.178
TRT00651,4.831,4.174,3.104,4.836,0.443,3.739,0.724,3.097,0.728,18,9.449,1.895,3.814,7.751
TRT00652,5.156,4.995,1.515,5.041,0.538,4.463,0.681,2.482,0.645,18,8.539,1.865,3.789,7.422
TRT00653,5.134,3.502,4.077,4.857,0.636,3.493,0.659,3.836,0.597,18,9.211,1.892,3.844,8.050
TRT00654,2.653,5.069,3.399,3.465,0.508,4.576,0.609,3.504,0.589,18,8.557,1.707,4.140,7.514
TRT00655,3.771,4.612,3.193,3.906,0.549,4.131,0.750,3.261,0.668,18,9.099,1.967,3.805,7.816
TRT00656,4.461,3.271,4.797,4.637,0.559,3.561,0.576,4.504,0.503,18,9.328,1.638,3.665,7.865
TRT00657,3.346,4.744,3.166,3.769,0.413,4.372,0.715,3.488,0.620,18,8.735,1.748,3.831,7.421
TRT00658,4.044,3.366,4.454,4.355,0.614,3.413,0.696,3.963,0.470,18,9.448,1.780,4.067,7.580
TRT00659,3.630,3.763,3.786,4.110,0.801,3.950,0.718,3.691,0.635,18,8.939,2.153,4.207,7.922
TRT00660,3.006,4.586,4.409,3.745,0.532,3.963,0.805,4.133,0.770,18,8.382,2.107,3.768,7.200
TRT00661,3.957,4.404,3.333,4.438,0.563,4.231,0.646,3.472,0.668,18,8.965,1.877,4.192,7.867
TRT00662,5.824,3.977,2.835,5.519,0.470,3.875,0.585,3.153,0.712,18,8.992,1.767,3.443,7.945
TRT00663,4.119,4.913,2.383,4.273,0.620,4.316,0.593,2.875,0.627,18,8.822,1.840,3.467,7.733
TRT00664,4.395,4.698,3.075,4.635,0.582,4.393,0.464,3.422,0.858,18,8.946,1.904,3.864,7.784
TRT00665,4.500,2.577,3.012,4.376,0.677,2.979,0.523,3.398,0.573,18,9.335,1.773,3.859,8.134
TRT00666,4.286,3.886,4.212,4.582,0.489,3.791,0.496,3.935,0.478,18,9.281,1.463,3.683,7.868
TRT00667,6.074,6.667,3.051,5.417,0.525,5.651,0.639,3.429,0.550,18,7.873,1.713,3.900,7.034
TRT00668,2.283,4.219,1.865,3.048,0.644,4.136,0.623,2.275,0.492,18,8.784,1.758,3.621,7.864
TRT00669,4.546,4.504,5.936,4.563,0.647,4.164,0.652,5.088,0.695,18,9.200,1.994,3.802,7.715
TRT00670,4.807,2.085,2.443,4.871,0.475,2.566,0.947,2.582,0.765,18,9.652,2.188,3.620,7.979
TRT00671,4.929,6.822,4.056,4.923,0.603,5.717,0.739,3.657,0.618,18,8.455,1.960,3.708,7.268
TRT00672,3.841,5.596,3.424,4.280,0.676,4.839,0.624,3.471,0.701,18,8.852,2.001,3.859,8.040
TRT00673,3.040,4.077,4.753,3.560,0.401,3.986,0.654,4.178,0.594,18,8.702,1.649,3.965,8.172
TRT00674,4.578,3.525,3.255,4.604,0.474,3.458,0.727,3.506,0.675,18,10.000,1.877,3.855,7.896
TRT00675,4.653,2.913,2.220,4.528,0.518,3.159,0.595,2.675,0.513,18,9.079,1.626,3.824,7.745
TRT00676,5.081,5.676,4.829,4.892,0.408,4.935,0.435,4.447,0.837,18,8.537,1.679,4.039,7.608
TRT00677,2.933,3.365,3.158,3.385,0.641,3.640,0.675,3.464,0.585,18,9.019,1.902,3.541,7.594
TRT00678,5.893,4.408,4.621,5.558,0.607,4.175,0.666,4.290,0.688,18,9.280,1.961,3.998,7.626
TRT00679,4.598,2.959,2.053,4.740,0.576,3.240,0.544,2.619,0.488,18,9.238,1.608,3.745,7.713
TRT00680,3.606,3.635,2.828,4.161,0.401,3.595,0.860,3.117,0.712,18,9.485,1.974,4.051,8.146
TRT00681,4.798,2.939,3.703,4.766,0.384,3.318,0.733,3.678,0.761,18,9.806,1.878,4.048,8.056
TRT00682,4.564,5.024,3.975,4.644,0.650,4.339,0.664,3.827,0.707,18,9.062,2.021,3.945,7.731
TRT00683,2.955,4.267,3.840,3.575,0.697,3.958,0.712,3.551,0.572,18,8.940,1.980,3.885,7.453
TRT00684,3.665,3.429,3.289,4.094,0.620,3.431,0.683,3.009,0.614,18,9.158,1.917,4.034,7.865
TRT00685,6.106,4.726,3.384,5.540,0.786,4.430,0.615,3.483,0.569,18,9.135,1.970,4.124,7.981
TRT00686,4.561,4.575,4.345,4.502,0.492,4.181,0.516,3.942,0.542,18,9.064,1.550,3.545,7.729
TRT00687,2.777,5.661,1.928,3.364,0.702,4.913,0.555,2.463,0.763,18,7.987,2.021,3.419,7.479
TRT00688,4.496,5.612,1.549,4.541,0.645,4.689,0.640,2.074,0.657,18,8.411,1.942,3.107,7.383
TRT00689,4.027,4.679,3.370,4.132,0.588,4.371,0.624,3.409,0.651,18,9.720,1.863,3.940,8.054
TRT00690,4.876,4.960,4.224,4.795,0.574,4.657,0.741,3.937,0.525,18,9.578,1.840,3.152,7.821
TRT00691,4.257,1.790,5.744,4.346,0.486,2.377,0.587,4.968,0.453,18,8.376,1.526,3.499,7.495
TRT00692,6.858,2.362,6.162,6.071,0.580,2.900,0.630,5.187,0.587,18,7.747,1.797,3.854,7.523
TRT00693,3.994,2.463,5.041,4.263,0.712,3.013,0.633,4.431,0.581,18,8.600,1.926,3.711,7.913
TRT00694,2.413,4.378,1.383,2.990,0.667,3.901,0.586,2.035,0.659,18,7.944,1.911,3.661,7.374
TRT00695,4.447,2.191,4.379,4.559,0.612,2.857,0.487,4.116,0.634,18,8.824,1.732,3.883,7.853
TRT00696,4.626,2.658,2.295,4.814,0.436,2.950,0.575,2.781,0.718,18,9.198,1.729,4.088,7.689
TRT00697,5.068,4.010,4.718,5.163,0.531,3.840,0.335,4.140,0.476,18,9.364,1.342,3.667,7.561
TRT00698,6.196,3.729,2.945,5.625,0.688,3.727,0.595,3.102,0.538,18,9.152,1.822,3.749,7.344
TRT00699,4.424,4.871,3.231,4.704,0.525,4.595,0.811,3.406,0.567,18,9.132,1.902,3.796,7.531
TRT00700,4.033,2.892,4.012,4.147,0.494,2.940,0.755,3.599,0.810,18,9.062,2.059,3.883,7.683
TRT00701,3.132,2.363,2.148,3.943,0.534,2.874,0.461,2.369,0.603,18,8.873,1.598,3.837,7.550
TRT00702,4.456,4.721,3.426,4.480,0.636,4.253,0.740,3.581,0.497,18,9.341,1.873,3.740,7.824
TRT00703,4.874,4.508,2.213,5.004,0.488,4.238,0.623,2.514,0.583,18,8.968,1.694,3.689,7.876
TRT00704,4.162,1.482,1.795,4.356,0.531,2.383,0.759,2.404,0.504,18,8.292,1.795,4.106,7.540
TRT00705,5.859,5.132,2.215,5.443,0.437,4.535,0.672,2.812,0.695,18,8.444,1.805,4.340,7.483
TRT00706,5.522,4.392,4.998,5.250,0.370,4.390,0.628,4.622,0.725,18,9.621,1.724,3.902,7.979
TRT00707,5.041,4.598,5.024,5.003,0.534,4.222,0.769,4.527,0.582,18,9.052,1.885,3.919,7.759
TRT00708,5.012,3.186,4.462,5.142,0.531,3.543,0.761,4.226,0.670,18,9.148,1.963,4.282,8.148
TRT00709,3.372,4.480,4.641,4.018,0.671,4.234,0.514,4.171,0.920,18,8.606,2.104,3.669,7.522
TRT00710,4.296,2.372,4.960,4.294,0.382,2.938,0.790,4.483,0.566,18,9.090,1.737,3.771,7.488
TRT00711,3.895,3.536,4.144,4.316,0.471,3.669,0.567,3.930,0.666,18,9.381,1.705,4.203,7.755
TRT00712,5.593,3.827,4.265,5.260,0.578,3.598,0.550,3.942,0.704,18,8.960,1.832,3.298,7.790
TRT00713,3.646,3.593,3.289,4.029,0.439,3.562,0.569,3.048,0.555,18,9.537,1.563,3.619,8.219
TRT00714,5.041,4.997,3.281,4.686,0.585,4.407,0.630,3.272,0.704,18,9.144,1.919,4.264,7.917
TRT00715,5.803,4.660,3.824,5.198,0.703,4.300,0.735,3.687,0.631,18,8.804,2.069,3.549,7.414
TRT00716,4.195,4.077,5.437,4.447,0.502,4.081,0.669,4.542,0.970,18,8.927,2.140,3.864,7.655
TRT00717,3.332,4.831,3.999,3.676,0.547,4.456,0.615,3.822,0.599,18,8.605,1.761,3.788,7.639
TRT00718,5.172,3.105,2.978,5.135,0.483,3.528,0.674,3.404,0.568,18,9.111,1.726,4.259,7.631
TRT00719,3.721,2.766,3.592,4.003,0.624,3.017,0.668,3.514,0.453,18,9.635,1.746,3.704,7.796
TRT00720,4.995,4.170,3.898,4.774,0.579,4.008,0.597,3.736,0.501,18,9.496,1.677,4.071,7.612
TRT00721,3.748,3.884,5.981,4.203,0.522,3.843,0.608,5.381,0.548,18,9.135,1.677,4.267,7.699
TRT00722,3.472,5.134,3.361,3.965,0.805,4.694,0.557,3.333,0.584,18,8.753,1.945,4.250,7.656
TRT00723,3.932,4.132,3.708,4.167,0.451,3.998,0.725,3.716,0.684,18,9.789,1.860,4.048,8.039
TRT00724,4.485,5.026,5.263,4.689,0.522,4.617,0.773,4.627,0.645,18,8.907,1.940,3.910,8.262
TRT00725,3.321,4.190,2.540,3.826,0.638,4.012,0.856,2.843,0.592,18,9.093,2.086,4.032,8.068
TRT00726,5.023,3.810,3.063,4.928,0.438,3.858,0.640,3.467,0.567,18,9.482,1.644,3.811,8.113
TRT00727,2.295,2.762,3.405,3.221,0.523,3.067,0.702,3.224,0.541,18,8.269,1.767,3.737,7.288
TRT00728,2.717,5.041,2.997,3.176,0.542,4.655,0.791,3.456,0.503,18,8.872,1.837,3.668,7.552
TRT00729,2.389,1.240,1.909,3.349,0.445,2.297,0.638,2.674,0.697,18,7.396,1.780,4.220,7.571
TRT00730,4.687,4.307,2.267,4.891,0.600,4.397,0.517,2.775,0.729,18,9.365,1.847,4.636,7.601
TRT00731,6.183,3.927,2.089,5.663,0.363,3.689,0.657,2.422,0.717,18,8.541,1.738,4.264,7.832
TRT00732,5.258,3.658,3.597,5.031,0.771,3.833,0.525,3.777,0.580,18,9.540,1.875,3.493,7.716
TRT00733,4.287,3.831,4.042,4.492,0.686,3.780,0.649,3.818,0.754,18,9.708,2.089,3.552,7.830
TRT00734,4.356,2.202,4.811,4.557,0.642,2.630,0.636,4.510,0.600,18,9.439,1.878,3.765,7.783
TRT00735,2.661,1.459,4.472,3.135,0.507,2.318,0.726,4.009,0.582,18,8.400,1.814,4.097,7.383
TRT00736,3.634,4.905,3.492,3.936,0.645,4.400,0.618,3.558,0.714,18,9.177,1.978,3.791,7.733
TRT00737,2.933,3.260,2.118,3.274,0.570,3.473,0.481,2.459,0.663,18,8.773,1.714,3.621,7.598
TRT00738,3.108,4.273,4.049,3.797,0.515,3.839,0.546,3.733,0.532,18,8.650,1.592,3.695,7.661
TRT00739,4.796,3.508,3.527,4.825,0.512,3.550,0.647,3.423,0.787,18,9.844,1.946,3.708,8.253
TRT00740,4.322,3.726,4.042,4.538,0.553,3.660,0.677,3.641,0.665,18,9.140,1.895,4.124,7.942
TRT00741,5.258,3.854,4.212,5.025,0.608,3.904,0.583,4.164,0.722,18,9.745,1.913,4.238,8.317
TRT00742,4.734,3.499,3.696,4.639,0.749,3.482,0.610,3.610,0.662,18,9.676,2.022,3.691,7.802
TRT00743,4.394,5.030,4.881,4.479,0.587,4.353,0.476,4.312,0.396,18,8.739,1.459,3.333,7.580
TRT00744,2.412,3.150,3.699,2.866,0.601,3.071,0.523,3.429,0.742,18,9.299,1.866,3.425,7.936
TRT00745,3.784,3.251,5.628,4.155,0.531,3.543,0.566,4.786,0.595,18,8.684,1.692,3.862,7.681
TRT00746,5.462,3.627,3.896,5.115,0.484,3.545,0.700,3.667,0.564,18,9.211,1.748,4.091,7.696
TRT00747,4.787,3.793,4.710,4.888,0.657,3.923,0.607,4.671,0.484,18,9.638,1.748,4.379,7.866
TRT00748,4.257,2.857,2.764,4.711,0.718,3.300,0.691,3.082,0.759,18,8.518,2.169,4.338,7.556
TRT00749,5.448,2.548,2.731,5.242,0.554,2.960,0.509,3.108,0.479,18,9.012,1.542,4.007,8.270
TRT00750,6.860,4.876,4.978,6.008,0.640,4.574,0.679,4.364,0.608,18,8.468,1.927,4.247,7.337
TRT00751,2.937,3.802,2.734,3.498,0.510,3.731,0.509,3.114,0.494,18,8.998,1.513,4.020,8.049
TRT00752,3.729,2.065,2.908,4.236,0.667,2.709,0.527,3.136,0.634,18,8.907,1.828,3.796,7.490
TRT00753,5.531,4.241,5.389,5.287,0.803,3.903,0.530,4.445,0.721,18,8.544,2.054,3.353,7.370
TRT00754,3.507,3.949,1.510,3.915,0.571,3.675,0.427,2.018,0.688,18,8.871,1.686,4.075,7.525
TRT00755,4.481,3.181,4.729,4.685,0.579,3.359,0.726,4.329,0.634,18,8.977,1.939,3.874,7.941
TRT00756,4.095,1.514,3.314,4.246,0.558,2.412,0.590,3.523,0.616,18,8.661,1.763,3.303,7.668
TRT00757,2.900,4.384,5.257,3.541,0.560,4.123,0.624,4.173,0.620,18,7.666,1.805,3.581,7.264
TRT00758,4.364,4.389,4.582,4.337,0.720,4.046,0.742,4.111,0.705,18,9.219,2.168,3.458,7.749
TRT00759,5.871,4.850,2.834,5.421,0.359,4.673,0.518,3.551,0.516,18,8.307,1.393,4.258,8.071
TRT00760,4.428,4.317,3.652,4.559,0.352,3.980,0.642,3.443,0.583,18,9.254,1.576,3.719,8.032
TRT00761,4.046,3.024,3.138,3.886,0.479,3.412,0.445,3.297,0.559,18,9.488,1.484,3.609,7.873
TRT00762,5.236,3.396,5.780,5.038,0.486,3.611,0.595,5.025,0.677,18,8.680,1.758,4.253,7.641
TRT00763,2.317,4.927,4.771,2.988,0.522,4.278,0.545,4.504,0.763,18,8.634,1.829,3.512,7.385
TRT00764,5.752,5.713,2.265,5.324,0.536,4.913,0.491,2.587,0.549,18,8.362,1.576,3.977,7.461
TRT00765,5.274,2.793,3.328,4.911,0.607,3.373,0.758,3.382,0.683,18,8.776,2.049,4.026,7.853
TRT00766,2.632,4.093,4.737,3.262,0.479,3.856,0.707,4.180,0.464,18,8.142,1.649,4.233,7.349
TRT00767,3.738,5.114,4.114,4.141,0.519,4.645,0.581,3.959,0.668,18,9.058,1.769,3.886,7.523
TRT00768,3.318,1.553,3.529,3.964,0.537,1.957,0.617,3.467,0.582,18,8.834,1.736,3.817,7.896
TRT00769,4.298,3.950,3.797,4.079,0.535,3.741,0.571,3.690,0.643,18,9.522,1.749,3.847,8.150
TRT00770,5.047,4.644,4.654,5.173,0.666,4.324,0.502,4.273,0.682,18,9.040,1.849,4.039,8.016
TRT00771,4.201,4.508,1.788,4.251,0.612,4.180,0.651,2.634,0.534,18,8.783,1.797,4.269,7.380
TRT00772,3.274,4.156,3.450,3.733,0.344,3.760,0.604,3.682,0.570,18,9.081,1.517,3.822,7.790
TRT00773,4.886,3.580,5.954,4.858,0.511,3.657,0.642,5.063,0.658,18,8.777,1.811,3.674,7.537
TRT00774,4.975,3.560,5.590,4.874,0.658,3.594,0.584,4.843,0.519,18,8.806,1.762,3.512,7.357
TRT00775,3.799,3.212,3.216,3.933,0.644,3.453,0.611,3.285,0.660,18,9.856,1.915,4.079,7.699
TRT00776,3.986,5.991,3.931,4.304,0.580,5.313,0.591,3.818,0.508,18,8.812,1.678,3.918,7.722
TRT00777,3.782,3.598,2.909,3.915,0.519,3.588,0.431,3.202,0.578,18,9.627,1.528,3.805,8.068
TRT00778,5.655,3.403,2.302,5.457,0.744,3.313,0.522,2.526,0.587,18,9.651,1.853,3.230,7.815
TRT00779,3.403,4.255,3.707,3.877,0.565,4.103,0.441,3.748,0.642,18,9.401,1.649,3.523,8.218
TRT00780,2.928,4.603,4.528,3.525,0.530,4.449,0.627,4.298,0.586,18,9.078,1.742,4.201,7.885
TRT00781,3.561,3.524,3.399,3.927,0.444,3.498,0.710,3.429,0.653,18,9.524,1.806,3.280,7.824
TRT00782,3.563,3.675,4.086,3.915,0.513,3.579,0.716,3.778,0.704,18,9.043,1.933,3.909,7.539
TRT00783,5.123,2.605,5.137,5.220,0.759,2.999,0.328,4.542,0.583,18,9.146,1.670,3.695,8.018
TRT00784,3.964,4.908,5.296,4.305,0.464,4.506,0.643,4.933,0.495,18,8.857,1.602,4.047,7.478
TRT00785,6.926,5.622,2.788,5.702,0.528,4.708,0.449,3.086,0.568,18,7.605,1.545,3.481,6.924
TRT00786,4.372,4.879,3.727,4.404,0.605,4.385,0.766,3.631,0.567,18,9.360,1.937,3.892,7.923
TRT00787,4.667,5.077,5.507,4.643,0.716,4.528,0.527,4.713,0.601,18,8.717,1.844,4.071,7.723
TRT00788,4.516,3.617,2.605,4.693,0.469,3.640,0.650,3.108,0.938,18,8.978,2.057,4.054,7.609
TRT00789,3.857,3.850,4.754,4.203,0.595,3.792,0.590,4.525,0.630,18,9.097,1.815,3.300,7.797
TRT00790,3.253,3.735,4.308,3.688,0.792,3.624,0.681,3.835,0.566,18,9.113,2.040,3.869,7.660
TRT00791,5.539,4.598,3.500,5.076,0.445,4.079,0.780,3.396,0.673,18,8.857,1.898,3.683,7.817
TRT00792,4.675,3.614,5.552,4.605,0.600,3.495,0.705,4.830,0.628,18,9.156,1.933,3.752,7.911
TRT00793,4.016,4.099,3.587,4.287,0.617,3.862,0.767,3.494,0.564,18,9.475,1.947,4.185,8.129
TRT00794,3.821,3.043,3.475,4.274,0.623,3.275,0.757,3.340,0.668,18,9.370,2.048,3.993,7.787
TRT00795,5.247,3.556,4.536,4.816,0.715,3.582,0.655,3.985,0.541,18,8.246,1.911,4.081,7.410
TRT00796,4.590,3.582,3.515,4.562,0.485,3.287,0.686,3.224,0.694,18,9.421,1.865,3.612,7.691
TRT00797,4.874,4.599,5.199,4.741,0.649,4.086,0.530,4.635,0.519,18,8.790,1.697,3.454,7.483
TRT00798,3.574,3.847,3.125,4.031,0.512,4.179,0.563,3.594,0.457,18,8.594,1.532,4.198,7.548
TRT00799,3.479,3.690,4.145,3.890,0.467,3.583,0.619,3.864,0.467,18,9.344,1.553,3.856,7.726
TRT00800,4.207,3.933,4.569,4.537,0.556,3.580,0.583,3.952,0.654,18,8.803,1.793,3.796,7.731
