person_id,conscientiousness_score,extraversion_score,neuroticism_score,identity_coherence,life_satisfaction,social_functioning,developmental_integration,measurement_reliability_index,identity_trait_alignment_index,person_situation_sensitivity_index,responsible_interpretation_index,mean_behavior_score,mean_situation_strength,mean_observed_regulation,mean_contextual_constraint
PER00001,4.325,4.912,4.545,3.046,2.992,3.263,2.790,7.852,3.824,4.325,5.373,3.936,4.434,3.897,4.683
PER00002,3.061,4.886,3.515,2.807,2.136,3.201,1.733,7.689,3.216,4.202,4.662,4.191,4.292,3.337,3.691
PER00003,2.821,2.291,1.102,2.355,3.538,3.169,2.875,7.688,3.545,4.123,5.487,3.937,4.543,3.705,4.400
PER00004,2.842,2.858,3.497,1.841,1.857,3.870,2.263,8.234,2.465,4.362,4.884,3.621,4.290,3.180,4.062
PER00005,4.317,4.263,2.375,3.064,3.046,2.809,2.251,7.615,3.737,4.914,4.927,4.066,4.676,4.112,5.114
PER00006,5.474,4.810,2.940,4.122,3.902,4.528,3.484,8.045,4.820,4.848,5.211,4.899,5.003,4.335,4.261
PER00007,5.716,5.337,3.536,3.349,3.052,3.164,3.183,8.511,3.900,4.937,5.533,4.728,4.696,4.675,4.322
PER00008,4.443,4.446,4.173,3.750,2.904,3.744,2.873,8.157,4.105,4.552,5.310,4.036,4.477,3.913,4.640
PER00009,2.768,3.755,3.944,2.394,2.404,2.890,2.804,7.512,3.208,4.318,4.402,3.855,4.830,3.252,4.238
PER00010,3.021,4.991,3.701,3.108,2.070,3.749,2.964,8.193,3.307,4.311,5.210,3.686,3.962,3.257,4.213
PER00011,4.386,5.686,4.696,2.877,2.054,3.066,2.672,7.500,3.209,4.742,4.761,3.852,4.174,3.481,4.079
PER00012,2.843,4.360,2.578,3.734,2.272,2.562,3.162,8.073,3.249,4.410,5.383,3.780,4.623,3.456,4.532
PER00013,2.848,4.638,4.042,2.487,2.293,4.171,2.743,8.626,3.400,4.472,5.533,4.021,4.625,3.167,4.017
PER00014,4.974,4.298,3.905,3.142,2.894,4.187,2.976,7.857,3.631,3.854,4.814,4.076,4.403,3.935,4.742
PER00015,4.128,4.417,6.522,2.045,1.236,3.189,3.263,8.591,3.498,4.298,5.170,3.885,4.188,3.017,3.707
PER00016,5.627,3.536,4.698,2.355,2.417,3.808,2.920,7.695,3.426,4.432,5.626,3.985,3.907,4.181,4.675
PER00017,2.296,4.576,3.336,2.559,1.981,2.871,2.886,7.565,3.228,4.806,5.049,3.596,4.611,3.230,4.661
PER00018,4.383,5.488,3.927,3.829,3.182,3.502,2.593,7.730,4.046,4.645,5.347,4.358,4.728,3.821,4.097
PER00019,3.276,3.640,2.645,1.913,2.648,3.746,2.737,7.414,2.371,4.258,4.979,3.902,4.677,3.529,4.601
PER00020,5.222,2.538,2.816,4.182,2.871,2.094,3.659,8.205,4.984,4.821,6.503,4.251,4.388,4.393,4.471
PER00021,2.700,3.730,6.912,2.203,1.000,2.222,1.591,7.633,2.438,3.360,4.377,3.259,4.131,2.751,4.803
PER00022,2.339,2.944,3.440,3.260,1.152,3.379,2.187,8.846,3.213,4.181,5.517,3.379,4.649,3.222,4.536
PER00023,3.090,3.006,4.172,1.723,1.877,3.625,2.462,6.754,2.568,4.459,4.291,3.699,4.162,3.185,4.191
PER00024,4.064,3.733,3.570,3.060,2.963,3.983,3.074,7.240,3.551,4.971,4.779,4.148,4.534,4.025,4.398
PER00025,3.686,3.712,3.141,2.758,1.922,3.355,3.777,6.984,3.919,4.203,5.481,3.955,4.196,3.981,4.471
PER00026,4.465,4.157,3.556,3.181,3.054,3.507,3.131,8.797,4.048,4.494,5.814,3.991,4.277,3.974,4.750
PER00027,3.840,4.432,4.476,2.137,1.000,2.953,2.274,7.485,2.894,4.303,4.681,3.834,4.478,3.515,4.176
PER00028,3.468,5.597,3.364,3.238,2.485,3.764,3.405,7.132,3.840,4.787,4.873,4.394,4.906,3.627,4.156
PER00029,4.067,5.099,3.753,3.564,3.403,3.992,3.551,7.766,4.157,4.644,5.717,3.833,4.532,3.636,4.385
PER00030,2.980,4.458,5.232,2.359,1.798,3.779,2.686,7.446,3.028,4.127,4.989,3.572,4.607,2.956,4.537
PER00031,4.822,5.980,4.213,4.129,3.301,3.732,2.637,7.459,4.544,4.626,5.188,3.973,4.064,4.013,4.155
PER00032,4.888,3.474,4.312,2.991,2.071,3.375,2.464,6.392,3.492,4.473,4.579,3.883,4.521,3.858,4.677
PER00033,5.469,1.652,3.316,3.686,2.131,3.110,3.453,8.052,4.517,5.110,5.565,4.390,4.436,4.745,4.891
PER00034,4.149,3.374,4.832,2.798,2.009,3.420,3.523,8.190,3.833,4.261,5.572,4.224,4.921,3.382,4.246
PER00035,3.374,5.058,3.285,3.418,1.723,3.151,2.741,8.388,3.072,4.540,5.236,4.074,4.814,3.672,4.362
PER00036,3.994,3.277,5.509,2.458,1.205,2.449,2.607,7.478,2.527,3.583,4.719,3.374,4.129,3.295,4.855
PER00037,3.454,2.619,2.448,3.203,2.784,3.867,2.957,7.710,3.207,4.619,5.688,3.989,4.612,3.529,4.053
PER00038,3.948,3.864,5.780,3.348,1.000,3.586,3.337,7.703,3.418,4.467,4.892,3.892,4.709,3.408,4.539
PER00039,3.555,2.828,3.048,3.196,1.947,3.427,3.227,7.999,3.762,4.764,5.779,3.991,4.657,3.705,4.444
PER00040,4.702,4.812,3.950,3.589,3.243,3.559,3.551,7.601,3.715,4.668,5.430,4.602,4.801,3.734,4.277
PER00041,3.046,5.008,3.517,2.306,2.254,3.537,1.811,7.484,2.960,4.335,4.560,3.880,4.528,3.312,3.826
PER00042,3.304,4.455,5.661,2.735,2.062,3.311,2.245,7.859,3.170,4.939,5.200,3.892,4.489,2.936,4.480
PER00043,4.269,4.016,4.152,2.321,2.451,3.916,3.167,8.653,2.899,4.204,5.114,4.048,4.745,3.593,4.777
PER00044,3.270,4.422,2.742,2.746,2.235,3.433,2.144,7.902,3.319,4.723,4.944,4.221,4.589,3.611,4.121
PER00045,3.913,3.227,3.103,2.991,2.363,2.442,4.749,7.063,4.165,4.713,5.667,3.970,4.274,3.755,3.845
PER00046,4.369,4.798,4.588,3.157,3.291,3.839,3.711,7.971,4.285,4.319,4.971,4.130,4.340,3.802,3.840
PER00047,3.036,5.005,4.045,1.680,1.543,3.198,1.532,7.498,2.796,4.994,5.057,3.942,4.237,3.480,4.162
PER00048,5.516,4.459,3.762,2.895,2.800,3.254,2.898,7.614,3.466,4.716,4.793,4.436,4.645,4.166,4.352
PER00049,1.076,3.482,4.127,1.918,1.082,2.756,1.923,7.817,2.547,4.841,4.854,3.323,4.540,2.482,4.364
PER00050,6.129,4.419,3.051,3.227,3.844,4.143,3.525,7.912,3.791,5.240,5.089,4.771,4.622,4.593,4.183
PER00051,2.605,4.108,3.859,2.756,2.359,3.225,1.887,7.700,3.222,4.598,4.961,3.695,4.564,3.288,4.380
PER00052,4.310,3.977,4.331,2.052,2.046,2.556,3.037,7.372,3.402,4.299,5.049,3.648,4.643,3.949,5.122
PER00053,2.889,4.175,5.490,2.711,1.899,2.753,3.277,8.207,3.183,4.571,5.113,3.630,4.712,2.866,3.669
PER00054,4.761,6.004,2.503,3.684,4.021,4.275,3.183,7.656,3.729,4.413,5.207,4.443,4.418,4.247,3.839
PER00055,3.237,3.798,3.692,2.261,1.965,3.911,1.968,7.013,3.551,4.376,5.480,3.899,4.671,3.578,4.728
PER00056,5.468,3.573,4.335,4.437,2.963,3.856,4.132,7.859,4.420,4.488,5.403,4.353,4.562,4.010,4.313
PER00057,5.565,3.085,3.071,3.034,2.236,3.555,4.190,7.824,4.015,5.484,5.289,4.508,4.505,4.583,4.455
PER00058,5.201,4.339,5.388,2.421,2.788,3.533,2.560,7.354,3.376,4.506,5.015,4.066,4.172,4.008,4.511
PER00059,3.649,4.935,4.467,2.547,1.989,3.200,2.768,7.127,3.455,4.127,4.809,3.745,4.405,3.237,4.391
PER00060,3.397,3.964,3.425,1.341,2.028,3.942,2.497,7.541,2.575,4.470,4.764,3.815,4.613,3.565,4.234
PER00061,3.865,1.562,4.489,2.660,2.016,2.781,2.230,7.511,3.086,4.318,5.456,3.528,4.066,3.393,3.574
PER00062,3.095,1.766,3.745,2.193,1.000,2.161,2.357,7.676,3.158,4.533,5.144,3.343,4.416,3.654,4.115
PER00063,4.384,4.846,2.583,3.627,3.378,4.183,2.404,8.004,3.742,4.798,5.391,4.376,4.681,3.958,5.041
PER00064,4.648,4.701,3.253,2.976,2.531,3.527,3.055,7.918,4.210,4.708,5.561,4.314,4.264,4.052,4.686
PER00065,3.258,3.093,4.079,2.954,2.006,3.447,2.257,8.029,3.218,4.712,4.885,3.846,4.816,3.569,4.473
PER00066,4.651,4.211,3.609,3.262,3.010,3.821,4.289,7.541,4.455,4.395,5.371,4.261,4.478,3.984,4.184
PER00067,3.553,2.870,4.665,2.695,2.105,3.275,2.668,6.942,3.310,3.944,5.036,3.780,4.447,3.278,4.145
PER00068,5.456,3.651,5.169,2.669,1.551,2.654,3.061,8.267,4.098,5.190,5.835,4.370,4.858,3.889,4.512
PER00069,4.894,4.314,5.155,3.402,2.367,3.336,3.600,7.735,4.053,4.667,5.534,4.112,4.864,3.876,4.717
PER00070,4.134,5.012,2.998,3.654,2.463,3.282,2.861,7.626,4.101,4.026,5.535,4.229,4.653,3.904,4.450
PER00071,5.508,4.839,3.926,4.256,2.395,3.025,3.990,7.694,4.494,4.595,5.759,4.467,4.379,3.958,4.097
PER00072,3.358,4.649,3.079,2.315,3.031,4.108,2.700,8.051,3.552,4.430,5.018,4.212,4.512,3.683,3.982
PER00073,5.617,5.675,3.543,3.687,3.181,3.837,3.532,8.175,4.525,4.883,5.682,4.739,4.586,4.519,4.647
PER00074,5.266,3.161,2.950,4.438,3.148,3.631,3.890,7.894,4.488,4.593,5.577,4.229,4.135,4.444,3.932
PER00075,5.804,4.400,3.301,3.678,3.035,4.439,3.127,7.749,4.324,4.727,5.212,4.407,4.348,4.474,4.514
PER00076,4.567,2.749,5.261,2.664,2.808,3.470,4.005,7.958,3.722,4.300,5.286,3.871,4.870,3.570,4.504
PER00077,3.216,4.742,4.418,1.210,2.674,4.352,2.265,7.752,2.405,4.889,5.005,4.139,4.561,3.297,4.551
PER00078,4.043,1.956,3.858,3.146,2.050,2.527,3.477,8.259,3.394,4.645,5.687,4.301,4.781,3.628,4.111
PER00079,3.097,4.299,1.974,2.893,2.077,2.425,3.026,7.031,3.362,4.428,5.030,3.920,4.109,3.611,4.303
PER00080,4.022,1.160,3.745,2.301,2.035,2.062,3.695,8.072,3.826,4.816,5.170,3.772,4.831,3.893,4.688
PER00081,3.044,3.672,5.556,1.681,2.330,3.757,2.347,7.894,1.984,4.197,5.159,3.703,4.999,3.314,5.131
PER00082,5.023,3.546,3.754,1.693,2.849,3.148,3.187,8.464,3.513,4.554,5.149,3.952,4.245,4.106,3.815
PER00083,5.161,3.905,4.001,3.092,2.722,3.571,3.718,7.543,3.605,4.858,5.483,3.995,4.231,4.070,3.920
PER00084,4.442,4.960,3.241,3.026,3.532,4.223,4.253,6.959,3.865,5.063,5.652,4.637,5.331,3.977,4.223
PER00085,3.794,4.164,5.136,3.128,1.405,2.556,3.227,7.981,3.242,4.674,5.574,3.919,4.998,3.476,4.471
PER00086,6.658,3.682,4.576,2.751,2.681,4.295,3.389,7.710,4.134,4.905,5.441,4.359,4.215,4.486,3.522
PER00087,5.262,4.470,4.048,2.996,2.255,3.748,2.967,8.172,4.015,4.779,4.880,4.135,4.174,3.883,3.215
PER00088,2.747,2.998,4.755,1.954,1.253,2.264,2.259,8.147,3.270,4.632,4.955,3.632,4.255,2.967,3.678
PER00089,2.563,2.322,4.117,1.502,1.401,3.182,2.407,7.845,2.795,4.003,4.932,3.187,4.424,3.166,3.919
PER00090,2.251,3.024,3.793,1.575,1.237,1.745,2.489,7.096,2.383,3.862,4.226,3.536,4.380,2.891,3.798
PER00091,4.025,4.337,2.259,2.718,2.436,3.529,3.446,7.678,4.044,4.646,5.703,4.268,4.527,4.022,4.188
PER00092,4.479,5.436,4.905,2.883,3.147,3.398,3.132,7.978,3.829,4.377,5.775,3.920,4.479,3.721,4.647
PER00093,5.616,3.820,4.180,3.592,2.191,3.065,3.804,8.429,4.104,4.972,5.731,4.094,4.890,4.360,4.820
PER00094,3.998,5.029,4.470,3.608,2.408,4.241,2.886,8.128,3.802,4.171,5.385,4.080,4.139,3.782,4.318
PER00095,2.732,2.917,3.413,2.799,2.267,3.516,2.139,8.261,3.669,3.905,5.390,3.419,3.954,3.156,4.296
PER00096,4.843,5.700,3.498,3.205,3.347,4.081,2.921,6.940,3.471,4.888,5.389,4.565,4.130,4.245,4.716
PER00097,3.884,2.266,3.695,2.572,1.841,3.225,3.655,8.718,3.301,4.096,5.577,3.822,4.134,3.586,3.426
PER00098,5.290,6.351,4.871,3.333,3.425,4.029,4.345,7.789,4.343,4.487,5.692,4.197,4.342,4.061,4.424
PER00099,4.612,4.348,4.716,3.372,2.048,4.124,3.332,7.568,3.807,4.191,5.290,4.298,4.603,3.791,4.376
PER00100,2.263,3.864,3.623,2.872,2.112,3.257,2.643,8.287,2.726,4.429,5.107,3.515,4.659,2.751,3.794
PER00101,5.045,4.573,5.425,3.088,2.318,4.348,4.028,7.433,3.929,4.421,5.456,4.048,4.432,3.659,3.776
PER00102,2.816,5.967,3.178,3.806,3.428,3.731,3.158,7.964,4.167,4.260,5.871,3.715,4.360,3.452,4.649
PER00103,1.650,4.509,5.362,2.715,1.000,1.447,3.218,7.880,2.521,3.271,4.711,3.096,4.296,2.362,3.896
PER00104,4.338,3.071,4.029,2.459,3.043,3.277,3.558,7.524,3.259,4.724,5.846,4.237,4.878,3.885,4.233
PER00105,3.607,4.878,3.141,3.444,2.607,4.065,2.678,8.028,3.749,4.751,5.558,4.093,4.753,3.662,4.095
PER00106,3.545,3.752,4.132,3.151,2.552,3.367,2.776,7.612,3.699,4.727,5.128,3.531,4.411,3.521,4.388
PER00107,4.368,4.939,3.533,3.297,3.501,3.342,3.572,7.871,4.017,4.763,5.929,4.163,4.375,3.751,3.894
PER00108,3.928,4.784,3.547,3.083,2.908,4.907,3.054,6.931,4.413,4.801,5.728,4.247,5.013,3.661,4.447
PER00109,5.090,3.167,2.816,3.391,4.090,3.046,3.120,7.838,4.327,5.201,5.847,4.207,4.010,4.046,4.117
PER00110,3.284,3.337,5.122,2.332,1.967,1.565,3.266,8.427,2.945,3.831,5.147,3.256,4.244,3.359,4.481
PER00111,4.897,2.543,4.899,2.925,2.363,2.437,2.991,8.447,3.023,4.566,5.518,3.768,4.257,3.688,3.863
PER00112,4.638,3.262,2.838,3.189,2.200,3.158,2.219,8.242,3.928,4.808,5.355,4.015,4.606,4.248,4.657
PER00113,4.261,4.651,1.702,2.891,3.410,3.367,2.964,7.647,4.242,5.149,5.246,4.362,4.265,4.230,4.147
PER00114,4.041,2.847,4.692,3.272,1.304,3.137,2.977,7.813,4.078,4.128,5.327,3.816,4.781,3.379,4.388
PER00115,5.420,4.384,2.611,3.492,3.136,5.021,4.242,7.714,4.465,4.576,5.481,4.373,4.132,4.622,4.688
PER00116,4.514,5.993,3.218,3.633,3.243,4.032,3.536,8.174,4.867,4.904,5.807,4.393,4.196,3.941,4.269
PER00117,5.447,3.075,1.418,4.032,3.255,4.113,3.844,7.504,4.775,5.206,5.375,4.639,4.335,4.612,4.072
PER00118,3.730,3.371,2.285,2.903,3.167,4.599,2.258,8.384,3.365,4.459,5.441,4.083,4.586,4.034,3.972
PER00119,4.414,4.023,1.831,3.094,2.881,3.906,3.233,7.707,4.262,4.643,5.448,4.513,5.015,4.420,4.572
PER00120,4.268,4.855,3.680,2.685,3.034,3.061,2.991,8.002,3.796,4.527,5.926,4.139,4.295,3.758,4.355
PER00121,4.335,3.857,1.836,3.049,3.203,3.526,3.355,8.303,3.495,5.162,5.568,4.295,4.467,3.990,4.036
PER00122,5.780,2.767,3.474,3.532,2.521,2.856,3.781,7.738,3.912,4.413,5.156,4.359,4.329,4.542,4.550
PER00123,5.786,3.091,4.533,3.548,3.252,3.209,3.427,8.244,4.413,4.582,5.470,4.421,4.703,4.314,4.635
PER00124,2.252,3.618,3.968,1.382,2.874,3.143,1.663,8.282,1.975,4.054,4.597,3.897,4.674,2.954,3.323
PER00125,5.816,2.799,3.253,3.148,3.603,3.056,4.961,7.627,4.849,5.017,6.244,4.049,4.455,4.463,4.436
PER00126,6.176,5.797,2.715,3.799,3.665,4.864,4.057,8.748,4.660,5.083,6.116,4.922,4.647,4.715,4.622
PER00127,1.959,5.693,4.387,2.613,2.533,4.622,1.819,7.808,2.995,4.120,4.525,3.770,4.431,2.810,4.015
PER00128,2.758,2.714,3.385,3.410,1.713,2.406,2.710,8.104,3.502,3.820,5.150,3.369,4.260,3.527,4.911
PER00129,6.384,2.403,3.367,3.972,2.540,3.436,3.774,8.136,5.344,4.659,5.993,4.491,4.613,4.878,4.419
PER00130,4.780,4.006,4.077,3.495,1.861,2.467,3.452,7.451,3.825,4.460,5.238,4.002,4.626,4.078,4.424
PER00131,4.208,5.379,6.224,2.233,1.893,3.186,2.738,7.797,3.554,4.838,5.240,3.819,4.607,3.361,4.518
PER00132,2.512,3.170,4.007,2.227,1.091,1.691,3.019,8.178,3.234,4.510,4.887,3.224,4.723,3.127,4.728
PER00133,2.236,4.739,3.224,2.112,2.741,2.892,2.489,7.942,2.717,4.639,5.229,3.710,4.691,3.209,4.130
PER00134,3.430,4.521,3.674,1.809,2.903,3.560,1.835,7.432,3.053,4.613,5.253,3.824,4.541,3.489,4.335
PER00135,3.998,3.264,6.113,1.984,1.539,2.161,1.831,8.478,2.793,4.257,4.955,3.720,4.298,3.106,3.884
PER00136,5.290,4.960,4.396,3.137,3.045,2.944,3.140,7.954,4.085,4.181,4.807,4.525,4.610,3.987,4.051
PER00137,2.612,3.806,2.100,3.190,2.390,3.361,2.652,8.092,3.658,3.934,5.073,3.475,4.377,3.688,4.484
PER00138,2.437,3.749,6.199,1.804,1.099,2.972,1.381,7.972,2.157,4.142,4.689,3.590,4.450,2.799,3.913
PER00139,3.831,3.546,3.940,2.342,2.290,3.390,2.816,7.680,3.004,4.016,4.634,3.890,4.867,3.857,4.534
PER00140,2.705,4.399,5.628,1.859,1.541,2.442,2.683,8.041,2.409,4.204,4.964,3.480,4.122,2.600,4.075
PER00141,5.245,1.726,4.325,2.125,1.768,1.858,3.277,7.590,3.272,5.190,5.062,3.939,4.569,4.251,4.233
PER00142,4.840,5.524,5.689,3.573,1.763,3.343,2.745,8.086,3.809,4.615,4.890,4.108,4.795,3.622,4.426
PER00143,6.351,5.036,5.620,3.501,3.842,4.604,3.903,8.871,4.604,5.066,5.976,5.160,5.007,4.461,4.652
PER00144,5.344,3.929,4.327,3.266,3.040,3.351,3.401,8.344,4.295,5.522,5.778,4.296,5.033,4.072,4.079
PER00145,3.172,4.533,4.853,1.908,3.202,3.380,2.170,7.322,2.868,4.397,4.862,3.776,4.948,3.161,4.834
PER00146,4.907,4.321,4.065,3.861,3.070,4.024,3.614,8.194,4.044,5.116,5.280,4.173,4.361,4.138,4.149
PER00147,4.617,4.442,3.474,2.474,3.219,4.909,3.227,7.902,3.259,4.996,5.188,4.323,4.367,4.152,4.764
PER00148,3.281,4.602,3.206,2.548,2.306,2.899,3.035,7.935,3.111,4.296,5.188,4.287,4.312,3.491,4.585
PER00149,4.235,5.655,2.835,4.029,3.064,2.973,4.007,8.066,4.083,5.329,5.896,4.807,4.392,4.118,4.092
PER00150,4.181,4.369,2.071,2.902,2.659,2.968,3.351,7.903,3.881,4.125,5.033,4.231,4.484,3.974,4.306
PER00151,3.892,2.854,3.243,2.011,1.617,2.862,2.004,8.482,3.819,4.725,5.844,4.180,4.689,4.004,4.261
PER00152,4.342,4.836,3.632,3.133,2.740,2.898,3.447,8.078,3.953,4.676,5.943,4.196,4.341,3.676,3.972
PER00153,1.586,1.952,3.225,1.369,1.913,2.521,2.187,8.366,1.747,3.696,4.667,3.085,4.080,2.677,3.854
PER00154,6.408,4.453,3.719,4.255,3.866,3.652,3.275,7.981,4.216,4.814,6.039,4.793,4.311,4.657,4.314
PER00155,2.934,4.297,3.510,2.416,2.163,3.493,2.159,7.045,3.103,4.390,4.333,3.765,4.494,3.532,5.087
PER00156,4.610,2.140,4.457,2.452,1.330,2.903,3.031,8.276,3.226,4.259,5.086,4.020,4.628,3.917,4.551
PER00157,4.187,4.068,3.308,3.269,3.654,2.708,3.334,8.377,4.097,4.602,5.535,4.200,4.139,3.807,4.374
PER00158,4.013,4.508,4.994,2.227,2.024,4.160,1.632,6.516,2.171,4.130,4.017,4.012,4.596,3.369,4.923
PER00159,6.760,3.063,4.021,3.873,2.743,2.728,3.772,8.384,4.686,5.371,6.535,4.563,4.852,4.812,5.086
PER00160,3.863,4.730,3.557,2.635,2.332,3.687,2.939,7.332,3.496,4.872,5.141,4.141,4.473,3.763,4.354
PER00161,3.060,3.024,3.973,2.170,2.415,3.841,2.253,8.408,3.004,4.603,5.323,3.606,4.627,3.260,4.322
PER00162,3.185,3.847,5.224,2.566,1.518,1.868,2.158,7.254,2.715,4.192,5.299,3.502,4.485,3.139,4.591
PER00163,4.245,3.404,3.225,3.238,1.583,3.289,3.410,7.649,3.948,4.330,5.262,3.922,4.116,4.138,4.394
PER00164,3.594,2.866,2.750,3.522,3.022,4.012,3.517,7.593,3.570,4.797,5.195,3.815,4.444,3.809,4.360
PER00165,4.569,5.267,4.769,4.484,2.355,3.380,3.782,8.310,4.892,4.363,5.991,4.128,4.551,3.848,4.062
PER00166,2.089,4.560,4.131,1.680,2.675,2.780,2.604,8.347,3.027,4.461,5.213,3.673,5.017,3.109,4.719
PER00167,4.874,4.257,4.747,3.313,3.655,4.914,3.027,7.925,4.109,4.748,5.384,4.543,4.540,3.862,4.036
PER00168,4.152,4.503,3.895,3.765,2.555,3.343,3.534,8.493,4.528,4.569,5.472,4.498,4.997,3.902,4.401
PER00169,3.828,3.787,4.191,3.335,2.170,3.224,3.838,7.354,4.050,4.452,5.478,4.269,4.586,3.607,4.772
PER00170,4.418,1.102,5.475,2.750,1.607,2.112,3.106,9.025,3.343,4.167,5.979,3.533,4.531,3.334,4.251
PER00171,4.203,5.649,3.430,3.508,3.260,3.516,3.702,8.486,4.376,4.442,5.846,4.320,4.560,3.684,4.612
PER00172,4.120,2.447,3.540,2.237,2.577,2.475,3.447,7.060,3.460,4.503,5.171,3.984,4.438,3.943,4.276
PER00173,3.164,3.897,2.877,2.648,3.765,3.128,3.175,7.055,3.775,4.840,5.238,3.803,4.621,3.576,4.071
PER00174,4.725,2.819,2.409,4.113,2.367,3.020,4.180,8.108,4.354,5.098,5.520,4.488,4.696,4.253,4.107
PER00175,3.985,5.133,1.322,3.959,3.545,4.527,4.020,7.900,3.940,4.386,5.259,4.544,4.894,4.028,4.133
PER00176,5.378,3.539,3.686,2.672,2.585,4.353,2.818,7.805,3.884,5.133,5.722,4.124,4.404,4.367,4.620
PER00177,5.180,3.383,4.837,3.430,2.994,3.283,4.301,7.942,4.583,4.808,5.516,4.202,4.296,4.163,4.451
PER00178,2.554,5.442,4.373,3.045,2.880,3.581,3.270,7.030,3.152,4.232,5.427,4.008,4.517,2.802,3.951
PER00179,6.667,4.422,3.530,3.588,2.824,3.667,3.498,7.854,4.324,5.030,5.890,4.730,3.880,4.749,3.755
PER00180,3.771,3.978,4.276,2.832,2.489,2.825,3.411,8.131,4.048,4.001,5.199,4.103,4.406,3.396,4.096
PER00181,5.231,5.412,3.818,3.413,3.349,4.023,3.216,6.317,3.954,4.857,4.867,4.515,4.522,4.283,4.713
PER00182,4.311,3.618,4.169,3.213,2.785,3.486,3.439,8.538,3.874,4.626,5.289,4.052,4.186,3.864,4.151
PER00183,2.801,3.935,2.751,3.059,2.131,2.606,2.913,8.248,3.449,3.977,5.514,3.593,4.103,3.671,4.543
PER00184,5.122,3.447,5.852,2.198,1.518,2.612,2.923,7.976,3.261,4.314,5.143,3.845,4.422,3.700,3.918
PER00185,5.426,2.245,2.491,4.021,2.423,2.880,3.828,7.385,4.815,4.535,6.143,4.067,4.094,4.465,4.133
PER00186,4.278,3.946,5.319,2.157,2.070,2.501,3.284,8.208,3.307,4.225,5.768,3.946,4.835,3.295,4.352
PER00187,6.391,3.226,2.847,2.887,2.283,3.241,3.378,8.330,4.592,4.664,6.000,4.443,4.364,4.905,4.069
PER00188,3.611,3.240,4.172,2.643,1.191,2.710,2.339,8.155,3.542,4.881,5.047,4.304,4.692,3.653,4.574
PER00189,2.936,4.107,4.052,2.420,1.583,3.659,3.178,6.953,3.105,4.498,5.174,3.732,4.460,3.427,4.355
PER00190,3.466,1.927,3.892,2.451,1.740,1.924,3.272,8.389,3.019,4.280,5.807,3.403,4.552,3.528,4.384
PER00191,3.729,3.036,5.366,1.921,2.025,2.686,1.995,7.305,2.547,4.319,4.835,3.595,4.837,3.265,4.443
PER00192,4.141,5.644,2.785,3.255,2.238,3.428,3.280,8.431,4.051,4.885,6.106,4.236,4.685,4.068,4.275
PER00193,4.724,2.663,3.047,3.445,2.323,3.903,3.283,7.887,4.523,4.907,5.121,4.432,4.944,4.343,4.518
PER00194,3.961,3.649,5.125,2.048,2.092,2.947,2.605,7.746,3.472,4.279,5.035,3.862,4.402,3.806,5.105
PER00195,3.711,2.374,2.587,3.050,2.573,4.447,3.289,8.392,4.046,4.624,5.787,4.141,4.319,3.970,3.564
PER00196,3.481,3.753,4.005,2.698,1.634,2.964,2.980,7.953,3.188,5.060,6.308,3.887,4.486,3.556,4.707
PER00197,3.961,4.834,3.557,3.102,2.480,3.483,3.244,8.170,3.860,4.586,5.092,4.298,4.386,3.944,4.721
PER00198,3.830,6.304,3.752,2.909,3.703,3.432,2.531,8.347,4.030,4.478,5.430,4.508,4.343,3.562,4.288
PER00199,4.798,5.433,4.376,3.593,3.506,4.335,2.141,7.777,3.756,4.304,4.889,4.454,4.290,3.861,4.237
PER00200,3.940,4.152,4.568,1.942,3.054,4.202,3.060,8.018,2.630,4.672,4.920,4.160,4.574,3.685,4.810
PER00201,5.485,4.228,4.146,2.430,3.300,3.664,3.550,8.306,3.967,5.058,5.387,4.433,4.312,4.215,4.092
PER00202,4.953,5.289,3.533,3.873,2.515,3.700,3.735,7.870,3.972,4.961,6.019,4.516,4.404,4.041,4.321
PER00203,4.937,4.345,3.503,4.091,3.211,4.186,2.549,8.096,4.485,5.002,5.890,4.596,4.126,4.229,4.248
PER00204,3.403,2.167,4.460,3.183,2.695,3.832,3.409,7.394,3.251,4.629,6.032,3.920,4.822,3.385,4.494
PER00205,5.979,2.536,4.067,2.105,1.959,3.824,3.300,7.419,3.368,4.868,4.931,4.425,4.404,4.550,4.324
PER00206,2.961,2.926,5.050,1.400,1.478,2.675,2.275,8.019,2.722,4.357,5.148,3.526,4.763,3.268,4.584
PER00207,3.279,3.606,2.882,3.258,1.668,3.007,3.138,7.949,4.168,3.902,5.257,4.083,4.921,3.629,4.172
PER00208,3.275,5.114,3.795,3.826,1.720,2.864,3.693,7.389,3.203,4.394,5.051,3.891,4.354,3.525,4.595
PER00209,2.474,5.156,2.967,3.159,3.145,3.007,2.752,7.803,3.245,4.572,5.054,3.704,4.443,3.374,4.606
PER00210,2.905,4.117,3.378,2.443,1.702,3.018,3.555,7.650,3.879,4.627,5.627,3.957,4.628,3.587,4.734
PER00211,5.251,2.759,3.429,3.775,2.491,2.767,3.000,7.350,4.460,4.837,5.757,3.917,3.965,4.566,5.064
PER00212,4.078,3.846,3.322,3.346,3.058,3.198,3.578,7.544,4.227,3.950,5.492,4.151,4.325,3.627,3.787
PER00213,4.251,3.957,3.878,2.919,3.366,3.568,4.200,7.286,3.830,5.001,4.701,4.197,4.215,3.837,3.874
PER00214,5.460,2.796,2.725,4.132,2.662,3.612,4.550,8.217,4.980,4.442,5.863,4.434,4.453,4.345,3.484
PER00215,6.378,3.131,3.274,4.194,3.211,2.581,3.803,7.358,4.669,4.304,5.721,4.734,4.622,4.887,3.854
PER00216,3.453,4.175,3.748,2.150,1.736,2.648,2.467,8.620,2.411,4.239,4.648,4.047,4.477,3.660,4.679
PER00217,5.226,3.093,3.323,2.941,1.593,2.973,2.852,7.862,3.749,4.440,5.520,4.338,4.353,4.263,4.473
PER00218,5.199,2.396,4.129,2.281,2.804,4.687,2.703,8.015,3.305,4.519,5.933,4.046,4.683,4.205,4.327
PER00219,5.907,2.359,5.123,3.249,2.509,2.038,3.394,8.907,4.167,3.985,5.520,4.013,4.274,4.213,3.994
PER00220,3.566,3.916,4.119,2.726,1.667,3.395,2.055,7.679,3.156,3.750,4.986,3.903,3.960,3.369,3.972
PER00221,4.315,4.012,4.679,2.494,2.131,3.462,3.285,7.970,3.890,5.178,5.693,4.198,4.477,3.777,3.923
PER00222,4.133,3.140,4.374,2.874,1.170,3.439,3.801,8.508,3.661,4.659,5.636,3.633,4.487,3.379,4.232
PER00223,4.344,4.768,1.309,3.855,3.106,4.591,2.611,8.225,4.501,4.984,6.169,4.445,4.539,4.286,4.405
PER00224,5.525,4.407,5.367,3.144,2.797,3.869,3.391,8.364,4.351,5.215,6.020,4.304,4.609,4.045,4.142
PER00225,3.826,3.911,6.091,2.792,2.375,2.954,2.569,8.205,3.128,4.014,5.086,3.872,4.469,3.295,3.707
PER00226,4.468,4.316,3.700,3.756,2.286,3.396,3.464,6.996,3.888,4.393,5.403,3.934,4.044,3.656,4.114
PER00227,2.389,4.660,3.661,2.617,2.765,3.464,2.591,7.584,3.111,4.139,4.915,3.911,4.656,2.989,4.292
PER00228,3.304,2.915,3.332,3.230,2.292,3.333,3.324,7.946,3.439,4.800,4.959,3.702,4.731,3.719,4.750
PER00229,4.216,4.280,3.265,3.325,2.568,3.775,3.465,7.927,4.641,4.883,5.921,4.513,4.430,3.929,4.878
PER00230,4.171,6.214,5.300,3.290,1.908,3.876,3.427,8.264,3.407,4.967,5.571,4.459,4.745,3.658,4.603
PER00231,4.393,4.841,2.672,3.227,3.304,4.489,2.857,8.343,3.971,4.805,5.757,4.556,4.637,4.081,4.536
PER00232,3.824,2.902,4.400,2.237,1.489,3.316,2.223,8.665,2.991,4.246,4.969,3.736,4.384,3.371,4.674
PER00233,5.239,4.557,4.883,3.079,3.443,3.419,3.699,8.257,3.576,5.022,5.693,4.351,4.262,3.864,4.158
PER00234,5.227,2.842,2.747,2.731,3.886,3.026,3.000,8.324,4.082,4.196,5.521,4.045,4.253,4.311,4.349
PER00235,4.331,3.819,1.624,2.394,3.505,3.247,3.671,8.246,3.852,4.397,5.731,4.106,4.205,4.188,4.227
PER00236,3.196,6.175,4.036,3.945,3.279,4.466,3.228,8.022,3.500,4.173,5.015,4.429,4.956,3.420,4.729
PER00237,4.854,4.606,5.361,3.510,2.343,3.216,3.568,7.481,3.777,4.752,5.344,4.085,4.674,3.577,4.316
PER00238,2.474,3.006,4.724,2.495,2.675,2.410,1.976,8.018,3.573,4.028,5.027,3.477,4.126,2.917,3.958
PER00239,3.405,2.797,3.879,2.339,2.542,3.073,2.860,7.436,3.446,4.668,5.359,4.024,4.746,3.344,4.139
PER00240,3.424,3.925,3.114,3.049,2.138,3.603,4.036,7.902,3.872,4.868,5.255,3.999,4.690,3.564,3.756
PER00241,4.275,5.027,4.389,2.393,2.502,3.937,2.277,8.171,2.718,5.152,4.863,4.262,4.726,3.572,3.603
PER00242,3.021,5.396,5.601,1.372,2.077,3.028,2.695,7.457,1.733,4.371,4.186,3.803,4.237,3.046,4.636
PER00243,3.882,3.342,2.266,2.654,3.383,3.771,3.641,7.824,3.169,4.007,5.414,4.017,4.243,3.971,4.736
PER00244,3.604,3.259,2.089,2.819,1.997,3.751,2.332,7.913,3.467,4.803,5.295,4.212,4.563,3.803,4.253
PER00245,5.045,4.371,1.677,4.526,3.576,3.141,3.295,8.026,4.507,5.488,5.931,4.566,4.584,4.676,4.316
PER00246,5.159,4.251,3.404,2.841,3.041,4.479,3.121,7.422,4.659,4.212,5.576,4.498,4.404,4.239,4.437
PER00247,1.417,4.301,1.596,2.469,2.418,2.528,3.237,7.780,2.830,4.121,4.894,3.607,4.179,3.304,3.579
PER00248,4.552,2.387,2.007,2.533,3.339,3.426,3.192,8.439,3.484,3.913,5.280,4.010,4.140,4.558,4.745
PER00249,4.581,6.364,4.013,4.402,4.152,3.396,4.503,8.248,5.670,4.328,5.942,4.296,4.611,3.813,4.052
PER00250,3.733,4.885,5.141,2.521,2.173,3.120,3.445,8.060,2.865,4.270,5.055,3.661,4.520,3.252,4.327
PER00251,2.870,2.809,2.927,2.299,1.200,2.556,2.953,7.439,3.098,4.695,5.452,3.501,4.423,3.491,4.079
PER00252,5.870,4.776,4.288,4.263,2.542,3.202,2.833,8.990,4.646,4.892,6.005,4.445,4.200,4.525,4.226
PER00253,5.317,1.877,4.407,2.758,2.983,2.375,3.282,7.992,3.184,4.429,5.604,4.038,4.305,4.043,4.400
PER00254,4.975,5.104,3.596,3.479,2.776,3.650,2.887,8.146,4.359,4.732,5.645,4.345,4.559,4.203,5.195
PER00255,3.739,6.552,3.114,2.972,2.514,4.379,3.664,8.315,4.107,4.171,5.530,4.274,4.290,3.594,4.078
PER00256,3.886,4.790,5.121,1.870,1.893,3.039,2.622,8.213,2.720,4.771,4.876,4.115,4.673,3.594,4.900
PER00257,3.594,1.572,3.137,2.454,2.135,3.601,2.529,8.837,3.142,4.742,5.309,3.730,4.646,3.665,4.295
PER00258,3.454,1.358,2.204,2.639,1.743,2.506,3.665,7.179,4.364,4.747,5.380,3.716,4.663,3.989,4.390
PER00259,3.959,3.401,3.456,2.950,2.194,3.642,2.940,8.221,3.785,4.750,6.041,4.027,4.603,3.601,4.009
PER00260,3.624,4.135,4.292,3.379,3.413,2.734,2.986,7.895,3.671,4.517,5.680,3.907,4.641,3.540,4.636
PER00261,2.649,4.106,1.719,2.980,3.453,3.003,2.948,7.298,3.651,4.603,4.977,3.918,4.966,3.412,4.461
PER00262,3.514,5.285,2.897,3.551,3.051,4.576,3.229,7.685,4.033,5.021,5.207,4.619,4.869,3.986,4.573
PER00263,4.093,2.547,3.980,3.491,2.284,2.589,4.023,7.477,4.312,4.595,5.184,3.870,4.607,3.470,4.253
PER00264,3.094,3.184,3.846,3.342,2.187,3.853,3.063,6.897,3.723,4.775,4.602,3.823,4.423,3.493,4.218
PER00265,5.029,4.264,2.299,4.818,2.726,3.900,4.097,8.119,4.299,4.925,5.348,4.398,4.437,4.620,4.458
PER00266,4.386,6.249,3.628,2.543,3.024,3.778,3.759,7.813,4.283,4.447,5.512,4.602,4.558,4.191,4.013
PER00267,2.932,3.802,4.672,2.840,1.000,3.276,3.275,8.287,3.478,3.822,5.571,3.481,4.732,2.922,4.323
PER00268,5.958,3.716,3.874,2.436,2.311,3.056,3.086,7.282,3.622,4.352,5.272,4.191,4.233,4.359,3.725
PER00269,5.774,3.023,3.939,2.854,2.789,3.762,2.800,6.865,4.006,4.847,5.375,4.472,4.367,4.259,4.070
PER00270,3.854,2.499,4.552,3.225,1.004,2.329,3.250,7.427,4.372,4.338,5.210,3.727,4.462,3.523,4.614
PER00271,1.860,2.881,5.145,1.376,1.055,2.409,2.796,7.986,2.789,4.709,4.519,3.107,4.539,2.876,4.623
PER00272,4.398,3.607,5.808,2.511,1.816,4.082,4.373,7.913,3.682,3.953,5.108,3.551,4.189,3.404,4.145
PER00273,3.321,3.828,2.951,2.830,2.738,2.766,2.701,7.893,2.943,4.063,4.561,3.664,4.436,3.835,4.366
PER00274,2.282,4.709,3.610,2.103,2.142,3.092,3.312,7.192,2.774,4.253,5.191,3.521,3.969,3.088,4.029
PER00275,5.317,3.452,3.463,3.432,2.472,2.979,3.130,6.924,3.982,4.887,5.316,4.457,4.885,4.636,4.371
PER00276,5.520,3.646,4.021,3.229,3.385,3.138,3.447,7.826,3.900,4.970,5.650,4.202,4.555,4.243,4.468
PER00277,5.438,5.407,3.554,3.896,3.430,4.243,4.248,7.692,4.581,4.850,5.617,4.593,4.377,4.441,3.958
PER00278,4.204,5.135,3.204,3.745,2.683,3.848,3.425,8.778,4.385,4.633,5.853,4.313,4.233,3.883,3.816
PER00279,5.203,3.551,3.139,3.433,3.301,4.726,2.704,7.633,3.965,5.169,5.673,4.543,4.767,4.563,4.826
PER00280,3.412,3.234,4.480,2.859,1.768,2.853,2.661,8.332,3.194,4.570,5.069,3.945,4.652,3.235,3.937
PER00281,2.550,3.413,1.956,2.470,3.590,4.280,2.552,8.116,3.301,3.977,5.103,3.686,4.088,3.452,3.899
PER00282,3.581,2.402,1.868,4.058,2.860,3.009,3.182,8.683,4.361,4.359,5.627,3.887,4.381,3.988,4.254
PER00283,3.158,4.618,3.362,3.049,2.322,4.380,2.867,8.325,3.700,4.346,5.874,4.114,4.226,3.383,3.714
PER00284,3.983,3.977,4.989,3.153,2.163,3.152,2.307,7.453,3.603,3.998,4.697,3.790,4.542,3.463,4.277
PER00285,4.478,4.728,3.449,2.851,2.806,4.145,4.147,8.428,3.981,5.175,5.907,4.481,4.739,4.001,3.775
PER00286,4.076,4.072,4.592,3.335,1.749,4.591,2.700,8.535,3.284,4.905,4.742,4.323,4.802,3.624,4.434
PER00287,3.276,3.960,4.236,2.703,1.837,4.124,2.826,7.575,3.305,4.468,5.270,4.008,4.765,3.499,4.814
PER00288,5.100,1.282,3.625,3.135,1.865,2.602,3.795,7.902,4.271,5.198,5.524,4.149,4.560,4.173,4.315
PER00289,4.793,3.901,2.965,3.086,2.768,3.841,3.123,7.680,4.767,4.470,5.620,4.463,4.334,3.982,4.083
PER00290,5.425,3.010,3.005,3.649,2.803,3.372,4.433,8.613,4.787,5.139,6.346,4.189,4.439,4.781,4.985
PER00291,2.740,3.698,4.415,2.602,1.873,3.079,2.769,7.553,3.004,4.015,5.215,3.551,4.596,2.978,4.173
PER00292,2.477,3.239,4.665,2.509,2.143,2.431,2.493,7.503,2.281,3.672,4.513,3.163,4.130,2.822,3.792
PER00293,5.840,2.416,6.969,2.360,1.830,1.768,3.166,7.597,3.220,4.254,4.860,3.898,4.603,3.548,4.033
PER00294,3.562,5.660,4.187,3.272,1.468,4.054,2.412,7.034,3.688,4.006,4.694,3.742,3.673,3.587,3.949
PER00295,4.113,3.312,4.420,2.206,2.005,3.523,2.231,6.526,2.774,4.502,4.476,4.126,4.459,3.349,3.996
PER00296,5.168,3.063,4.864,4.104,1.920,2.423,4.679,7.762,5.297,4.368,5.360,3.820,4.060,3.947,4.187
PER00297,5.420,4.122,3.858,3.155,2.870,5.345,3.477,7.831,3.227,4.618,5.570,4.597,4.571,4.399,4.378
PER00298,4.725,1.591,4.671,2.778,2.248,2.281,3.351,8.457,3.616,4.495,5.379,3.909,4.409,4.009,4.268
PER00299,3.960,1.895,4.462,2.555,2.273,2.295,3.103,8.077,3.631,4.559,5.310,3.554,4.390,3.504,4.788
PER00300,4.873,4.389,3.068,3.293,3.832,3.893,2.187,8.342,3.776,4.988,5.498,4.452,4.879,4.257,4.635
PER00301,2.162,4.415,4.296,2.008,2.481,3.233,2.520,7.733,3.003,4.192,5.463,3.655,4.454,2.888,4.556
PER00302,3.940,4.280,2.475,2.789,4.373,4.477,2.082,7.833,3.501,5.497,5.314,4.451,4.880,4.064,4.486
PER00303,3.090,3.399,3.589,2.877,2.842,3.010,2.479,8.614,3.383,3.922,5.205,3.779,4.481,3.642,4.044
PER00304,1.434,4.401,3.799,3.105,2.518,3.152,2.412,8.359,2.835,3.599,4.928,3.427,4.152,2.710,3.911
PER00305,5.282,5.918,5.616,3.472,3.541,3.997,3.108,8.121,3.428,4.346,5.408,4.138,4.610,3.872,4.403
PER00306,5.892,2.507,4.154,2.483,3.554,4.052,2.956,6.837,3.816,4.640,4.885,4.519,4.528,4.495,4.319
PER00307,4.996,2.419,1.846,2.433,2.824,3.468,3.384,8.942,3.757,4.824,6.012,4.133,3.631,4.447,4.065
PER00308,3.828,4.871,3.410,2.535,2.189,2.991,3.052,8.025,3.434,4.440,4.986,4.209,4.574,3.673,4.233
PER00309,4.344,4.128,2.296,3.507,2.892,3.424,1.794,6.871,3.360,4.827,4.790,3.928,3.934,4.027,4.275
PER00310,5.278,2.930,3.307,3.324,2.530,3.837,3.525,7.700,4.269,4.896,5.996,4.311,4.524,4.207,3.749
PER00311,4.321,6.596,3.705,2.751,3.059,4.247,2.821,8.780,3.760,4.278,5.491,4.224,4.240,3.832,4.215
PER00312,2.706,4.388,1.340,3.022,2.845,3.528,3.637,8.159,3.978,4.313,5.866,3.729,4.445,3.643,3.748
PER00313,2.848,5.000,3.618,4.048,2.015,3.513,2.242,7.930,4.485,4.655,5.581,3.627,4.167,3.199,3.952
PER00314,2.275,3.962,5.031,2.156,1.000,3.151,2.422,8.067,3.163,4.016,4.944,3.396,4.459,2.687,4.884
PER00315,3.100,3.016,3.625,2.468,2.843,2.744,2.484,7.623,3.458,4.381,5.404,3.746,4.167,3.669,4.338
PER00316,4.189,3.719,4.428,3.540,2.866,3.612,2.750,7.451,4.252,4.233,5.044,4.063,4.759,3.658,4.305
PER00317,6.435,4.000,4.049,2.936,3.191,2.839,4.609,8.214,4.696,4.474,5.323,4.478,4.380,4.458,4.585
PER00318,4.320,4.398,5.045,3.997,2.661,3.991,2.870,8.097,4.740,4.112,5.788,4.181,4.394,3.402,4.579
PER00319,5.624,4.553,4.721,3.548,2.797,3.285,3.634,7.792,4.003,4.592,4.973,4.183,4.139,4.123,4.441
PER00320,3.946,3.595,2.368,3.204,4.153,4.121,2.910,7.477,3.574,4.841,5.550,4.199,4.237,4.119,4.229
PER00321,6.569,3.245,3.372,4.141,2.546,4.706,3.515,6.630,4.405,5.480,5.552,4.985,4.801,4.552,4.230
PER00322,4.690,4.000,3.525,2.460,2.124,3.618,2.482,7.715,4.351,4.641,5.428,4.192,4.603,4.047,4.474
PER00323,2.146,5.418,4.263,1.295,1.642,3.019,2.243,7.859,2.657,4.114,4.503,3.360,4.450,3.032,3.989
PER00324,3.806,4.371,4.095,2.109,2.017,3.005,2.679,7.335,2.955,5.157,5.126,4.043,4.477,3.844,5.126
PER00325,1.710,3.607,3.179,2.695,1.858,3.398,2.959,7.406,3.198,4.100,4.812,3.617,4.274,2.986,4.179
PER00326,4.641,3.688,3.228,3.468,2.853,3.948,3.213,7.114,4.385,4.651,5.084,4.240,4.546,4.261,4.742
PER00327,3.773,4.861,2.078,2.764,3.577,3.429,3.296,8.251,3.700,4.807,5.868,4.346,4.590,3.775,4.056
PER00328,4.574,6.017,4.863,2.900,2.905,4.429,3.087,7.546,3.690,4.546,5.090,4.207,4.351,3.844,4.225
PER00329,4.798,3.944,5.172,3.295,3.059,4.237,3.139,8.812,4.156,4.017,5.887,3.912,4.668,3.748,4.539
PER00330,5.668,4.244,2.199,3.822,3.014,3.949,3.608,7.929,5.059,4.897,5.473,4.782,4.267,4.815,4.242
PER00331,2.167,2.507,1.584,1.584,3.179,3.730,2.268,7.884,2.450,4.461,4.528,3.480,4.609,3.154,4.322
PER00332,3.003,3.860,2.316,2.766,3.238,3.821,2.914,7.914,3.429,4.658,5.152,4.136,4.714,3.562,4.201
PER00333,4.028,3.665,2.124,2.223,1.952,3.253,3.263,7.590,4.101,4.790,5.812,4.048,4.231,4.157,4.451
PER00334,5.104,3.942,3.810,2.663,2.832,4.213,3.058,7.872,3.328,4.616,5.375,4.134,4.587,4.029,4.269
PER00335,3.179,4.804,3.605,2.307,2.634,1.606,1.381,7.503,3.038,4.218,4.602,3.922,4.768,3.446,4.661
PER00336,5.331,5.298,3.397,3.265,4.274,4.155,3.367,7.397,4.674,4.692,5.124,4.747,4.891,4.410,4.532
PER00337,4.070,5.432,5.718,2.624,1.896,3.610,2.608,8.855,3.003,4.687,5.606,3.663,4.459,3.147,4.414
PER00338,6.246,4.382,2.838,3.319,2.306,4.335,3.362,8.300,4.210,5.022,5.558,4.712,4.613,4.791,4.404
PER00339,4.043,2.393,4.947,2.710,2.161,2.082,2.515,7.657,3.046,4.218,4.907,3.678,4.399,3.471,4.259
PER00340,3.760,4.119,4.689,2.672,2.284,3.144,3.292,7.895,3.704,4.422,5.461,4.182,4.575,3.558,3.638
PER00341,3.840,3.545,3.649,2.908,2.185,2.943,2.676,7.273,2.942,4.220,5.371,4.056,4.580,3.757,4.271
PER00342,4.598,1.959,3.505,2.680,1.875,2.623,3.051,8.067,3.582,4.866,5.599,3.908,4.366,4.047,4.583
PER00343,3.923,5.468,6.025,4.081,1.575,3.845,3.059,8.619,3.609,4.719,5.129,4.031,4.736,3.257,4.493
PER00344,3.294,3.925,4.589,3.248,1.880,3.172,2.613,8.034,3.448,4.016,5.324,3.873,4.303,3.023,4.184
PER00345,5.578,5.702,4.974,2.476,3.384,3.651,2.565,7.286,3.081,4.956,4.237,4.532,4.468,4.146,4.249
PER00346,1.744,4.017,2.823,2.556,2.812,3.450,3.212,7.921,3.052,3.935,4.730,3.616,3.975,3.033,3.972
PER00347,4.622,6.068,5.244,3.366,2.904,3.105,2.945,8.389,3.476,4.851,5.379,4.042,4.238,3.621,4.068
PER00348,4.344,3.151,5.308,2.615,2.006,3.691,2.753,8.355,3.722,4.496,5.577,3.788,4.369,3.520,4.000
PER00349,2.899,4.053,4.017,2.590,2.099,3.328,2.492,7.224,3.674,4.492,4.731,3.687,4.814,3.558,4.961
PER00350,6.325,3.186,3.039,3.252,2.837,4.400,3.402,7.513,4.284,4.868,5.526,4.641,4.507,4.902,4.800
PER00351,3.838,2.366,4.324,2.896,1.419,2.747,3.411,8.443,3.402,4.289,5.506,3.604,4.424,3.484,4.260
PER00352,4.176,5.225,4.100,2.770,1.801,3.143,3.295,7.860,3.357,4.850,5.318,4.282,4.503,3.858,3.734
PER00353,3.654,4.208,3.986,2.916,2.821,3.272,3.242,7.394,3.669,4.245,4.739,3.868,4.353,3.531,4.238
PER00354,4.142,2.663,4.703,1.815,1.841,2.746,2.135,6.339,2.996,4.504,4.373,3.939,4.554,3.420,3.865
PER00355,4.483,4.083,4.057,2.629,2.689,2.828,3.025,6.994,3.831,3.948,5.001,4.092,4.563,3.611,4.403
PER00356,3.719,4.256,4.856,2.358,2.784,3.168,2.737,7.486,2.708,4.482,4.768,4.211,4.800,3.610,4.710
PER00357,3.743,3.883,3.609,3.271,1.408,3.526,2.895,8.001,3.266,4.239,5.302,3.980,4.535,3.745,4.036
PER00358,4.645,2.641,4.224,3.576,2.518,3.366,3.355,7.654,3.814,4.251,5.729,3.971,4.133,4.040,4.495
PER00359,4.663,2.187,1.567,3.616,3.033,2.935,3.814,7.701,4.797,5.044,5.576,3.942,4.380,4.570,4.184
PER00360,5.832,3.642,4.017,4.000,3.503,4.189,4.341,7.627,4.341,4.526,5.567,4.358,4.163,4.162,3.814
PER00361,4.897,3.932,2.678,4.709,3.268,3.977,3.769,8.177,4.303,4.899,5.783,4.392,4.431,4.306,4.471
PER00362,3.329,5.614,4.723,2.865,3.233,3.663,2.262,7.041,2.771,4.639,4.796,3.925,4.586,3.249,4.108
PER00363,4.145,5.353,6.715,2.470,2.691,4.182,2.747,8.165,2.954,3.966,5.198,3.825,4.674,3.054,4.076
PER00364,5.572,3.814,4.244,3.088,2.402,3.948,3.323,7.784,3.700,5.427,5.526,4.433,4.343,4.013,4.489
PER00365,2.309,3.221,1.314,2.681,2.625,3.582,2.602,7.380,4.052,4.803,5.608,3.992,4.556,3.690,3.990
PER00366,3.003,3.732,2.899,2.879,2.260,3.276,2.424,7.198,3.194,4.917,5.084,4.066,4.357,3.381,3.934
PER00367,4.351,4.671,4.275,2.982,2.667,4.114,3.313,7.903,3.514,4.740,5.337,4.278,4.573,3.846,4.845
PER00368,4.178,3.261,3.309,2.341,3.251,2.368,3.406,7.999,3.363,4.684,5.368,4.286,4.862,3.749,3.954
PER00369,2.892,4.042,4.144,2.740,1.881,3.670,2.515,6.785,3.875,4.749,5.001,3.965,4.697,3.217,4.008
PER00370,4.375,4.109,4.735,3.293,1.860,2.520,2.832,7.488,4.328,4.590,4.980,4.304,4.627,3.583,4.391
PER00371,3.604,5.014,3.388,3.358,3.510,4.112,3.578,7.800,4.517,4.732,6.083,4.016,4.128,3.634,3.548
PER00372,4.405,2.905,3.883,2.831,2.071,2.657,2.667,7.880,3.666,5.239,6.067,4.025,4.387,3.968,4.232
PER00373,3.820,3.949,4.909,2.064,2.800,2.817,2.572,8.198,2.547,4.399,4.815,3.834,4.599,3.397,4.180
PER00374,5.396,3.926,5.397,3.242,1.364,3.647,3.078,7.533,4.424,4.493,5.572,3.854,4.226,3.982,4.457
PER00375,5.797,5.115,3.983,3.862,3.170,3.812,3.865,7.801,4.187,4.476,5.693,4.402,4.291,4.251,3.853
PER00376,4.033,5.568,3.781,4.773,2.608,3.856,2.867,7.923,4.552,4.108,5.299,4.276,4.415,3.771,4.407
PER00377,4.976,3.312,4.150,3.085,2.304,3.981,2.777,8.204,3.749,4.255,5.236,4.106,4.252,3.966,4.300
PER00378,5.612,1.723,4.076,3.527,2.800,3.604,3.518,8.199,4.081,5.193,5.412,4.326,4.725,4.537,4.208
PER00379,3.609,4.342,2.401,2.710,1.000,2.205,2.334,8.119,3.168,4.756,5.405,3.942,4.774,3.816,4.661
PER00380,4.517,4.713,2.048,3.728,4.105,3.734,3.392,6.611,4.543,4.516,5.641,4.202,4.393,3.978,3.835
PER00381,4.759,2.564,3.608,2.812,2.783,3.222,2.783,7.192,4.023,4.594,5.107,4.302,4.442,4.101,4.244
PER00382,2.984,4.918,4.625,3.159,2.399,4.171,2.593,7.186,3.313,4.492,4.968,3.497,4.185,3.261,4.959
PER00383,3.646,6.071,4.025,3.143,2.476,3.997,2.850,7.246,3.028,4.421,4.869,4.107,4.325,3.770,5.074
PER00384,3.433,3.464,3.722,3.269,3.550,3.731,2.670,8.065,3.149,4.031,4.994,3.851,4.468,3.487,4.974
PER00385,5.176,3.171,3.271,3.395,2.533,3.433,3.825,8.202,4.015,4.728,5.499,4.231,4.320,4.485,4.765
PER00386,4.838,4.765,1.979,3.586,2.962,4.332,3.139,8.310,3.334,4.837,5.514,4.557,4.370,4.753,4.671
PER00387,4.954,5.583,3.732,3.877,2.363,4.155,3.449,8.647,4.534,4.692,5.914,4.404,4.569,4.174,4.054
PER00388,3.438,3.038,2.252,2.518,2.538,2.721,3.041,7.736,3.695,4.385,5.469,3.819,4.380,4.007,4.653
PER00389,4.686,2.377,6.187,1.667,1.972,2.494,2.875,8.090,2.632,4.639,4.948,3.703,4.369,3.499,4.699
PER00390,4.888,6.605,2.432,3.702,3.901,4.132,2.893,7.163,4.761,5.149,5.643,4.603,4.154,4.384,4.398
PER00391,2.327,4.948,4.210,2.674,1.546,4.051,2.751,7.607,3.291,4.552,4.871,3.805,4.529,3.040,3.972
PER00392,2.435,2.989,4.953,1.435,2.153,3.032,1.873,7.560,2.368,5.044,4.386,3.511,4.708,2.876,4.022
PER00393,5.522,4.233,2.986,3.932,2.733,3.751,3.733,7.736,4.687,4.530,5.670,4.752,4.397,4.495,3.823
PER00394,4.786,3.483,2.058,3.092,3.137,3.739,2.715,7.468,3.653,4.757,5.106,4.459,4.289,4.296,4.611
PER00395,3.439,3.888,4.706,3.226,2.391,3.614,2.554,7.602,3.969,4.352,5.336,3.923,4.794,3.539,4.991
PER00396,4.658,4.784,5.068,3.075,2.105,4.060,2.549,8.031,3.439,4.628,4.766,4.249,4.577,3.612,4.478
PER00397,4.771,4.042,2.782,2.412,3.563,2.855,2.593,7.177,3.516,4.239,4.814,4.162,4.274,4.443,4.233
PER00398,3.115,4.791,2.436,3.088,2.940,4.614,2.504,7.338,3.070,4.163,4.715,4.085,4.260,3.693,4.366
PER00399,5.217,3.114,4.196,2.673,2.562,3.182,3.125,8.982,3.124,4.464,4.932,4.110,4.266,4.114,4.295
PER00400,4.593,3.505,2.498,3.035,2.639,2.803,3.224,7.508,3.943,4.820,5.798,4.161,4.815,3.986,4.718
PER00401,4.298,3.966,2.490,3.635,3.152,4.015,2.972,7.499,3.730,4.891,5.449,4.229,4.730,4.175,4.166
PER00402,3.796,2.717,3.126,2.467,3.111,3.345,2.642,8.586,3.937,5.131,6.144,4.031,4.282,3.794,4.133
PER00403,4.848,2.901,2.529,3.044,3.030,3.534,3.639,8.011,4.239,5.009,5.892,4.205,4.000,4.544,4.273
PER00404,4.233,3.044,3.583,3.415,1.355,3.131,4.518,7.485,4.165,4.199,5.738,3.778,4.713,3.815,4.578
PER00405,5.090,4.335,3.964,3.379,3.606,3.223,3.372,7.693,4.379,4.167,5.113,4.390,4.338,4.104,3.951
PER00406,6.059,3.237,3.298,2.778,3.082,3.791,4.080,7.809,3.616,4.476,5.554,4.653,4.358,4.508,3.649
PER00407,4.684,5.233,2.481,4.222,3.306,3.934,3.258,8.040,4.651,5.217,5.535,4.330,4.660,4.514,4.616
PER00408,4.867,1.401,3.546,3.159,3.063,2.511,3.630,8.141,4.530,4.304,5.596,4.063,4.103,4.125,4.268
PER00409,4.490,4.355,5.605,3.533,3.419,3.311,3.451,7.851,4.013,4.236,5.508,3.599,4.067,3.388,3.985
PER00410,5.911,6.228,3.162,3.334,3.546,4.783,3.231,7.859,4.206,5.412,5.679,4.910,4.933,4.566,4.495
PER00411,3.661,4.106,3.466,2.285,3.353,4.042,2.222,8.193,2.969,4.664,4.952,3.996,4.537,3.853,4.199
PER00412,4.692,4.069,2.100,3.820,3.911,4.070,2.540,7.896,3.875,4.854,4.905,4.712,4.439,4.475,4.697
PER00413,4.656,3.344,4.010,3.139,2.230,3.707,2.665,7.503,4.118,4.393,5.050,4.099,4.669,3.807,4.395
PER00414,3.213,5.796,4.717,2.789,2.180,2.698,3.482,8.253,3.408,4.398,5.655,4.111,4.682,3.069,4.309
PER00415,5.455,4.681,3.895,3.627,2.590,3.453,4.165,7.461,4.766,4.908,5.340,4.323,4.609,4.214,4.071
PER00416,2.411,4.363,4.286,2.986,1.319,2.769,2.446,7.704,2.639,4.128,4.726,3.728,4.712,3.004,4.256
PER00417,5.008,3.471,5.415,2.827,3.261,3.494,2.510,6.887,3.624,4.563,5.133,3.986,4.744,3.703,4.207
PER00418,5.264,4.011,3.705,3.247,2.741,2.921,3.566,8.019,3.361,5.161,5.654,4.537,4.725,3.980,4.058
PER00419,4.417,4.164,5.140,2.693,2.883,2.985,3.213,7.659,4.025,4.649,5.572,4.059,4.242,3.658,4.080
PER00420,5.635,3.418,2.237,3.706,3.775,3.809,3.667,7.152,5.183,5.328,5.747,4.615,4.364,4.616,4.232
PER00421,4.171,4.000,5.183,4.506,2.150,2.970,3.387,7.271,4.010,4.551,5.255,3.971,4.620,3.531,4.454
PER00422,5.196,4.373,3.515,3.115,2.267,3.783,3.518,7.165,3.852,5.160,5.478,4.381,4.846,4.235,4.099
PER00423,2.001,2.825,2.369,3.081,2.020,3.379,3.286,8.227,3.531,4.168,5.122,3.562,4.549,3.204,4.487
PER00424,4.274,5.021,5.465,2.236,3.164,3.247,3.174,8.077,3.072,5.090,5.452,4.158,4.955,3.510,4.388
PER00425,5.395,3.696,2.090,3.494,3.228,4.082,3.417,7.757,4.993,5.340,5.435,4.506,4.429,4.690,4.473
PER00426,5.762,3.760,2.754,3.304,3.293,3.594,3.403,8.355,4.302,4.552,5.949,4.493,4.682,4.544,4.386
PER00427,5.669,3.083,1.559,3.397,3.285,3.475,4.485,7.834,4.929,4.724,5.741,4.559,4.317,4.796,4.164
PER00428,5.840,4.659,3.193,3.060,3.218,4.350,2.746,8.417,3.876,5.395,5.574,4.870,4.832,4.651,5.060
PER00429,4.326,4.776,5.757,2.864,1.732,2.473,2.944,7.511,3.315,4.867,4.954,4.126,4.821,3.615,4.559
PER00430,3.689,4.693,3.408,3.172,2.553,3.828,3.540,7.964,4.198,4.539,5.519,3.815,4.875,3.785,4.929
PER00431,4.403,4.215,4.748,3.556,2.407,3.726,2.903,7.447,3.687,4.380,5.178,3.855,4.153,3.795,4.008
PER00432,4.084,5.185,2.611,3.428,3.294,4.195,2.989,8.081,3.212,5.044,5.833,4.260,4.269,4.232,4.051
PER00433,4.951,4.755,5.235,2.577,1.800,2.365,3.059,7.204,3.281,4.592,4.969,3.910,4.390,3.710,4.316
PER00434,3.590,2.949,2.232,2.687,3.848,3.174,2.827,7.571,3.352,4.576,5.177,3.973,4.829,3.835,4.154
PER00435,2.119,4.758,6.383,2.324,1.732,3.082,3.412,7.945,2.410,4.618,4.753,3.517,4.774,2.684,4.563
PER00436,4.767,4.008,3.220,4.863,3.963,4.375,3.847,8.623,5.225,4.935,6.443,4.196,4.399,4.266,4.418
PER00437,4.244,3.967,4.883,3.096,2.862,2.802,3.818,7.999,3.763,4.795,5.431,4.107,4.770,3.390,4.272
PER00438,4.069,1.654,3.369,2.971,2.270,2.255,2.333,8.219,3.399,4.477,5.306,3.850,4.835,3.993,4.869
PER00439,4.722,3.526,3.953,2.483,3.111,3.365,3.439,7.974,3.349,4.642,5.672,4.169,4.706,3.975,3.976
PER00440,3.576,3.931,3.856,3.209,1.626,3.076,2.827,7.460,3.705,4.404,5.312,3.922,4.519,3.581,4.324
PER00441,4.964,3.968,4.126,3.556,2.667,2.385,3.720,7.746,3.891,5.011,5.619,3.937,4.513,3.793,4.321
PER00442,3.817,3.187,3.643,2.285,1.702,4.825,2.298,8.498,3.155,4.663,4.868,4.184,4.542,3.621,4.125
PER00443,3.435,3.618,2.415,2.339,2.840,3.791,3.410,7.402,3.138,4.329,4.908,4.096,4.519,3.847,4.023
PER00444,2.512,5.133,2.678,2.648,3.253,3.603,3.023,7.668,3.387,4.664,5.216,3.841,4.355,3.427,4.021
PER00445,3.636,2.116,3.265,3.593,2.845,3.546,2.700,7.383,3.639,4.745,5.286,3.740,4.352,3.587,4.105
PER00446,4.853,3.442,3.068,3.520,2.216,3.291,3.497,7.714,4.613,4.302,5.665,3.935,3.974,3.908,3.817
PER00447,4.143,3.870,2.450,3.245,2.687,3.608,3.085,7.601,3.584,4.539,5.354,4.210,4.745,4.319,4.634
PER00448,3.015,5.035,3.912,4.075,2.504,3.913,3.930,7.722,4.257,4.083,5.304,3.803,4.025,3.351,4.013
PER00449,5.071,4.732,2.335,3.608,4.236,4.426,3.441,8.331,4.416,5.637,5.653,4.553,4.639,4.577,4.214
PER00450,3.684,3.372,2.030,2.702,2.865,3.044,3.416,8.120,4.007,4.598,5.433,4.176,4.775,3.886,4.356
PER00451,4.683,5.017,2.120,3.987,3.483,4.156,4.026,7.169,5.059,4.690,5.540,4.475,4.400,4.258,4.342
PER00452,5.227,4.406,3.215,2.584,3.100,4.371,3.568,8.166,3.309,5.243,5.594,4.523,4.679,4.318,3.900
PER00453,3.309,3.199,4.090,2.374,2.023,3.543,2.665,7.964,2.943,4.337,5.395,3.971,4.649,3.648,4.478
PER00454,4.118,2.751,4.124,3.494,1.851,2.189,3.987,7.879,4.261,4.451,5.701,3.783,4.515,3.536,4.377
PER00455,4.776,4.538,5.198,2.396,2.396,3.151,2.813,8.588,3.599,4.691,5.248,4.113,4.531,3.666,4.219
PER00456,3.360,3.356,2.601,3.644,2.818,4.001,3.791,8.607,3.968,4.960,5.476,4.097,4.433,3.699,4.307
PER00457,4.793,3.876,4.000,2.506,1.664,3.753,3.821,7.017,3.918,4.440,5.103,4.428,4.607,4.192,4.368
PER00458,4.856,2.794,2.285,3.446,3.152,3.787,3.615,8.306,4.926,4.362,5.983,4.361,4.518,4.381,3.817
PER00459,5.394,4.342,5.188,3.830,1.773,3.269,3.024,7.675,4.668,4.639,5.415,4.196,4.628,3.889,4.196
PER00460,4.039,5.304,4.480,3.290,2.107,3.424,3.071,7.964,3.099,4.417,4.803,4.077,4.608,3.577,4.042
PER00461,3.593,3.701,2.933,3.100,1.768,3.018,2.132,8.101,3.816,4.456,5.574,4.017,4.292,3.702,4.140
PER00462,4.703,4.849,2.684,4.051,3.371,4.571,4.143,8.273,4.782,4.728,6.055,4.536,4.416,4.178,4.394
PER00463,5.290,3.658,4.374,2.851,2.466,3.094,2.785,7.644,3.203,4.579,4.878,4.563,4.771,4.214,4.723
PER00464,3.606,3.525,4.670,2.646,1.606,4.095,2.944,8.164,3.170,4.593,5.144,3.797,4.364,3.366,4.244
PER00465,2.889,3.866,1.435,3.071,2.504,2.675,3.659,6.573,3.813,4.638,4.979,3.995,5.069,3.919,4.706
PER00466,3.339,4.974,2.237,2.767,2.681,3.998,2.880,8.611,3.356,4.550,5.557,4.215,4.445,3.946,4.049
PER00467,3.706,4.816,2.065,2.619,2.159,3.792,2.624,7.931,3.011,5.189,5.569,4.148,4.647,3.885,4.328
PER00468,3.603,4.206,2.969,2.239,1.950,2.779,1.780,8.071,3.315,4.517,5.025,4.020,4.415,3.681,4.403
PER00469,5.066,3.309,4.669,2.718,2.012,3.450,2.340,7.958,3.118,4.574,5.479,3.889,4.319,3.878,4.298
PER00470,4.879,5.451,5.192,3.068,1.121,3.176,3.182,8.108,3.767,5.247,5.898,4.090,4.342,3.869,4.735
PER00471,5.446,3.355,3.869,2.712,3.311,2.784,3.475,8.050,3.464,4.517,4.986,4.159,4.996,4.420,5.085
PER00472,4.028,2.485,3.690,2.197,1.000,2.172,2.973,7.964,4.098,4.296,5.929,3.787,4.446,3.660,4.601
PER00473,4.132,4.772,2.682,3.934,2.720,4.225,2.767,8.404,3.979,4.904,5.962,4.421,4.626,4.004,3.961
PER00474,3.755,2.390,4.365,3.037,2.190,3.576,3.249,7.153,3.284,4.461,4.534,3.900,4.265,3.751,4.590
PER00475,4.431,2.817,4.424,3.174,2.578,2.823,3.640,8.025,3.883,4.698,5.607,4.334,4.401,3.663,3.965
PER00476,4.730,3.024,4.837,2.141,2.278,3.555,2.551,7.880,3.067,4.440,5.225,3.811,4.676,3.948,4.696
PER00477,3.469,3.423,6.081,1.105,1.000,1.535,2.269,7.695,2.089,4.422,5.094,3.510,4.876,3.243,4.835
PER00478,5.277,4.691,2.681,3.733,3.858,4.244,3.868,7.447,3.947,4.277,5.572,4.504,4.179,4.605,4.651
PER00479,5.629,3.725,4.329,3.260,2.435,2.856,3.410,8.097,4.777,5.094,6.186,4.330,4.118,4.383,4.278
PER00480,3.106,2.873,3.438,3.192,2.758,2.690,2.637,7.531,3.571,4.239,4.859,3.792,4.017,3.623,4.398
PER00481,4.336,4.058,3.201,3.285,1.875,3.228,4.148,8.191,4.003,4.178,5.577,3.962,4.456,3.864,4.613
PER00482,4.557,2.546,2.979,3.004,3.751,3.280,3.461,7.901,3.404,4.618,5.195,4.063,4.857,3.935,4.466
PER00483,2.837,3.867,4.429,2.339,1.345,2.404,3.103,8.288,3.116,4.017,4.465,3.579,4.408,3.251,4.616
PER00484,1.876,3.509,4.199,3.041,1.481,2.790,2.099,8.130,3.217,4.677,5.474,3.419,4.440,2.946,4.367
PER00485,4.530,5.361,4.086,3.533,2.734,3.243,2.660,8.034,3.462,3.869,5.131,4.035,3.962,4.049,4.350
PER00486,5.225,5.752,2.798,4.174,3.203,3.934,4.809,6.998,5.674,4.796,5.713,4.613,4.130,4.415,3.879
PER00487,5.772,3.538,4.116,2.910,2.544,2.906,3.199,7.372,4.154,4.203,5.129,3.982,4.362,4.192,4.678
PER00488,6.411,2.904,2.303,3.635,3.747,3.701,2.752,8.487,4.373,5.300,5.670,4.796,4.383,4.821,4.318
PER00489,3.580,4.348,5.966,2.195,2.626,3.437,2.825,7.196,3.623,4.052,5.232,3.696,4.208,2.856,3.296
PER00490,2.699,6.095,2.095,2.504,3.342,3.440,2.350,7.834,3.631,4.647,5.135,3.981,4.530,3.261,4.099
PER00491,3.767,4.335,2.871,3.275,2.589,3.775,2.473,7.499,3.568,3.644,4.972,3.919,4.189,3.851,4.074
PER00492,4.394,2.964,4.567,2.552,3.260,3.679,3.793,7.620,3.316,4.413,5.135,3.851,4.222,3.649,4.186
PER00493,3.414,4.122,6.230,1.609,1.770,2.490,2.237,8.047,2.411,4.228,4.953,3.763,4.557,3.335,4.582
PER00494,2.281,3.453,3.420,2.611,3.104,3.393,2.495,8.079,2.744,4.554,5.142,3.573,4.220,3.004,4.245
PER00495,5.391,4.574,4.925,4.818,2.256,3.928,4.116,7.620,5.139,4.515,5.573,4.160,4.333,3.800,4.133
PER00496,4.193,5.221,5.777,2.192,2.238,3.295,2.790,7.966,2.996,4.352,5.276,3.990,4.750,3.542,4.278
PER00497,2.320,3.792,3.374,2.360,3.375,3.558,2.522,7.810,3.041,4.146,5.127,3.765,3.998,3.257,4.041
PER00498,4.143,3.874,3.278,3.685,1.932,3.233,3.334,8.088,3.680,5.159,5.421,3.792,4.276,3.603,3.852
PER00499,5.260,5.712,4.649,3.621,3.665,3.522,3.545,8.004,4.190,5.039,5.661,4.638,4.741,4.017,4.467
PER00500,5.970,2.508,2.504,4.034,2.968,2.639,4.110,8.629,5.192,5.121,6.064,4.468,5.059,4.678,4.050
PER00501,4.801,5.150,3.634,3.027,3.082,4.305,3.719,8.460,3.659,4.836,6.112,4.402,4.768,3.889,4.524
PER00502,3.026,5.451,4.153,3.358,2.346,3.897,3.280,8.497,3.924,3.945,4.635,3.920,4.786,3.348,4.722
PER00503,4.699,4.715,5.457,3.714,2.460,3.936,3.773,7.147,3.808,3.964,4.891,4.191,4.599,3.673,4.799
PER00504,1.775,2.131,5.030,1.443,1.573,2.487,1.555,7.772,1.331,3.978,4.642,2.932,4.183,2.591,4.319
PER00505,5.587,4.791,3.914,3.072,2.298,3.953,3.063,7.731,3.914,5.110,5.052,4.636,4.579,4.366,4.518
PER00506,3.953,4.592,4.896,3.806,1.729,2.527,3.189,8.162,4.250,4.917,5.537,4.030,4.520,3.374,3.881
PER00507,2.738,4.791,4.837,3.101,1.811,3.981,2.756,8.103,3.548,4.651,5.516,3.834,4.535,3.009,3.824
PER00508,4.801,1.817,5.266,2.549,2.502,3.335,3.387,8.270,3.897,4.670,5.773,3.682,4.459,3.520,3.514
PER00509,5.283,3.598,3.965,2.554,3.349,3.932,2.907,8.584,3.613,4.962,5.683,4.576,4.624,4.201,4.253
PER00510,2.738,4.973,2.537,3.426,1.632,3.615,2.704,8.677,4.047,4.282,5.414,3.970,4.514,3.475,4.334
PER00511,5.865,3.073,4.834,3.424,2.264,3.800,4.245,7.583,4.686,4.751,6.013,4.072,4.088,4.115,4.361
PER00512,5.200,3.884,3.263,3.925,2.651,4.556,4.219,8.242,5.125,5.204,5.968,4.704,5.120,4.602,4.640
PER00513,2.377,2.927,3.708,2.965,1.417,2.500,2.771,8.142,3.279,4.757,4.711,3.282,4.432,3.246,4.523
PER00514,3.993,2.732,5.343,2.202,1.713,2.401,2.291,7.517,3.571,4.407,5.175,3.623,4.574,3.272,4.150
PER00515,2.981,4.133,5.148,3.447,1.651,2.595,2.750,7.605,3.163,4.332,5.086,3.465,4.190,3.127,4.170
PER00516,4.471,3.977,4.177,2.383,1.635,2.798,3.115,8.149,3.445,4.677,5.895,4.034,4.716,3.967,4.235
PER00517,4.163,4.747,3.416,3.489,2.602,2.790,3.473,7.665,4.691,4.465,5.943,4.207,4.434,3.987,5.023
PER00518,3.958,3.379,2.911,3.265,2.088,4.187,3.065,7.690,3.665,4.921,4.816,3.803,4.294,4.000,4.640
PER00519,3.697,3.755,4.108,2.316,1.698,3.438,3.094,7.857,2.969,3.968,5.252,3.933,4.439,3.392,3.806
PER00520,5.652,4.841,4.250,3.108,3.145,4.065,3.104,7.151,3.789,4.597,5.058,4.563,4.558,4.152,3.998
PER00521,4.248,3.356,3.896,3.054,1.546,2.603,3.909,7.892,3.907,4.725,5.800,3.930,4.228,3.548,4.045
PER00522,3.560,3.656,4.453,2.622,2.314,3.011,2.424,7.668,2.953,4.069,4.411,4.136,4.592,3.643,4.141
PER00523,5.451,4.269,4.246,3.109,2.675,3.793,3.547,8.209,3.745,4.721,5.853,4.230,4.302,4.139,3.865
PER00524,3.951,2.645,4.073,2.088,2.195,2.889,2.990,7.993,3.530,4.467,5.100,3.892,4.248,3.478,3.971
PER00525,4.127,5.966,3.000,3.700,3.326,3.277,3.395,7.612,4.266,4.902,4.869,4.371,4.406,3.969,4.431
PER00526,4.281,3.917,4.186,3.231,2.195,3.442,3.820,8.713,4.420,4.606,6.128,4.004,4.745,3.783,4.592
PER00527,5.507,4.845,3.544,3.277,3.657,3.968,2.718,7.779,4.267,4.162,5.045,4.292,4.191,4.121,4.298
PER00528,4.498,3.353,4.433,3.382,1.872,2.708,3.437,8.480,4.121,4.738,5.952,4.020,4.482,3.639,4.279
PER00529,3.396,6.083,2.534,2.858,3.697,4.873,2.916,8.039,3.581,4.154,5.364,4.151,4.008,3.590,4.191
PER00530,4.672,3.200,2.932,3.058,2.261,4.407,3.450,8.162,3.812,4.378,5.106,4.061,4.359,4.047,4.019
PER00531,4.232,4.567,2.236,3.357,2.797,3.735,3.672,8.538,4.392,4.676,5.116,4.080,4.097,4.081,4.270
PER00532,4.435,5.463,4.740,3.061,2.275,3.686,3.423,7.065,3.249,3.733,4.853,3.970,4.329,3.481,4.906
PER00533,5.005,6.763,3.187,4.044,3.242,4.476,3.510,8.533,4.864,5.284,5.968,4.511,4.459,3.956,4.208
PER00534,3.311,4.869,3.975,2.033,1.980,3.449,1.722,8.515,2.818,4.211,5.077,3.831,4.267,3.194,3.422
PER00535,4.798,5.184,4.244,2.653,2.576,4.139,2.980,8.190,3.753,5.158,5.154,4.432,4.809,4.047,4.674
PER00536,1.853,1.821,5.142,2.062,1.000,1.579,2.276,7.900,2.904,3.530,5.166,3.024,4.573,2.697,4.033
PER00537,5.559,3.973,2.006,4.423,2.730,3.656,3.576,7.025,4.446,5.068,5.665,4.663,4.822,4.623,4.479
PER00538,1.726,5.620,5.594,1.573,1.914,4.019,2.177,9.073,2.333,4.201,5.440,3.368,4.625,2.484,4.516
PER00539,5.448,3.231,4.943,3.712,3.542,3.428,4.267,7.547,4.363,4.450,5.211,4.243,4.719,4.028,3.724
PER00540,5.045,3.254,4.416,2.373,2.144,2.875,3.312,7.809,3.701,5.040,5.774,4.189,4.620,3.893,4.440
PER00541,3.999,4.889,3.106,3.765,3.116,3.867,4.097,7.723,4.143,4.897,5.745,4.244,4.544,3.684,4.237
PER00542,3.452,3.563,2.614,2.067,2.432,3.581,2.470,7.603,3.085,4.908,5.195,4.352,4.584,3.831,4.543
PER00543,2.541,3.802,1.622,2.882,3.087,3.752,3.129,7.688,3.250,4.294,4.949,3.953,4.639,3.970,4.543
PER00544,3.504,4.749,1.622,3.368,3.412,4.582,3.215,7.471,3.618,4.815,5.334,4.315,4.441,4.101,4.329
PER00545,4.130,4.378,3.864,3.902,2.234,4.251,4.074,7.684,4.167,4.552,5.164,4.125,4.380,3.631,3.722
PER00546,4.216,3.196,1.878,3.211,2.453,4.229,3.764,7.944,4.478,4.385,5.073,4.191,4.342,4.290,4.384
PER00547,2.829,3.139,4.156,1.556,2.824,2.527,2.145,7.113,2.135,4.996,4.883,3.581,4.495,3.213,4.006
PER00548,4.482,3.824,3.928,3.321,2.538,3.911,3.501,8.445,4.010,4.744,5.537,3.942,4.211,3.958,4.272
PER00549,5.098,5.454,3.846,3.512,3.658,4.184,3.137,8.039,4.378,4.623,5.485,4.423,4.261,3.905,4.199
PER00550,3.417,2.423,4.341,2.842,1.964,3.244,2.986,7.244,3.007,4.209,4.521,3.550,4.490,3.331,4.294
PER00551,4.343,4.883,2.464,3.018,2.465,4.054,2.958,7.637,4.465,4.774,5.117,4.168,4.293,4.582,4.894
PER00552,4.334,3.885,4.386,2.467,2.377,4.928,2.815,8.566,3.334,5.371,6.012,4.366,4.629,3.837,4.664
PER00553,4.585,4.001,3.445,2.803,3.205,3.259,4.124,7.935,4.181,4.459,5.151,4.286,4.273,4.047,4.371
PER00554,3.444,4.102,5.084,2.589,2.333,3.589,3.115,8.604,3.197,3.825,5.392,3.732,4.520,3.138,3.780
PER00555,4.070,4.030,3.294,3.243,3.415,2.687,2.065,8.096,3.169,4.427,4.991,4.114,4.472,3.761,4.521
PER00556,4.175,4.109,4.686,3.515,1.971,3.390,2.825,7.716,3.668,4.689,5.299,3.678,4.641,3.462,3.705
PER00557,5.058,3.791,1.587,2.826,3.553,4.055,3.827,8.580,4.182,4.477,5.977,4.073,4.187,4.268,3.408
PER00558,3.576,4.190,4.699,3.340,2.015,2.793,2.777,7.472,3.317,4.433,4.750,4.000,4.548,3.244,3.651
PER00559,1.778,3.780,3.050,2.717,2.915,4.097,2.791,7.916,3.206,3.552,4.985,3.451,4.333,3.028,4.006
PER00560,2.710,4.101,6.119,2.086,2.127,2.733,2.054,7.256,3.108,3.753,4.864,3.377,4.280,2.863,4.127
PER00561,3.643,5.392,3.460,3.767,3.145,4.621,4.161,6.544,3.949,4.454,4.568,4.190,4.299,3.692,4.248
PER00562,3.030,4.731,4.476,2.680,2.068,3.311,2.962,8.175,3.504,4.211,5.224,3.771,4.527,3.058,3.808
PER00563,5.455,3.279,2.711,4.454,3.837,3.756,4.368,8.402,5.149,4.538,6.395,4.592,4.587,4.519,4.684
PER00564,2.788,3.560,4.879,2.229,1.444,3.228,2.430,7.273,2.862,4.393,4.690,3.480,4.661,3.211,3.948
PER00565,4.225,2.849,2.303,3.712,2.666,2.855,3.512,7.791,4.463,4.667,5.818,4.226,4.832,4.117,4.508
PER00566,3.596,3.617,2.996,3.136,3.440,2.358,3.250,7.475,3.491,4.519,5.519,4.240,4.046,3.856,4.253
PER00567,5.226,3.922,2.530,2.674,3.117,4.678,2.707,7.807,3.722,5.675,5.113,4.621,4.749,4.526,4.054
PER00568,4.715,4.461,4.118,3.525,3.398,2.931,3.601,7.943,4.251,4.468,5.282,4.297,4.452,3.956,4.174
PER00569,5.088,3.828,2.352,3.110,3.132,3.360,2.724,8.256,4.062,4.758,5.426,4.392,4.419,4.163,3.638
PER00570,3.935,5.271,6.811,3.166,1.923,3.427,3.817,8.780,3.027,4.251,5.506,3.995,4.219,3.089,3.863
PER00571,3.187,4.835,2.599,4.017,2.108,4.043,3.394,7.223,4.742,4.609,4.882,4.189,4.519,3.775,4.878
PER00572,4.649,3.940,3.598,2.898,2.894,3.844,2.652,8.098,4.133,4.809,5.398,4.154,4.466,3.817,3.746
PER00573,4.571,4.554,1.781,3.989,2.657,5.451,3.752,7.831,4.794,4.827,5.863,4.496,4.362,4.161,3.849
PER00574,4.856,4.095,1.937,3.048,3.193,3.608,3.319,8.062,3.903,5.176,5.665,4.587,4.646,4.550,4.177
PER00575,3.854,4.153,3.760,3.033,3.474,4.067,3.501,7.171,3.626,4.289,4.553,4.304,4.360,3.780,4.136
PER00576,3.137,4.421,3.862,3.338,2.489,3.006,2.970,7.792,3.157,4.188,5.302,3.748,4.494,3.173,4.247
PER00577,4.240,4.522,4.240,3.343,2.818,2.857,2.829,7.226,3.928,4.401,5.351,4.129,4.647,3.857,4.098
PER00578,4.564,4.181,2.497,3.603,3.579,5.163,3.172,7.721,4.260,5.150,5.868,4.369,4.651,4.287,4.672
PER00579,5.080,6.837,3.281,3.718,2.856,4.130,3.094,7.714,4.430,4.937,5.392,4.637,4.113,3.987,3.490
PER00580,4.490,2.344,4.236,2.675,2.214,4.030,2.416,7.984,3.705,4.551,5.699,3.966,4.147,3.675,4.053
PER00581,4.002,4.264,2.083,3.866,3.673,3.509,3.559,7.814,3.980,4.818,5.913,4.369,4.288,4.027,4.410
PER00582,2.947,2.234,4.482,1.092,1.237,1.602,2.401,7.611,2.537,4.416,4.622,3.237,4.685,3.055,4.493
PER00583,3.351,4.416,2.740,2.741,2.350,3.618,3.061,7.537,3.652,4.584,4.935,4.050,4.408,3.531,4.035
PER00584,3.745,4.708,4.705,2.394,2.964,4.239,2.596,7.409,3.220,4.523,4.962,4.177,4.536,3.511,4.705
PER00585,2.792,4.362,4.240,3.563,1.372,3.108,3.040,8.065,3.235,3.861,4.832,3.627,4.251,3.212,4.588
PER00586,2.980,5.028,2.927,3.273,2.520,4.211,2.423,7.639,4.414,4.564,5.406,4.337,4.645,3.609,4.599
PER00587,3.183,2.143,4.943,2.083,2.455,2.939,2.004,8.411,3.295,3.900,4.929,3.493,4.369,3.551,4.299
PER00588,5.157,3.821,3.476,2.545,2.134,3.229,3.713,8.180,3.290,4.699,5.763,4.380,4.392,4.345,4.375
PER00589,4.474,3.752,3.028,3.006,3.234,4.524,3.675,8.564,3.759,4.257,5.489,3.974,3.885,4.397,4.396
PER00590,2.553,3.944,3.690,1.446,1.142,2.818,2.125,7.490,2.090,4.607,5.126,3.837,4.676,3.347,4.652
PER00591,2.547,3.439,3.727,3.131,2.141,3.207,2.239,8.635,3.452,3.998,5.027,3.505,4.222,3.040,4.387
PER00592,6.001,5.119,3.291,4.223,3.525,5.035,4.413,7.633,5.170,5.382,6.166,4.955,4.580,4.455,4.231
PER00593,4.653,4.001,2.440,2.949,3.363,2.334,2.807,7.238,3.696,4.883,5.236,4.244,4.396,4.141,4.469
PER00594,5.734,4.599,4.193,2.642,3.118,3.302,3.713,6.599,4.444,5.249,5.477,4.281,4.262,4.312,4.674
PER00595,5.240,3.947,3.252,3.589,3.552,4.043,3.375,7.751,4.313,5.332,5.572,4.570,4.812,4.496,4.918
PER00596,4.435,3.556,2.630,2.744,3.241,2.651,2.940,7.306,2.963,5.071,5.391,4.320,4.403,4.213,4.072
PER00597,4.811,4.632,2.762,4.136,3.320,3.646,3.388,7.524,4.269,4.729,4.989,4.032,4.339,4.221,4.438
PER00598,4.017,4.136,2.071,3.714,2.472,4.099,2.780,7.973,3.880,4.519,5.540,3.955,4.463,4.049,5.027
PER00599,3.726,3.333,3.173,2.887,1.594,3.357,2.563,8.362,3.359,4.305,5.247,3.938,4.810,3.780,4.035
PER00600,2.958,5.033,3.772,2.892,2.085,4.524,1.909,8.353,3.488,4.543,5.149,3.892,4.566,3.397,4.365
PER00601,3.013,3.982,3.944,1.912,2.170,3.001,2.029,8.416,3.264,4.663,5.404,3.607,4.309,3.199,3.468
PER00602,4.263,2.013,2.356,2.902,1.780,2.225,3.422,7.520,3.088,4.895,5.200,3.735,4.149,4.185,4.404
PER00603,3.741,3.006,4.128,1.938,1.609,2.558,2.980,7.422,3.617,4.029,5.295,3.561,4.242,3.504,4.395
PER00604,4.601,4.352,1.603,3.772,3.015,4.519,3.432,6.953,4.426,4.148,4.843,4.340,4.337,4.182,3.996
PER00605,5.389,3.097,2.842,2.934,2.935,2.469,3.517,8.657,3.456,5.104,5.844,4.522,4.733,4.236,3.793
PER00606,4.755,5.168,5.130,3.204,2.656,4.361,3.578,7.413,3.785,5.042,5.287,4.070,4.111,3.915,4.443
PER00607,2.342,5.352,3.576,2.052,2.988,3.787,2.213,8.359,3.007,4.390,4.549,3.986,4.626,3.308,4.827
PER00608,4.166,2.666,5.815,2.523,1.884,4.440,2.447,7.382,3.293,4.757,5.342,3.698,4.410,3.461,4.203
PER00609,3.325,3.422,2.936,2.361,1.793,3.500,3.104,7.860,4.004,4.354,5.245,3.717,4.446,3.698,4.437
PER00610,4.684,4.253,1.860,3.674,2.938,4.838,4.095,7.340,4.389,4.255,5.164,4.209,4.424,4.479,4.186
PER00611,3.541,3.185,4.548,3.057,3.090,4.185,2.825,7.341,3.685,4.302,5.695,3.823,4.698,3.353,3.546
PER00612,4.732,4.624,3.515,3.548,3.688,3.877,3.949,7.887,4.204,4.558,5.225,4.324,4.612,3.954,4.373
PER00613,4.331,4.060,4.378,2.570,3.431,3.000,3.329,6.890,3.650,4.798,5.146,3.985,4.173,3.791,4.573
PER00614,4.163,3.084,3.107,3.785,2.575,3.388,3.229,7.732,4.439,5.134,5.653,4.231,4.377,4.090,3.885
PER00615,5.157,3.816,3.519,2.867,2.721,3.914,3.055,7.336,3.775,5.050,5.189,4.342,4.511,4.244,4.112
PER00616,2.959,3.351,3.731,2.906,2.290,2.968,2.838,8.756,3.303,4.157,5.325,3.486,4.388,3.371,4.853
PER00617,5.150,1.844,2.567,3.133,2.611,3.276,3.612,7.906,4.496,4.564,5.660,4.518,4.366,4.644,4.268
PER00618,3.663,5.281,3.824,2.794,1.967,3.311,2.119,6.702,2.881,3.788,4.510,3.715,4.461,3.462,4.865
PER00619,4.348,3.557,2.894,4.139,2.455,2.995,4.288,7.539,4.724,4.365,6.129,4.061,4.510,3.904,4.094
PER00620,5.368,5.012,3.442,2.975,3.649,4.311,3.216,7.476,4.046,4.602,5.404,4.305,3.983,4.189,3.640
PER00621,4.819,4.846,3.364,4.646,3.874,4.024,4.183,7.745,5.184,4.627,5.261,4.334,4.257,4.287,4.301
PER00622,4.786,3.597,5.912,3.021,2.016,2.337,3.411,7.667,3.682,4.405,5.412,3.781,4.906,3.611,4.346
PER00623,4.258,5.259,1.565,4.052,3.350,4.012,4.266,6.960,4.729,5.326,5.573,4.569,4.744,4.419,4.771
PER00624,3.037,3.790,3.569,2.188,2.943,3.705,2.007,7.391,2.730,4.647,4.829,3.887,4.429,3.442,4.289
PER00625,4.827,2.188,5.135,2.845,1.914,1.821,3.054,7.773,3.402,4.373,5.320,3.590,4.213,3.539,3.708
PER00626,2.646,3.612,3.888,1.920,2.209,2.684,2.164,8.311,3.181,4.512,5.132,3.554,4.262,3.227,4.234
PER00627,5.531,4.354,2.871,2.948,3.127,4.794,2.674,6.857,4.073,5.303,4.877,4.935,4.383,4.681,4.156
PER00628,2.777,3.863,3.866,2.363,2.962,4.497,2.802,8.199,2.702,4.560,5.150,3.895,4.662,3.540,4.789
PER00629,4.265,3.849,2.768,3.131,2.970,4.446,4.123,8.138,3.439,5.240,5.280,4.528,4.575,4.027,4.150
PER00630,4.196,3.162,2.044,2.345,3.797,3.240,2.548,7.948,3.566,4.448,5.187,4.389,4.553,4.053,4.388
PER00631,6.081,4.685,4.746,3.739,3.182,4.645,4.012,8.214,4.395,5.066,6.060,4.529,4.678,4.394,4.387
PER00632,4.734,1.649,2.826,3.098,2.656,3.022,3.582,7.142,3.870,4.810,4.195,3.964,4.483,4.225,4.079
PER00633,2.310,4.397,4.758,2.435,1.772,4.463,2.793,7.867,3.608,4.133,5.319,3.675,4.567,2.715,3.736
PER00634,3.761,5.063,3.647,3.077,2.542,3.306,2.573,8.322,3.173,4.698,5.060,4.009,4.609,3.702,4.374
PER00635,2.225,4.171,3.600,2.947,1.793,3.025,3.236,7.043,3.146,3.935,4.715,3.342,4.459,2.869,3.783
PER00636,3.600,3.964,4.572,2.817,2.275,1.938,3.886,6.511,3.883,4.023,4.935,3.690,4.149,3.606,3.983
PER00637,4.035,4.705,3.979,2.812,2.421,3.565,2.695,7.873,3.580,4.781,5.184,3.970,4.575,3.667,3.927
PER00638,4.827,4.926,4.820,3.873,2.808,4.324,3.549,6.698,4.246,4.800,5.260,3.941,4.284,3.755,4.067
PER00639,5.819,2.577,3.129,3.611,2.914,2.702,3.288,6.985,4.539,4.786,5.505,4.390,4.695,4.478,4.221
PER00640,5.260,4.623,4.709,3.212,1.841,3.095,3.198,7.990,3.898,4.768,5.756,4.259,4.668,3.858,4.052
PER00641,3.779,4.793,2.079,3.660,2.873,2.943,2.957,7.633,4.375,4.799,5.281,4.159,4.089,3.795,3.703
PER00642,4.233,3.476,2.307,3.739,2.612,4.192,3.691,8.162,4.316,5.213,5.617,4.543,5.003,4.450,4.578
PER00643,4.462,5.022,2.194,4.548,2.264,3.487,3.780,8.921,4.817,4.789,5.790,4.571,4.691,4.213,4.636
PER00644,5.309,2.943,5.207,3.189,2.339,3.078,2.805,8.439,3.892,5.052,5.450,4.114,4.659,4.115,4.355
PER00645,4.001,3.153,3.467,2.679,2.373,3.109,2.996,7.810,2.890,4.553,5.132,4.182,4.452,3.620,3.857
PER00646,2.375,6.141,5.253,2.154,2.879,4.101,3.010,8.482,2.442,3.990,4.684,3.833,4.693,2.701,4.574
PER00647,4.815,5.206,3.397,2.240,3.583,5.165,3.462,7.842,3.569,4.987,5.500,4.507,4.771,4.133,4.144
PER00648,5.529,3.841,5.262,3.821,2.031,2.715,3.612,6.765,4.671,4.645,5.048,4.355,4.974,4.069,4.895
PER00649,4.874,2.737,4.017,2.101,3.468,2.483,2.567,7.632,3.439,4.268,4.765,4.053,4.480,3.626,3.866
PER00650,5.675,2.186,4.884,2.482,1.821,2.883,2.912,8.384,3.762,4.956,5.518,3.786,4.943,4.029,4.047
PER00651,4.508,4.482,4.152,3.671,2.201,3.015,4.381,7.375,4.168,4.482,5.751,4.239,4.389,4.097,4.623
PER00652,4.754,2.649,4.334,3.202,1.403,2.534,1.970,7.971,3.165,4.568,5.253,3.712,4.575,3.687,4.571
PER00653,3.781,4.345,2.942,3.148,2.609,3.859,3.431,8.781,4.160,4.961,5.551,4.098,4.500,3.771,4.351
PER00654,4.968,3.584,3.264,2.348,2.706,3.766,2.942,8.286,3.547,4.838,5.510,4.229,4.325,4.152,4.076
PER00655,4.829,5.544,2.978,2.911,2.424,4.329,2.691,8.352,3.510,5.397,5.331,4.395,4.131,4.424,4.400
PER00656,5.354,5.895,2.970,3.383,4.297,5.037,3.980,7.977,4.568,5.367,5.302,4.726,4.894,4.307,4.801
PER00657,2.590,4.982,4.750,1.872,2.390,3.797,2.755,8.312,2.831,4.232,4.776,3.807,4.512,3.279,4.937
PER00658,4.859,4.008,2.251,3.244,3.678,3.001,3.180,7.580,4.192,4.610,5.103,4.332,4.393,3.977,3.775
PER00659,5.712,6.147,5.076,4.295,2.585,3.479,3.165,8.366,4.887,4.422,5.576,4.479,4.901,4.089,4.115
PER00660,3.221,3.997,4.045,2.623,2.076,3.872,3.243,7.589,3.865,4.649,5.354,4.221,4.530,3.134,3.638
PER00661,3.790,3.520,6.191,1.802,1.730,3.287,1.476,8.006,2.037,3.823,4.621,3.731,4.457,3.057,4.634
PER00662,4.166,4.730,3.011,2.401,2.675,3.628,3.304,7.845,3.181,4.653,5.123,4.220,4.170,4.127,4.451
PER00663,4.379,4.555,3.427,2.596,2.416,4.189,4.154,7.426,4.024,4.251,4.929,4.494,4.655,3.942,4.351
PER00664,5.673,1.167,3.664,3.441,2.160,2.583,4.017,8.156,5.252,4.778,5.962,3.976,4.419,4.218,4.126
PER00665,5.358,4.422,3.153,2.947,2.699,3.946,3.364,7.911,3.796,5.041,5.450,4.277,4.297,4.386,3.955
PER00666,4.016,6.532,5.575,2.177,3.131,3.948,2.535,8.512,2.277,4.145,4.947,4.458,4.624,3.318,3.931
PER00667,5.097,5.146,4.223,3.354,3.483,4.586,2.462,7.575,3.734,4.796,5.367,4.264,4.628,4.069,3.872
PER00668,5.284,4.681,4.796,3.591,1.780,3.347,3.566,8.155,3.892,4.826,5.535,4.218,4.241,4.026,4.249
PER00669,5.465,4.773,5.325,2.810,3.096,3.149,4.458,7.957,3.896,4.082,5.253,4.319,4.187,3.741,4.172
PER00670,2.616,3.381,3.064,1.689,1.512,2.754,2.326,7.643,2.522,4.591,5.410,3.951,4.795,3.231,4.609
PER00671,4.215,4.072,5.033,3.297,2.103,3.829,3.677,7.342,3.588,4.204,4.898,4.017,4.864,3.564,4.431
PER00672,4.203,4.769,3.825,2.923,2.750,4.778,2.793,8.108,4.352,5.205,5.267,4.546,4.470,3.791,3.979
PER00673,4.495,3.698,2.609,1.949,2.733,2.941,3.406,7.968,3.044,4.365,5.057,4.356,4.534,4.149,4.299
PER00674,4.752,2.641,3.869,2.807,1.265,2.910,3.308,8.021,3.617,4.676,5.370,3.855,4.399,3.653,3.642
PER00675,4.314,4.708,4.639,2.846,2.792,4.172,3.267,7.812,3.941,4.863,5.323,4.254,4.542,3.587,4.532
PER00676,4.436,3.277,3.949,2.910,2.516,3.866,3.231,7.899,4.452,4.764,5.861,4.112,4.799,3.901,4.251
PER00677,4.327,4.364,3.608,3.803,1.767,4.213,3.460,7.293,4.181,3.940,5.206,4.149,3.788,3.795,3.415
PER00678,4.986,5.694,5.356,3.495,2.560,3.984,3.258,7.786,3.704,4.315,5.289,4.274,4.532,3.889,3.925
PER00679,4.240,3.935,3.854,2.784,3.170,2.827,2.769,8.542,3.559,4.096,5.605,3.919,4.128,3.874,4.292
PER00680,3.297,4.641,4.185,3.109,2.358,3.495,2.139,7.628,2.944,4.431,5.548,3.801,4.605,3.231,4.288
PER00681,5.212,1.292,2.354,3.738,2.315,1.858,3.836,8.183,5.074,4.710,6.028,4.270,4.750,4.671,5.061
PER00682,3.880,4.132,3.414,2.835,2.721,3.429,3.094,8.454,3.732,4.018,5.635,4.061,4.912,3.425,3.896
PER00683,2.882,3.512,6.038,2.662,1.339,3.356,3.062,6.944,2.076,4.064,4.553,3.288,4.350,2.503,3.864
PER00684,3.046,4.600,2.582,3.475,2.598,2.778,2.552,8.528,3.428,4.558,5.483,4.021,4.535,3.224,4.264
PER00685,4.479,2.889,4.481,2.163,1.713,3.249,2.755,8.221,3.850,4.628,5.366,4.069,4.552,3.625,4.659
PER00686,2.778,4.835,5.532,2.420,2.402,3.182,3.315,7.947,3.806,3.898,5.196,3.358,4.195,2.954,4.469
PER00687,3.463,5.111,2.660,2.739,2.830,3.951,3.352,8.270,3.653,5.401,5.179,4.360,4.729,3.661,3.764
PER00688,5.509,4.966,3.958,3.967,2.848,5.271,2.882,7.666,3.820,4.035,5.511,4.597,4.707,4.324,4.067
PER00689,3.772,5.796,1.409,3.156,4.197,3.582,2.899,8.657,3.804,4.070,5.749,4.386,4.522,3.889,3.693
PER00690,3.615,6.006,3.357,3.656,2.514,3.605,2.501,8.488,3.835,4.414,5.334,4.282,4.854,4.019,5.064
PER00691,4.118,6.387,2.288,3.558,3.446,4.533,3.284,8.370,4.007,4.554,5.098,4.503,4.494,3.998,3.865
PER00692,5.924,5.182,3.238,3.231,3.373,4.894,3.020,8.042,4.231,5.301,5.570,4.649,4.210,4.404,4.282
PER00693,4.950,5.284,4.665,2.846,2.178,4.593,3.349,7.335,3.934,5.288,5.640,4.420,4.758,4.044,4.713
PER00694,4.682,4.974,4.220,3.225,2.219,3.754,3.530,7.128,4.076,4.471,5.418,4.197,4.286,3.894,4.291
PER00695,5.508,5.713,4.237,3.355,3.307,3.886,3.425,6.910,3.738,4.790,4.271,4.212,4.132,4.103,4.313
PER00696,2.689,3.186,4.328,2.351,1.826,4.068,2.715,8.432,2.584,4.283,5.151,3.407,4.282,3.557,4.613
PER00697,4.257,5.862,3.254,1.628,4.270,5.321,2.267,8.553,3.368,5.324,5.682,4.449,4.720,3.825,4.372
PER00698,2.605,4.992,4.303,2.849,2.001,2.779,2.816,7.826,4.206,4.106,5.285,3.933,4.292,3.295,4.345
PER00699,4.327,2.557,5.149,2.785,1.972,1.795,3.215,7.998,3.252,4.994,5.539,3.678,4.939,3.705,4.898
PER00700,3.031,6.551,4.127,2.961,3.119,5.342,2.651,7.483,3.227,4.805,5.009,4.013,3.793,2.902,3.744
PER00701,3.580,5.777,3.871,3.046,2.458,4.361,3.293,9.036,3.751,4.552,5.883,3.854,4.024,3.620,4.015
PER00702,2.892,4.746,4.282,2.524,2.803,2.225,2.310,8.011,2.882,4.703,4.880,3.784,4.925,3.394,4.347
PER00703,5.141,2.659,3.872,2.864,2.365,2.550,3.502,7.601,3.085,4.312,5.368,4.164,4.127,4.359,3.615
PER00704,4.099,3.165,4.455,2.891,2.227,2.519,4.002,8.036,3.400,4.913,5.843,4.211,4.954,3.706,4.246
PER00705,4.172,5.307,5.404,2.822,1.562,3.311,2.413,8.205,3.135,4.584,4.941,4.179,4.871,3.680,4.893
PER00706,4.530,5.348,4.544,3.266,2.280,3.567,3.533,7.798,3.335,5.537,5.525,4.414,4.710,4.034,4.423
PER00707,4.903,6.798,5.959,3.834,2.319,3.772,3.663,8.187,4.186,5.047,6.002,4.517,4.345,3.820,4.626
PER00708,2.670,3.741,4.474,2.477,2.505,2.456,2.041,7.898,3.167,4.180,5.014,3.493,4.294,3.443,4.793
PER00709,4.012,3.648,2.705,3.226,2.461,3.805,3.658,7.422,4.496,4.675,5.352,4.267,4.622,3.586,4.152
PER00710,5.377,6.817,4.372,4.058,2.268,4.084,4.578,8.609,5.083,4.927,6.182,4.344,4.527,4.289,4.251
PER00711,2.169,3.955,3.242,2.068,1.885,3.643,2.380,7.883,3.343,4.745,4.977,3.833,4.564,3.075,4.341
PER00712,5.290,3.662,2.887,3.594,2.568,4.311,3.885,7.203,3.917,4.980,5.206,4.601,4.686,4.586,4.145
PER00713,4.611,5.780,4.489,4.056,3.802,3.864,3.831,8.281,4.278,4.477,5.473,4.224,3.956,3.855,4.052
PER00714,4.359,2.118,2.863,3.634,2.283,3.473,3.195,8.159,4.743,4.897,6.379,4.074,4.482,4.197,4.030
PER00715,3.743,4.938,1.919,2.734,3.435,3.164,3.645,7.686,4.000,4.159,5.627,4.239,4.529,4.057,4.568
PER00716,4.667,3.031,4.868,2.479,1.560,3.196,2.446,7.697,3.283,4.515,4.904,4.065,4.602,3.604,4.186
PER00717,4.728,5.522,3.286,3.442,3.662,4.832,3.294,8.082,4.156,4.840,5.861,4.381,4.477,4.141,4.711
PER00718,3.939,5.135,3.392,3.561,2.267,3.509,2.387,7.590,3.613,4.982,5.106,4.267,4.658,3.768,4.122
PER00719,4.268,4.095,2.512,3.174,3.373,3.590,2.523,7.962,3.774,4.438,5.455,4.309,4.581,3.948,4.232
PER00720,4.573,3.558,3.401,2.860,2.808,2.904,3.605,8.309,3.611,5.061,5.888,4.074,4.249,4.211,4.347
PER00721,2.147,5.261,4.944,2.213,1.269,3.805,2.216,7.884,2.707,4.644,4.555,3.771,4.780,2.730,3.798
PER00722,6.138,5.181,3.047,4.383,3.635,3.889,3.668,7.096,4.286,4.824,5.527,4.751,4.201,4.724,3.787
PER00723,2.932,3.649,3.570,1.680,2.711,3.709,2.118,8.522,2.009,4.409,4.755,3.680,4.645,3.361,4.458
PER00724,3.422,5.395,2.316,3.855,4.466,4.409,3.516,7.283,3.874,4.635,5.024,4.368,4.457,3.555,4.579
PER00725,3.310,4.691,3.089,2.360,3.223,3.003,2.959,7.477,3.052,4.420,4.709,3.678,4.504,3.594,4.559
PER00726,3.973,5.463,4.276,3.309,3.321,4.706,3.340,8.721,3.985,4.450,5.378,4.555,4.587,3.695,4.267
PER00727,4.950,3.952,5.290,2.970,2.514,3.643,2.401,7.674,3.373,4.987,5.666,3.897,4.799,3.779,4.636
PER00728,3.681,4.066,4.192,3.015,2.341,3.787,3.305,8.104,3.744,4.137,5.595,3.989,4.225,3.366,3.782
PER00729,3.682,3.601,5.977,1.543,1.830,2.372,2.289,7.582,3.249,4.690,4.845,3.536,4.504,3.201,4.763
PER00730,3.447,3.912,3.729,2.584,2.903,3.103,2.855,7.887,3.652,4.947,5.347,3.710,4.658,3.478,4.506
PER00731,5.525,3.757,3.544,3.078,4.235,3.415,3.632,7.959,4.489,4.513,5.604,4.540,4.635,4.620,4.573
PER00732,4.699,2.868,4.050,3.067,3.366,3.680,2.527,7.228,3.394,4.506,5.300,3.856,4.442,3.779,3.967
PER00733,3.353,3.649,4.189,2.247,2.500,3.212,3.342,8.110,3.074,4.158,5.372,3.705,4.372,3.364,4.114
PER00734,5.556,3.594,2.846,3.250,2.959,3.879,3.691,8.021,4.009,4.666,4.993,4.547,4.611,4.402,4.495
PER00735,4.753,5.558,3.883,3.802,2.986,3.399,2.380,8.024,3.843,4.888,4.957,4.261,4.240,4.135,3.876
PER00736,3.497,2.348,5.322,1.306,1.853,3.008,2.364,8.507,2.612,4.354,4.652,3.754,4.889,3.081,4.011
PER00737,3.232,4.629,2.788,3.109,3.287,4.164,2.459,7.358,3.563,4.203,5.163,4.111,4.690,3.636,4.336
PER00738,5.965,5.588,2.736,4.576,4.943,6.109,4.230,7.738,5.352,5.503,6.417,4.965,4.562,4.615,3.585
PER00739,6.283,3.011,2.357,3.868,3.127,4.000,4.635,7.371,4.642,4.884,5.351,4.191,4.511,4.895,4.604
PER00740,3.526,3.436,3.593,3.102,1.694,3.552,3.370,8.670,3.491,4.524,5.499,3.864,4.735,3.714,4.907
PER00741,4.796,3.485,3.545,3.803,2.449,3.726,2.917,7.715,3.897,4.940,5.136,4.211,4.774,4.038,4.226
PER00742,5.561,3.963,4.073,3.255,2.406,3.708,3.942,7.623,4.239,5.531,5.234,4.371,4.553,4.446,4.282
PER00743,2.956,2.689,2.472,3.150,1.580,2.996,2.586,7.836,3.183,4.142,5.111,3.650,4.072,3.659,4.434
PER00744,3.314,3.407,5.550,2.089,3.205,4.195,3.238,8.223,2.918,4.161,5.434,3.719,4.751,3.014,4.387
PER00745,5.257,4.512,4.995,3.584,2.051,3.873,3.328,7.339,4.129,4.913,5.207,4.519,4.397,4.189,4.472
PER00746,4.382,3.307,5.067,3.016,2.256,3.406,1.938,8.065,2.634,3.850,4.898,3.901,4.627,3.537,4.014
PER00747,4.657,2.008,2.776,3.159,3.315,3.659,3.170,8.369,4.159,4.437,5.741,3.822,4.232,4.200,4.187
PER00748,2.376,3.995,3.551,2.188,2.606,3.449,3.053,8.088,3.351,3.964,4.731,3.478,4.169,3.371,4.384
PER00749,3.617,3.300,4.306,2.302,2.765,4.121,2.269,8.577,3.401,4.050,5.099,4.103,4.544,3.365,4.023
PER00750,2.895,3.047,5.367,2.306,2.421,2.633,2.519,8.080,3.300,4.597,5.751,3.553,4.787,2.805,4.807
PER00751,3.857,4.265,4.477,2.855,2.081,3.243,2.578,7.722,3.131,4.719,4.835,4.160,4.902,3.734,4.468
PER00752,2.653,4.225,3.881,2.325,1.457,4.687,2.403,7.985,2.686,3.718,4.726,3.819,4.700,3.226,4.788
PER00753,5.327,5.752,4.090,2.996,2.847,4.596,4.052,7.466,4.029,4.600,5.582,4.312,4.343,4.088,3.853
PER00754,3.611,3.321,3.442,3.011,3.014,3.679,3.679,8.053,3.695,4.294,5.539,3.909,4.068,3.783,3.797
PER00755,3.287,6.626,2.617,3.990,3.667,5.906,3.385,7.685,3.489,5.031,5.252,4.445,5.070,3.744,4.023
PER00756,2.087,2.588,3.839,2.170,1.526,2.222,2.607,7.040,3.100,4.303,5.031,3.326,4.319,3.069,4.462
PER00757,4.230,5.107,3.159,2.747,3.426,3.970,2.542,7.390,3.877,5.433,5.313,4.550,4.484,4.034,4.222
PER00758,4.108,5.441,3.675,3.068,2.097,3.734,3.330,7.712,3.680,4.923,5.931,4.318,4.085,3.683,4.438
PER00759,5.679,4.172,4.017,2.489,2.934,3.832,2.207,7.545,3.311,4.761,5.370,4.563,4.614,4.337,4.334
PER00760,4.081,4.833,3.099,3.477,2.743,4.410,3.733,7.753,3.537,4.447,4.764,4.206,4.334,3.814,4.205
PER00761,3.045,4.002,3.644,2.325,1.672,2.192,3.154,7.721,3.835,4.647,5.578,3.632,4.419,3.477,4.079
PER00762,4.800,4.820,3.276,3.389,3.213,3.247,2.673,7.375,4.835,4.701,5.599,4.277,4.107,4.154,4.325
PER00763,3.105,5.598,3.383,2.938,2.355,3.378,3.358,8.148,4.201,4.530,5.478,4.117,4.458,3.335,3.888
PER00764,5.057,2.322,3.226,3.309,3.071,2.566,3.110,7.438,4.098,4.777,4.917,3.986,4.400,4.257,4.707
PER00765,5.499,3.871,2.290,3.065,3.327,3.198,3.875,7.680,4.746,4.973,6.115,4.661,4.818,4.663,4.650
PER00766,4.842,3.400,2.378,2.862,2.654,4.314,4.024,8.029,4.097,5.215,5.611,4.422,4.508,4.343,4.017
PER00767,4.274,5.044,4.389,2.837,2.552,3.139,3.304,7.616,3.659,4.578,5.105,3.963,4.377,3.630,4.476
PER00768,4.235,4.860,4.475,4.394,1.846,4.749,3.883,7.209,4.270,4.341,5.313,4.336,4.677,3.539,3.915
PER00769,5.194,2.729,2.697,3.055,2.222,3.511,3.361,8.361,3.986,4.662,5.169,4.173,4.399,4.387,4.078
PER00770,2.180,3.981,3.347,2.664,1.421,2.667,2.874,7.578,3.348,4.310,5.108,3.625,4.276,3.045,4.248
PER00771,6.209,3.352,3.407,3.100,3.587,3.441,4.153,8.464,4.913,4.668,6.074,4.352,4.374,4.763,3.905
PER00772,4.731,2.781,4.188,3.009,1.915,2.824,3.480,8.657,3.339,4.197,5.581,3.900,3.993,3.816,4.196
PER00773,3.996,4.493,3.752,2.339,3.917,3.058,2.575,8.307,2.965,4.742,5.064,4.061,4.621,3.744,3.867
PER00774,3.173,4.255,4.650,2.605,1.174,2.617,2.895,7.923,3.306,3.821,4.757,3.598,4.373,3.138,4.162
PER00775,2.677,5.942,6.026,2.783,1.517,3.913,3.349,8.073,2.180,3.906,4.798,3.845,4.515,2.618,3.951
PER00776,4.975,3.420,4.458,3.421,1.933,2.210,3.834,7.613,3.976,4.755,5.029,4.165,4.498,4.108,4.380
PER00777,6.104,3.495,3.038,3.866,1.494,2.479,3.582,8.452,4.872,4.105,6.108,4.046,4.486,4.706,4.706
PER00778,5.848,2.443,3.865,2.428,2.991,3.116,3.319,7.376,3.752,4.714,5.042,4.249,4.345,4.603,4.436
PER00779,5.669,3.565,4.728,2.835,2.645,3.213,3.882,7.368,4.304,4.557,5.709,3.864,4.038,3.935,4.145
PER00780,5.291,2.956,4.437,3.076,2.692,3.532,2.951,8.195,3.837,4.688,5.560,4.291,4.511,4.117,3.859
PER00781,3.678,3.882,3.079,4.162,1.971,3.768,2.624,9.187,5.011,4.052,6.341,3.986,4.676,3.998,4.495
PER00782,2.550,5.535,3.857,3.552,2.892,3.820,2.533,8.518,3.387,4.885,5.567,3.828,4.591,3.052,3.593
PER00783,5.482,3.031,2.125,3.783,2.852,4.113,2.950,7.946,4.501,4.847,5.878,4.487,4.485,4.641,3.814
PER00784,4.091,2.693,4.994,2.658,2.424,3.500,2.633,7.724,3.045,4.117,5.338,3.760,4.490,3.559,4.733
PER00785,4.155,3.294,3.408,3.398,2.849,2.947,3.211,7.483,4.147,4.351,5.305,4.223,4.839,3.939,4.534
PER00786,1.784,4.114,3.326,2.918,1.775,3.456,1.840,7.835,2.988,4.092,5.046,3.388,4.147,2.787,4.206
PER00787,5.554,2.416,4.364,3.091,3.362,2.757,3.390,7.867,4.448,4.567,5.341,4.121,4.487,4.414,4.870
PER00788,2.924,3.962,4.845,1.485,2.562,2.511,2.479,8.817,3.234,3.884,5.212,3.385,4.142,3.040,4.552
PER00789,4.396,2.809,2.203,3.282,3.014,2.672,2.948,8.013,3.758,3.970,5.202,3.985,4.029,4.126,3.732
PER00790,4.286,5.187,3.105,3.592,3.024,4.546,3.722,7.494,4.471,4.661,5.841,4.203,4.478,4.074,4.876
PER00791,1.636,5.529,3.522,2.931,1.752,3.405,1.995,8.296,3.182,4.237,5.092,3.681,4.586,2.949,3.922
PER00792,4.115,4.836,3.426,3.637,2.975,4.989,3.199,7.427,4.006,4.691,5.281,4.483,4.553,3.887,4.563
PER00793,4.759,3.288,4.860,2.644,2.414,3.519,3.722,8.004,4.130,4.926,5.642,4.051,4.657,3.953,4.354
PER00794,4.732,5.500,5.296,2.725,2.149,4.562,2.195,7.832,3.223,4.838,4.926,4.064,4.099,3.691,4.018
PER00795,3.274,3.247,2.538,3.045,2.607,3.077,3.038,6.685,4.074,4.640,4.899,4.264,4.601,3.825,3.895
PER00796,4.430,3.299,3.293,3.820,2.025,3.450,2.789,8.172,4.216,4.856,5.936,3.746,4.339,3.773,4.299
PER00797,4.322,4.928,4.318,2.759,3.078,3.335,2.552,7.776,4.045,4.737,5.176,4.398,4.596,3.652,4.378
PER00798,4.275,3.827,4.814,3.051,1.838,4.291,3.365,7.917,3.494,4.651,4.839,3.826,4.447,3.352,3.990
PER00799,4.014,3.486,5.180,2.530,1.601,2.197,1.673,6.102,3.000,4.584,4.572,3.719,4.446,3.529,3.634
PER00800,4.191,2.264,3.998,2.793,2.691,3.110,3.279,7.704,3.110,4.751,5.235,4.093,4.981,3.786,4.512
PER00801,4.434,4.487,5.840,2.370,1.421,4.075,1.840,8.046,2.973,4.560,5.129,4.123,4.357,3.451,4.301
PER00802,2.866,2.752,1.758,2.709,2.906,3.926,2.537,7.903,3.509,4.626,4.695,3.767,4.356,3.616,3.982
PER00803,4.333,4.977,2.730,2.727,3.937,3.371,3.187,8.018,3.784,4.964,4.977,4.336,4.558,4.208,4.718
PER00804,2.642,3.606,4.447,3.102,1.870,2.927,2.092,7.872,3.252,3.949,4.137,3.892,5.032,3.296,4.420
PER00805,3.924,5.099,4.232,2.653,3.189,4.301,3.273,7.881,3.271,4.983,5.527,4.069,4.280,3.372,4.190
PER00806,4.796,4.027,4.857,3.645,1.000,2.983,3.427,8.191,4.010,4.701,5.496,3.976,4.261,3.844,3.880
PER00807,3.487,3.854,5.495,2.082,3.054,4.050,2.342,8.303,2.792,4.355,5.036,4.034,5.212,3.097,4.245
PER00808,4.736,5.183,3.733,2.923,3.031,3.544,2.503,7.328,3.653,4.822,4.904,4.524,4.427,4.122,3.647
PER00809,4.527,3.003,3.290,3.075,3.114,4.451,2.751,8.605,4.009,4.853,5.042,4.286,4.700,4.051,4.085
PER00810,2.869,3.618,4.707,2.549,1.545,3.254,2.397,7.316,3.441,4.313,4.498,3.965,4.820,3.180,4.400
PER00811,4.708,2.908,3.674,3.485,2.819,3.957,4.457,6.534,4.084,4.384,4.911,4.015,4.984,3.992,4.850
PER00812,4.684,6.414,3.755,3.900,3.934,5.361,4.328,7.571,4.317,4.983,5.485,4.733,4.623,4.175,4.398
PER00813,2.711,3.262,5.640,1.797,1.889,3.298,1.667,8.009,2.349,3.960,4.646,3.636,4.299,2.837,4.005
PER00814,4.119,4.860,5.468,3.645,1.126,2.504,3.155,8.165,4.207,4.540,5.297,4.023,4.412,3.309,3.565
PER00815,4.766,3.586,3.825,2.578,2.649,3.435,3.530,7.265,3.587,4.262,5.191,4.160,4.787,4.235,4.361
PER00816,4.141,4.616,2.679,3.327,2.283,3.812,2.616,7.788,3.767,4.617,5.340,4.066,4.327,4.290,4.963
PER00817,4.703,4.139,4.152,2.835,2.335,3.451,3.788,8.354,4.043,4.787,5.736,4.034,4.210,3.974,4.273
PER00818,3.397,1.854,3.698,2.617,2.637,2.825,2.151,8.288,3.411,3.998,4.993,3.674,4.553,3.445,3.965
PER00819,3.309,1.549,2.340,2.871,1.506,2.656,3.475,8.181,3.547,4.172,5.523,3.687,4.455,3.804,4.899
PER00820,5.144,5.444,5.153,2.783,3.069,4.088,3.690,8.337,3.356,4.873,5.836,4.285,4.805,3.755,3.839
PER00821,2.547,3.310,3.297,2.654,3.678,3.092,3.181,7.606,3.669,3.956,5.024,3.506,4.057,3.192,4.059
PER00822,3.647,5.462,3.407,3.468,2.792,4.818,4.624,8.550,3.709,4.461,5.372,4.330,4.400,3.679,3.897
PER00823,5.597,4.515,1.143,4.028,3.010,4.080,3.019,8.341,4.360,5.247,5.825,4.551,4.346,4.665,3.764
PER00824,3.546,3.230,4.222,3.705,1.349,3.636,3.636,7.458,4.000,3.959,5.436,3.413,4.332,3.371,4.329
PER00825,4.815,4.530,3.953,2.970,2.479,3.526,2.995,7.499,3.677,4.433,4.920,4.292,4.880,4.058,4.803
PER00826,4.831,4.826,3.084,3.121,2.402,3.073,3.221,8.317,4.558,5.266,5.895,4.559,4.799,4.322,4.348
PER00827,4.669,4.373,3.362,2.955,2.771,3.384,3.273,7.975,3.637,4.415,5.084,4.384,4.951,4.114,4.789
PER00828,3.026,4.604,3.359,2.657,2.836,2.830,2.033,8.288,3.496,4.713,5.190,4.083,4.574,3.471,4.472
PER00829,3.615,4.091,3.961,2.351,3.043,3.396,3.074,8.137,3.679,4.717,5.271,3.950,4.575,3.452,4.043
PER00830,2.478,6.248,5.068,2.509,2.270,4.223,2.716,7.622,3.220,4.749,5.204,4.190,5.076,3.075,4.518
PER00831,4.987,5.482,1.990,3.683,3.235,4.176,3.249,7.815,4.507,4.805,5.348,4.692,4.452,4.529,5.281
PER00832,4.670,4.096,4.902,3.126,2.564,3.439,3.016,8.131,3.817,4.090,5.381,3.961,4.636,3.727,4.335
PER00833,5.865,5.027,4.893,2.862,2.655,2.918,3.734,7.801,3.567,4.596,5.256,4.192,4.359,4.312,4.011
PER00834,3.504,2.775,2.852,2.552,1.717,4.098,2.744,7.203,3.201,4.218,4.869,3.681,4.116,3.788,4.646
PER00835,4.327,1.778,4.309,1.743,1.797,2.828,2.763,7.540,3.177,4.627,5.148,3.797,4.717,3.827,3.973
PER00836,3.741,5.038,3.461,3.843,3.760,3.494,3.343,7.151,3.484,4.589,4.985,3.840,3.946,3.618,3.860
PER00837,3.790,5.248,2.208,3.158,3.638,4.617,3.135,7.903,4.067,4.163,5.371,4.273,4.609,3.960,4.607
PER00838,3.902,4.115,4.358,3.140,2.523,2.420,2.825,8.068,3.175,4.763,5.176,3.780,4.605,3.624,4.778
PER00839,3.030,4.349,5.172,2.947,1.261,2.445,2.827,7.542,2.959,3.534,4.975,3.881,4.351,3.157,4.227
PER00840,3.379,3.480,3.567,3.003,1.975,2.936,3.120,7.591,3.446,4.472,4.953,3.888,4.202,3.558,3.532
PER00841,5.381,4.350,5.290,3.133,1.717,4.336,3.107,8.138,3.512,4.728,4.820,4.342,4.876,3.933,3.353
PER00842,2.810,3.900,3.356,2.390,2.083,3.412,3.206,7.851,3.967,4.794,5.676,3.668,4.394,3.302,4.418
PER00843,3.340,4.282,2.987,3.058,2.389,2.859,1.721,7.048,3.078,4.176,4.325,3.691,4.556,3.546,4.237
PER00844,3.270,3.470,3.467,2.506,1.997,2.650,2.944,8.294,3.634,4.184,5.369,3.343,4.210,3.527,4.429
PER00845,5.287,2.745,5.536,1.959,2.315,3.068,3.395,7.592,3.611,4.335,5.226,4.012,4.127,3.988,4.126
PER00846,3.574,5.247,5.015,3.187,1.974,3.747,3.530,8.145,3.414,4.508,5.456,3.699,4.796,3.044,4.688
PER00847,2.717,2.327,3.264,1.674,1.023,2.371,2.520,6.799,3.144,4.372,4.649,3.491,4.431,3.275,4.118
PER00848,2.491,2.733,3.258,2.181,2.335,2.918,2.011,8.016,3.021,4.237,5.164,3.431,4.208,3.343,4.917
PER00849,4.024,5.369,3.181,3.394,2.899,3.898,3.311,7.664,4.165,4.650,5.015,4.429,4.268,3.714,4.127
PER00850,1.935,4.760,4.829,2.573,1.624,1.940,1.499,7.831,2.825,4.159,5.069,3.149,4.409,2.642,3.740
PER00851,5.152,2.877,3.000,2.569,3.571,3.663,3.938,7.247,3.848,4.789,5.368,4.510,4.634,4.341,3.730
PER00852,4.191,4.394,2.077,2.758,2.806,3.333,2.575,7.173,3.713,4.529,5.116,4.249,4.762,4.360,4.396
PER00853,3.090,4.768,5.482,1.991,1.704,3.086,1.831,8.310,2.518,4.491,5.010,3.647,4.252,3.072,4.771
PER00854,4.373,4.414,4.538,3.049,2.691,3.182,3.439,7.572,4.185,4.555,5.269,3.946,4.365,3.732,3.813
PER00855,5.010,3.123,5.209,1.539,2.054,3.590,2.426,8.653,3.081,4.294,5.236,3.946,4.137,3.816,4.441
PER00856,3.025,1.181,2.633,2.492,1.523,2.512,2.597,7.515,3.464,3.346,4.519,3.397,4.527,3.498,4.267
PER00857,3.735,4.060,5.213,2.156,2.028,2.841,2.535,7.877,3.167,4.200,5.154,3.597,4.390,3.149,4.031
PER00858,6.253,4.720,4.125,4.614,3.748,3.649,3.936,6.851,5.192,4.636,5.414,4.655,4.531,4.582,4.417
PER00859,2.969,3.423,4.899,2.683,3.058,3.354,2.950,7.278,2.718,4.409,4.632,3.891,4.650,3.184,4.910
PER00860,3.284,3.306,3.589,2.744,2.896,4.228,3.217,7.796,2.625,4.833,4.976,3.804,4.213,3.663,5.453
PER00861,3.269,4.057,3.067,2.749,2.438,3.543,2.442,7.919,2.976,4.323,4.686,4.087,4.867,3.552,4.260
PER00862,3.406,3.196,5.354,1.567,1.164,2.845,3.046,8.322,2.818,4.383,5.778,3.915,4.672,3.401,4.171
PER00863,3.109,2.362,5.426,1.917,2.188,2.961,2.767,8.688,2.871,4.309,4.545,3.403,4.401,2.823,4.293
PER00864,4.634,3.512,3.775,3.079,2.621,4.454,2.834,8.337,3.204,4.631,5.516,4.121,4.521,3.894,4.760
PER00865,3.991,3.918,4.837,3.566,2.053,3.116,2.849,8.211,3.538,4.508,5.458,3.953,4.464,3.673,4.464
PER00866,4.560,5.197,2.513,3.991,3.392,4.061,2.787,7.448,4.819,4.775,5.530,4.291,4.456,3.966,3.810
PER00867,4.689,1.739,3.305,2.967,1.781,2.969,3.639,8.243,3.891,4.298,5.574,3.988,4.465,4.140,4.468
PER00868,5.770,2.515,2.075,4.148,3.028,3.320,4.706,7.479,4.500,4.940,5.089,4.598,4.575,4.708,4.395
PER00869,3.789,3.366,2.190,3.259,2.620,2.640,2.665,7.954,3.216,4.586,5.422,3.927,4.185,4.020,4.512
PER00870,4.115,3.857,3.343,2.707,2.195,3.636,3.172,6.976,3.544,4.788,4.819,4.058,4.529,3.969,4.738
PER00871,4.766,5.887,3.194,4.428,3.586,4.537,3.823,7.433,4.728,4.756,5.842,4.382,4.401,4.247,5.072
PER00872,2.802,4.320,5.888,2.302,2.670,3.726,1.354,8.142,2.179,4.562,5.091,3.743,4.630,2.776,3.909
PER00873,3.257,2.908,1.327,2.444,2.943,3.349,3.407,8.074,3.951,4.837,5.794,4.260,5.038,4.031,4.758
PER00874,2.871,4.574,3.628,3.209,2.394,4.443,3.047,8.038,3.960,4.787,5.607,3.900,4.473,3.314,4.240
PER00875,4.829,3.824,5.080,3.119,2.916,4.043,2.645,7.948,3.151,4.745,4.992,4.439,4.844,3.844,4.301
PER00876,6.453,4.437,2.099,3.616,3.101,4.577,3.761,8.242,4.699,5.115,5.709,4.894,4.184,5.091,4.348
PER00877,3.828,4.201,4.785,2.194,2.614,3.881,2.751,7.901,3.361,4.943,5.164,4.219,4.961,3.753,4.753
PER00878,4.274,3.567,4.334,2.482,1.652,3.020,2.832,7.628,2.729,4.492,5.080,3.744,4.594,3.662,4.389
PER00879,3.844,5.041,5.554,2.835,2.821,3.024,2.661,8.211,3.883,4.325,5.818,3.986,4.432,3.475,5.200
PER00880,4.182,4.471,3.751,3.918,2.954,2.441,3.334,7.684,4.458,5.034,5.387,4.343,4.875,3.810,3.936
PER00881,3.460,4.364,4.699,3.053,2.349,3.182,2.760,7.522,3.582,4.576,5.491,3.393,4.077,3.188,3.528
PER00882,4.209,3.658,2.207,3.890,2.341,3.119,3.437,8.463,4.215,4.350,5.523,4.096,4.536,3.883,3.723
PER00883,4.967,4.937,4.654,2.853,2.692,4.434,3.073,7.385,3.462,4.941,5.116,4.458,4.659,3.822,3.629
PER00884,3.193,2.779,6.845,1.900,1.277,2.264,1.881,8.840,2.159,4.123,5.310,3.160,4.383,2.634,4.267
PER00885,3.071,4.534,2.019,3.329,3.338,3.068,2.860,7.944,4.184,4.020,5.179,3.625,4.088,3.643,4.049
PER00886,3.781,5.022,5.457,2.418,2.349,3.349,3.003,8.585,4.035,4.090,5.801,3.828,4.458,3.395,3.788
PER00887,3.910,3.707,3.070,1.991,2.984,4.117,3.387,8.164,3.286,4.169,5.339,4.255,4.492,3.676,4.322
PER00888,3.984,3.391,4.376,1.820,2.353,2.193,2.981,8.221,3.314,4.352,5.115,3.730,4.568,3.493,4.466
PER00889,4.177,3.546,1.893,2.160,3.115,3.653,2.553,8.069,3.688,4.741,5.531,4.052,4.219,4.055,4.284
PER00890,3.619,4.631,1.769,2.623,3.168,4.359,2.642,7.546,3.795,4.333,4.655,4.131,4.682,4.119,4.607
PER00891,2.535,5.531,5.771,3.124,1.966,2.570,1.664,7.750,2.736,4.814,4.517,3.564,4.733,2.961,4.532
PER00892,4.806,3.846,3.480,3.223,2.986,3.683,4.011,7.318,3.810,4.954,5.174,3.995,4.156,4.110,3.874
PER00893,4.596,3.557,4.135,2.730,2.475,3.010,3.952,7.702,3.655,4.502,5.006,3.909,3.951,3.889,4.474
PER00894,5.249,6.686,3.715,3.509,3.547,5.034,3.945,8.050,4.054,4.853,5.546,4.412,4.141,4.245,4.499
PER00895,4.729,4.449,4.141,1.714,2.947,3.915,2.690,7.968,3.270,4.592,4.984,4.218,4.196,3.841,4.556
PER00896,4.558,2.893,4.854,1.338,1.432,3.106,2.723,8.120,3.341,4.355,5.707,3.736,4.016,3.737,4.149
PER00897,3.839,4.127,3.330,2.596,2.847,3.560,2.835,7.900,3.492,4.826,5.454,3.951,4.160,3.611,4.604
PER00898,5.250,4.132,2.282,3.198,3.127,3.166,4.249,8.101,4.098,4.701,5.354,4.508,4.217,4.370,3.965
PER00899,6.482,3.980,3.465,3.675,3.326,4.082,3.819,7.577,4.718,5.570,5.630,4.733,4.468,4.940,4.361
PER00900,5.301,3.933,4.968,2.298,2.480,3.720,3.673,8.740,3.824,4.608,5.829,4.134,4.441,4.029,4.450
