respondent_id,sociable_cluster_score,reliable_cluster_score,compassionate_cluster_score,anxious_cluster_score,imaginative_cluster_score,social_reliability_outcome,interpersonal_trust_outcome,expressive_engagement_outcome,lexical_visibility_index,lexical_abundance_index,structural_centrality_index,descriptor_redundancy_index,cross_language_caution_index
LEX00001,4.786,4.608,4.269,3.313,4.244,2.726,3.516,4.121,4.640,4.999,4.411,4.142,3.295
LEX00002,4.330,4.516,4.705,3.572,4.199,2.888,3.621,4.304,5.094,4.913,3.936,4.164,3.710
LEX00003,4.937,4.405,5.184,1.655,3.354,3.632,4.770,3.115,4.009,4.988,4.841,4.565,2.877
LEX00004,3.814,4.243,4.161,3.396,3.758,2.734,4.007,3.693,4.329,4.585,3.845,4.267,3.402
LEX00005,3.985,4.636,3.602,3.230,4.243,3.204,3.825,3.184,4.483,4.429,4.011,4.232,2.660
LEX00006,4.424,5.126,5.420,3.204,3.586,4.158,4.320,3.104,4.742,5.506,4.350,4.768,3.984
LEX00007,3.602,3.361,3.889,4.576,3.534,2.651,4.383,1.535,4.339,4.241,3.112,4.419,3.992
LEX00008,4.006,3.703,5.059,1.912,3.979,3.248,3.433,2.911,4.016,4.217,4.611,4.874,3.082
LEX00009,4.672,4.653,4.912,4.665,5.086,3.113,4.451,4.186,5.070,5.207,4.305,4.535,4.263
LEX00010,4.569,4.066,5.910,2.137,4.487,2.932,5.268,3.670,3.681,5.430,4.914,4.747,4.384
LEX00011,5.371,4.257,4.240,4.614,3.724,3.862,3.501,3.186,4.811,5.222,3.911,4.545,4.679
LEX00012,3.437,3.573,2.823,3.111,2.552,2.932,4.094,3.364,3.960,4.197,3.716,3.783,3.062
LEX00013,3.040,3.698,3.976,4.572,3.726,2.814,2.992,2.240,4.416,4.457,3.296,4.182,3.581
LEX00014,3.439,4.330,5.019,2.643,3.411,3.268,4.364,3.682,3.588,4.181,4.402,4.423,3.229
LEX00015,4.108,4.661,5.748,2.922,4.337,2.721,4.113,2.753,4.188,5.092,4.815,4.697,3.014
LEX00016,3.723,4.365,2.256,3.069,3.812,2.168,3.272,1.897,4.189,4.303,3.006,3.867,3.327
LEX00017,3.361,3.660,3.557,3.300,5.672,2.741,4.084,3.458,4.682,5.248,3.546,3.629,3.180
LEX00018,4.331,4.620,2.360,4.237,6.007,3.025,3.000,4.283,5.099,4.479,3.947,3.963,3.773
LEX00019,2.941,4.182,5.216,2.931,3.717,3.080,4.501,3.169,3.765,4.607,4.488,4.288,3.213
LEX00020,4.691,5.174,4.323,3.739,4.216,2.899,4.636,4.071,4.649,5.515,4.011,4.585,3.525
LEX00021,3.006,3.688,4.513,3.881,5.290,2.452,3.585,3.676,4.166,4.374,3.602,4.428,2.692
LEX00022,4.967,4.351,3.973,2.616,4.610,3.237,3.868,4.304,5.319,4.688,4.640,4.417,2.949
LEX00023,4.562,5.632,4.530,2.273,3.259,3.978,3.917,3.927,4.144,5.405,4.747,4.801,3.263
LEX00024,3.343,2.963,4.917,3.076,4.161,3.306,3.298,2.404,3.590,4.345,4.212,4.151,3.214
LEX00025,3.555,5.632,3.500,3.607,4.022,4.263,4.750,4.038,4.730,4.800,4.567,4.452,4.000
LEX00026,4.256,3.246,3.226,4.671,3.388,2.411,3.001,3.018,4.518,3.778,3.775,2.986,2.815
LEX00027,3.882,4.685,4.934,2.603,4.048,4.003,4.542,3.251,4.384,5.245,4.267,4.710,3.195
LEX00028,4.575,3.927,4.847,1.780,2.901,3.568,4.459,3.011,4.077,4.432,3.942,4.428,2.532
LEX00029,2.593,3.418,3.843,3.689,4.046,2.631,2.557,2.177,4.197,4.216,3.548,2.924,3.532
LEX00030,5.186,4.569,5.105,4.519,3.737,3.511,2.803,3.115,4.782,5.924,4.458,4.615,4.243
LEX00031,4.096,3.394,3.618,2.750,4.261,2.795,3.573,3.542,4.573,4.085,3.360,4.018,3.371
LEX00032,4.370,2.712,3.409,3.221,2.535,2.359,3.200,2.714,3.726,3.889,3.282,3.287,2.963
LEX00033,2.232,3.516,2.819,1.965,3.531,2.832,4.031,3.582,3.356,3.332,3.814,3.775,3.244
LEX00034,3.403,3.233,3.473,4.734,3.290,2.155,3.402,3.196,4.121,3.570,3.328,3.325,3.976
LEX00035,5.258,4.809,3.194,3.396,4.076,3.799,2.689,3.435,4.414,4.670,3.595,4.549,3.715
LEX00036,3.965,3.429,5.791,4.000,3.442,2.795,4.881,3.514,4.649,4.403,4.178,4.154,3.455
LEX00037,4.234,5.978,4.773,4.492,3.476,2.812,4.545,3.290,4.996,5.287,4.771,4.705,3.579
LEX00038,3.038,4.330,4.093,4.152,4.195,3.123,3.400,3.355,4.430,4.217,3.956,3.978,2.910
LEX00039,4.062,5.343,4.962,3.755,5.193,2.820,4.732,2.561,5.129,5.235,4.330,5.608,3.692
LEX00040,3.114,4.753,3.458,5.137,4.146,3.551,2.988,3.081,4.544,4.091,3.576,4.461,4.254
LEX00041,2.946,5.138,4.108,2.396,2.905,3.809,3.241,2.810,3.856,4.005,3.454,3.968,3.048
LEX00042,4.817,4.666,4.615,3.784,3.684,3.614,4.279,3.327,4.610,5.273,4.101,4.906,3.893
LEX00043,3.963,5.370,3.654,3.279,3.990,2.288,3.255,3.132,4.473,4.696,4.613,4.856,3.416
LEX00044,3.557,4.493,5.888,4.179,5.224,3.505,5.161,3.893,4.794,5.166,4.471,4.517,4.013
LEX00045,5.821,4.126,5.509,3.388,4.740,3.820,4.297,4.032,4.548,4.862,5.039,5.430,3.852
LEX00046,4.185,4.575,3.473,3.955,3.875,2.112,3.589,2.859,5.072,3.940,4.258,4.327,4.112
LEX00047,5.146,3.571,4.731,3.741,4.447,2.596,4.163,3.249,4.883,4.468,4.317,4.440,3.846
LEX00048,3.477,5.219,4.651,5.730,3.126,3.055,3.738,2.669,5.019,4.011,3.306,4.403,4.354
LEX00049,4.653,5.395,4.069,2.034,4.718,4.582,4.412,3.915,4.347,5.028,4.554,5.004,3.047
LEX00050,2.277,5.541,4.152,2.795,1.726,3.317,3.659,1.642,3.056,4.124,3.875,4.487,3.834
LEX00051,4.495,2.859,4.600,3.108,3.641,3.747,3.833,3.653,3.400,3.998,4.230,3.730,3.367
LEX00052,4.673,4.888,2.617,3.371,4.568,3.224,3.249,3.720,4.715,5.041,4.678,4.147,2.797
LEX00053,5.411,4.762,3.600,3.549,4.081,3.158,4.071,3.509,4.935,4.554,4.793,4.978,3.602
LEX00054,4.467,2.409,4.520,3.801,4.667,2.131,2.783,3.810,4.472,4.702,3.919,4.136,2.832
LEX00055,3.703,4.146,3.948,1.844,3.703,4.375,3.483,2.844,3.614,4.525,4.184,3.699,2.814
LEX00056,3.164,3.547,4.937,3.144,5.109,2.288,4.274,3.068,4.137,4.465,4.376,3.721,3.525
LEX00057,3.753,4.607,3.471,2.146,4.063,3.352,2.976,2.371,4.324,4.203,4.156,3.954,2.778
LEX00058,4.820,4.004,3.713,2.620,5.547,3.192,4.290,3.980,5.218,5.043,4.360,4.166,2.639
LEX00059,4.476,2.404,4.079,2.642,4.901,2.497,3.965,4.133,4.247,5.270,4.132,3.743,3.869
LEX00060,4.796,4.188,4.006,2.936,6.265,2.775,3.692,4.147,4.844,5.077,4.180,4.324,2.831
LEX00061,5.336,3.287,4.579,4.143,4.784,3.320,4.277,3.054,4.913,5.046,4.525,4.662,3.900
LEX00062,4.188,5.862,4.735,4.105,3.902,4.197,4.617,3.179,4.891,5.114,4.768,5.310,4.114
LEX00063,3.017,5.002,4.742,4.287,4.725,3.795,3.811,3.438,4.213,4.578,3.815,5.206,4.040
LEX00064,4.366,5.249,4.462,3.289,4.916,2.812,3.883,3.260,4.843,4.749,4.603,5.080,3.825
LEX00065,5.378,4.827,4.598,2.821,3.483,3.878,4.919,4.396,4.746,4.913,4.811,5.046,3.267
LEX00066,5.055,4.175,4.593,1.696,4.249,3.726,3.759,4.034,4.347,4.613,4.483,3.742,2.472
LEX00067,4.252,4.942,5.360,3.270,4.619,3.031,5.194,3.801,4.996,5.633,5.050,4.477,3.413
LEX00068,3.167,4.882,4.861,4.417,4.019,3.147,4.164,2.005,5.072,4.783,3.608,4.234,3.862
LEX00069,2.916,3.493,2.763,3.053,4.383,2.193,2.123,2.821,3.536,3.843,3.676,3.527,2.955
LEX00070,4.898,4.763,4.974,1.954,4.657,3.818,4.342,3.292,4.600,4.660,4.543,4.607,3.273
LEX00071,3.790,5.645,4.528,3.967,4.532,4.595,5.210,3.670,5.136,5.163,4.249,4.747,4.261
LEX00072,4.042,3.200,2.963,3.366,3.991,2.858,2.090,2.743,4.180,5.104,3.603,3.325,2.962
LEX00073,4.728,4.179,4.040,2.480,5.865,4.025,3.998,4.005,5.185,4.688,3.989,4.809,3.869
LEX00074,3.375,3.396,3.791,3.296,3.441,3.043,3.416,2.557,3.942,3.589,3.620,3.729,3.037
LEX00075,3.581,5.286,4.334,3.085,2.506,2.859,4.415,2.579,3.992,4.505,4.415,4.676,3.519
LEX00076,4.108,4.182,5.251,2.542,5.722,3.427,4.860,4.072,4.771,4.729,4.561,4.464,3.274
LEX00077,5.215,4.526,4.186,4.115,5.354,3.252,3.383,3.916,5.445,4.815,4.611,4.471,3.317
LEX00078,2.629,3.634,4.251,3.584,3.828,2.354,3.655,2.926,3.945,4.632,3.627,4.581,3.516
LEX00079,3.405,4.347,4.384,3.351,2.937,2.285,3.994,2.721,3.793,4.364,3.677,4.275,2.673
LEX00080,4.547,5.848,3.581,3.853,3.896,4.160,3.837,2.866,4.943,5.185,4.514,4.174,3.263
LEX00081,3.669,5.326,4.450,3.540,3.448,3.638,4.861,3.816,4.782,4.131,3.870,4.736,3.678
LEX00082,3.794,3.914,3.943,2.789,4.708,2.772,4.284,3.573,4.617,4.454,3.433,4.154,3.598
LEX00083,3.399,4.318,5.022,3.244,2.557,3.704,4.529,2.851,4.402,4.413,3.714,4.598,3.820
LEX00084,5.155,5.072,3.509,1.666,5.257,3.473,4.899,4.567,4.210,4.764,4.943,4.486,3.237
LEX00085,4.081,5.501,3.868,3.236,3.209,3.359,4.020,3.148,4.783,4.334,3.883,4.883,2.945
LEX00086,3.108,5.838,4.575,3.086,3.947,4.393,4.362,3.572,4.013,4.447,4.667,4.179,2.726
LEX00087,4.122,4.172,4.817,3.656,4.351,3.406,4.182,3.981,4.416,5.456,4.244,3.713,3.161
LEX00088,4.122,4.583,4.965,3.541,4.322,3.518,4.323,2.514,4.769,4.627,4.550,5.071,3.618
LEX00089,3.702,4.768,4.675,2.326,3.684,4.097,4.808,3.524,3.986,4.735,4.339,4.455,2.950
LEX00090,3.171,2.829,3.727,2.300,4.624,1.984,4.297,3.347,3.817,3.921,3.713,4.054,2.988
LEX00091,4.796,4.203,3.769,3.052,5.148,2.698,3.648,3.858,4.756,5.009,4.276,4.383,3.143
LEX00092,4.119,5.268,5.581,3.395,4.343,3.143,4.780,3.995,4.482,5.261,5.040,5.035,3.718
LEX00093,5.331,3.404,4.448,4.003,4.011,3.167,4.297,3.454,4.663,5.306,4.099,3.833,3.063
LEX00094,3.602,3.834,5.847,3.065,4.491,2.928,4.976,3.393,4.181,5.004,4.390,4.084,3.047
LEX00095,3.767,4.114,3.559,3.643,5.049,2.527,3.144,2.546,4.598,4.562,4.141,4.310,3.126
LEX00096,4.211,4.831,4.303,1.538,4.088,3.020,3.600,3.578,4.278,5.490,4.588,4.482,3.110
LEX00097,4.861,4.653,5.770,3.056,4.681,3.382,4.168,3.491,4.614,5.220,5.189,5.194,3.538
LEX00098,3.907,4.043,3.998,4.397,4.881,3.090,4.254,3.647,4.459,4.569,3.981,3.494,3.473
LEX00099,5.269,4.337,3.792,2.779,6.129,2.567,5.260,3.865,4.644,5.438,4.275,4.983,3.408
LEX00100,4.003,3.868,4.955,4.776,3.230,3.376,3.699,2.417,4.857,4.691,3.824,4.668,3.175
LEX00101,4.340,5.333,2.927,4.284,4.271,3.130,2.648,4.028,5.060,4.530,4.457,3.837,3.598
LEX00102,4.182,5.304,4.217,3.323,2.456,3.699,4.612,2.806,4.677,5.011,4.149,4.993,3.254
LEX00103,2.853,3.982,3.672,3.600,3.240,2.176,3.290,3.593,4.433,3.870,2.796,4.032,3.338
LEX00104,4.242,4.349,3.454,3.742,3.957,4.137,2.606,3.377,4.947,4.567,4.005,4.255,3.333
LEX00105,4.487,4.978,5.079,3.579,2.753,4.386,3.981,2.960,4.945,4.876,4.432,5.142,4.027
LEX00106,4.122,5.070,4.543,4.747,3.873,2.439,4.368,3.093,5.289,5.324,4.151,4.739,3.927
LEX00107,3.897,2.252,4.405,2.819,3.132,2.037,4.248,2.266,3.633,4.128,4.042,3.272,2.941
LEX00108,3.251,4.113,2.892,3.514,4.884,3.545,3.708,3.724,4.266,4.173,3.411,4.032,3.693
LEX00109,4.324,3.399,6.486,3.038,5.913,2.758,5.129,4.405,5.144,5.729,4.878,4.519,3.654
LEX00110,4.716,4.543,5.812,3.174,4.283,3.527,3.911,3.129,4.586,5.114,4.400,5.119,4.005
LEX00111,4.672,3.904,4.662,4.808,4.214,2.695,3.654,3.915,4.637,5.198,4.322,4.417,3.992
LEX00112,4.738,3.078,3.877,3.269,4.091,3.356,2.695,4.474,4.358,4.365,3.820,3.832,2.870
LEX00113,4.024,3.447,3.807,2.305,6.133,3.100,3.929,4.658,4.389,4.687,3.825,4.860,3.248
LEX00114,2.056,4.844,5.760,4.355,4.087,3.850,4.454,2.686,4.236,4.322,4.587,4.201,3.797
LEX00115,4.829,3.531,5.329,2.962,4.132,2.907,4.970,2.905,4.566,4.654,3.935,4.189,2.838
LEX00116,4.548,4.036,3.868,3.443,2.725,3.103,3.660,3.577,4.622,4.731,3.613,4.228,3.191
LEX00117,3.992,4.078,4.847,4.151,3.211,3.057,3.183,3.684,4.016,4.788,4.127,4.435,3.350
LEX00118,3.948,2.159,4.250,3.248,4.753,2.106,3.240,4.038,3.721,4.385,3.277,4.005,3.749
LEX00119,4.692,3.772,4.587,4.161,4.271,3.011,4.481,3.776,4.926,4.424,3.915,4.197,3.599
LEX00120,3.314,4.290,4.584,4.738,6.112,2.802,3.845,4.152,4.695,4.758,3.869,4.299,3.656
LEX00121,3.969,3.065,3.674,3.868,3.888,3.187,2.757,3.323,3.439,4.199,2.858,3.793,3.233
LEX00122,4.351,5.471,5.627,3.578,4.610,3.925,5.112,3.413,4.849,5.438,4.742,5.365,3.218
LEX00123,2.880,3.210,3.489,3.981,2.217,3.071,3.081,2.672,3.928,3.406,2.564,3.377,3.074
LEX00124,2.849,5.702,3.987,4.149,3.002,4.613,3.850,2.913,4.231,4.620,4.017,5.070,3.879
LEX00125,2.982,5.454,5.364,2.629,4.864,3.581,4.195,3.242,4.319,4.998,5.332,5.105,3.084
LEX00126,3.337,5.133,3.966,2.885,4.837,3.233,3.084,3.211,4.730,4.793,4.735,4.545,3.551
LEX00127,3.166,4.506,5.186,3.861,5.941,3.925,4.406,3.139,4.519,5.406,4.062,3.809,3.982
LEX00128,3.903,4.605,4.304,2.710,5.632,3.793,4.009,4.388,4.828,5.113,4.516,4.258,2.906
LEX00129,4.036,5.043,4.316,3.680,2.883,3.952,4.685,3.688,4.281,4.722,4.444,4.489,3.581
LEX00130,2.568,4.740,4.833,3.322,3.877,3.363,4.458,2.897,4.430,4.549,4.344,4.276,3.436
LEX00131,4.014,3.266,4.303,4.975,4.578,2.284,2.697,3.579,4.404,4.461,4.056,3.612,3.450
LEX00132,2.457,4.087,3.378,2.887,3.322,3.419,3.774,2.740,3.199,3.824,3.949,3.853,3.116
LEX00133,3.331,4.348,4.108,3.157,4.123,3.239,4.393,2.191,3.837,4.415,3.756,4.206,3.609
LEX00134,2.315,5.349,4.743,4.294,2.934,3.072,4.992,2.405,4.192,4.227,3.863,3.584,2.736
LEX00135,2.961,4.539,4.242,3.269,4.011,2.666,4.186,3.599,4.062,4.463,4.329,3.714,3.023
LEX00136,4.861,3.236,5.632,2.488,5.225,4.066,4.737,3.719,4.835,5.061,4.724,4.462,3.159
LEX00137,4.897,5.014,3.018,4.064,3.677,3.058,2.479,3.391,5.609,5.215,3.809,4.378,3.749
LEX00138,3.835,4.741,4.781,4.375,2.841,3.912,4.365,3.302,4.731,4.591,4.118,4.064,3.792
LEX00139,4.638,4.830,4.474,4.526,4.118,3.806,2.815,3.671,4.999,4.714,4.792,4.207,3.493
LEX00140,3.826,5.437,4.094,5.080,3.151,2.824,4.075,2.073,4.706,5.206,4.647,4.694,4.010
LEX00141,4.315,4.682,4.988,3.836,3.929,3.357,4.589,3.330,4.638,5.225,4.592,4.413,3.242
LEX00142,4.477,5.163,4.789,2.948,4.314,3.123,4.243,3.316,5.188,5.011,4.406,4.971,3.459
LEX00143,3.823,3.336,4.274,4.443,4.422,3.149,3.925,3.050,4.585,4.069,3.741,3.445,2.776
LEX00144,3.620,4.805,5.639,2.176,3.924,3.431,4.787,3.287,4.256,4.791,5.059,4.720,3.474
LEX00145,1.717,3.551,4.716,3.199,2.590,2.381,3.892,1.620,3.521,4.146,3.771,3.684,3.889
LEX00146,4.849,3.525,3.572,3.234,2.771,1.760,4.030,3.118,4.112,3.652,3.980,4.670,3.154
LEX00147,5.159,3.692,5.365,3.502,5.079,2.357,4.569,3.715,4.711,4.771,4.475,4.222,3.778
LEX00148,3.184,4.906,5.082,2.721,2.944,4.045,4.629,2.473,3.984,4.278,3.923,4.117,3.087
LEX00149,3.457,2.270,4.514,3.702,3.292,2.423,4.374,3.175,3.713,3.343,3.163,3.378,2.920
LEX00150,3.256,3.972,2.747,3.584,5.459,2.282,3.387,3.999,4.919,4.486,3.895,4.145,3.628
LEX00151,4.328,4.828,3.271,4.363,3.747,3.663,4.213,3.544,5.516,4.585,3.797,4.372,3.197
LEX00152,2.807,3.034,4.300,3.094,2.861,2.312,3.893,3.677,3.271,3.665,3.653,3.988,2.928
LEX00153,5.139,3.774,4.504,4.325,5.629,2.615,4.174,4.377,4.820,4.517,4.717,4.336,3.269
LEX00154,4.332,4.591,4.187,3.251,2.874,2.770,3.861,3.286,3.870,4.686,4.132,4.876,3.096
LEX00155,4.246,3.775,4.804,2.832,4.164,3.036,4.019,2.949,4.251,5.050,4.431,3.928,3.171
LEX00156,4.181,4.241,4.760,3.726,3.343,3.319,4.193,4.006,4.673,4.466,3.980,4.496,3.323
LEX00157,3.375,5.229,5.221,2.498,4.683,3.669,4.597,2.706,4.299,5.083,4.534,5.313,3.894
LEX00158,4.314,2.534,4.854,2.680,5.072,2.866,3.936,3.099,4.179,4.302,4.230,3.977,3.115
LEX00159,4.089,4.517,4.731,4.590,3.717,3.777,3.464,3.237,4.833,4.586,3.760,3.943,3.093
LEX00160,5.348,4.803,3.135,4.001,4.791,3.306,3.177,3.676,5.374,4.921,4.330,4.699,3.734
LEX00161,3.030,4.919,5.367,4.136,3.804,3.437,4.329,2.991,3.987,4.205,4.854,4.696,3.618
LEX00162,3.307,3.285,4.152,2.824,3.630,2.420,3.284,2.324,4.029,4.357,3.794,3.562,2.915
LEX00163,3.261,3.738,5.602,2.238,3.617,3.066,5.346,2.439,2.835,4.659,3.769,4.617,3.308
LEX00164,3.314,4.605,4.945,2.537,2.952,3.934,4.797,2.690,3.606,4.400,4.124,4.816,3.570
LEX00165,4.509,3.805,4.599,3.600,5.602,2.671,3.803,3.609,4.879,5.085,4.440,4.650,3.971
LEX00166,2.928,3.950,2.941,3.092,5.210,3.109,3.339,3.081,4.868,4.352,3.612,3.634,2.791
LEX00167,5.214,3.173,3.439,3.441,5.180,2.257,3.368,3.778,4.318,5.469,4.040,3.761,3.596
LEX00168,5.313,4.172,5.515,2.910,5.821,3.915,3.732,5.646,5.070,5.560,5.291,4.967,3.873
LEX00169,4.294,5.459,3.467,2.712,2.850,4.399,3.947,3.261,4.393,4.342,4.194,4.779,3.449
LEX00170,3.064,4.139,2.521,4.483,4.267,2.293,3.324,2.789,3.967,3.823,3.098,3.192,3.673
LEX00171,3.544,2.859,4.019,3.502,4.458,1.539,3.545,3.512,3.856,3.779,3.982,3.983,3.840
LEX00172,3.696,4.195,5.373,4.090,4.984,2.713,3.283,2.213,5.080,5.087,4.540,4.735,3.473
LEX00173,4.650,3.650,3.556,4.088,5.486,2.435,4.003,3.616,4.184,5.334,4.595,3.789,3.778
LEX00174,3.096,3.872,4.016,2.557,5.214,2.399,3.445,2.978,4.203,4.075,4.032,4.198,3.485
LEX00175,3.979,3.095,5.347,3.140,3.461,2.803,5.177,3.865,4.428,4.598,4.397,4.213,3.017
LEX00176,2.952,5.259,3.994,2.707,4.585,3.289,4.232,2.121,4.074,4.221,4.559,4.914,3.515
LEX00177,4.174,3.378,5.614,2.764,5.393,3.561,4.556,4.007,4.220,5.420,4.611,4.145,3.774
LEX00178,2.757,4.828,5.221,2.913,3.926,3.617,4.228,2.345,3.867,4.331,4.005,4.703,3.079
LEX00179,5.045,5.282,5.481,2.936,4.207,4.353,5.413,4.035,4.668,5.795,5.782,5.160,3.912
LEX00180,4.489,5.780,5.277,1.371,4.346,4.390,4.590,3.041,4.562,5.451,5.070,4.978,3.314
LEX00181,3.470,5.258,3.428,3.489,3.787,3.315,3.724,3.599,4.339,4.248,3.602,4.081,3.747
LEX00182,4.193,3.042,2.551,1.711,3.374,2.881,1.769,2.821,3.754,3.637,3.226,3.631,2.525
LEX00183,3.860,4.633,4.004,2.717,3.503,2.947,3.572,3.486,4.397,4.771,4.484,4.616,3.375
LEX00184,4.763,4.209,4.196,3.777,5.036,3.848,4.041,3.506,4.349,5.621,4.792,4.284,3.722
LEX00185,3.634,4.903,5.660,3.706,4.861,3.366,3.946,3.968,5.088,5.017,4.633,4.418,3.581
LEX00186,2.470,3.698,4.483,2.961,3.073,3.097,4.116,2.717,3.649,3.894,3.306,3.995,3.063
LEX00187,4.084,3.468,4.339,2.258,4.870,2.495,4.239,3.318,3.624,4.903,3.892,4.156,3.570
LEX00188,4.868,5.336,2.893,4.290,3.264,2.623,4.449,2.876,4.936,4.698,3.530,4.770,3.629
LEX00189,5.869,4.007,4.918,2.790,4.911,3.372,4.068,4.685,4.608,5.218,5.122,4.647,3.514
LEX00190,3.878,4.335,3.303,2.598,4.414,3.129,3.690,3.375,4.843,4.801,4.098,4.602,3.769
LEX00191,4.094,4.502,4.382,2.370,2.197,3.135,3.908,2.237,3.751,4.412,4.110,4.361,3.059
LEX00192,4.775,3.157,4.070,4.858,4.469,2.821,3.010,3.812,4.246,4.199,3.455,4.028,3.446
LEX00193,4.663,4.340,4.946,4.109,3.785,2.409,3.686,3.379,3.717,5.178,4.599,4.269,4.025
LEX00194,5.956,4.086,5.216,3.318,6.239,3.967,4.464,3.967,4.853,5.395,4.762,4.776,3.088
LEX00195,3.108,4.868,5.265,4.054,3.623,3.121,4.586,2.937,4.402,4.489,4.489,4.829,3.609
LEX00196,4.287,3.745,3.420,5.632,4.071,2.358,3.537,3.534,4.751,4.005,3.563,4.071,3.690
LEX00197,4.914,5.670,5.226,4.202,4.099,4.438,5.015,4.156,4.667,5.287,4.882,4.749,3.224
LEX00198,5.439,5.872,2.850,3.391,4.839,3.790,4.028,4.277,5.447,4.592,4.894,4.147,3.415
LEX00199,3.856,4.175,5.304,4.156,5.934,2.893,5.090,3.349,4.711,4.559,4.283,5.280,3.812
LEX00200,3.024,3.385,3.265,2.767,4.364,2.991,2.716,3.372,4.538,3.519,3.837,3.480,3.429
LEX00201,4.933,2.590,3.820,2.784,2.843,1.605,3.303,3.566,3.744,4.496,3.460,4.249,3.061
LEX00202,3.631,4.460,4.882,2.978,4.626,2.614,4.220,3.501,4.489,5.051,4.566,4.423,3.553
LEX00203,4.684,4.190,4.901,4.160,5.441,2.977,4.197,3.395,4.664,5.183,4.556,4.115,3.501
LEX00204,4.906,4.045,5.912,4.133,4.507,2.153,4.853,3.033,4.505,4.977,4.572,4.240,3.684
LEX00205,4.214,5.090,3.694,4.105,3.360,3.574,4.072,3.075,4.498,5.254,3.581,4.020,3.708
LEX00206,5.685,4.147,4.184,3.399,4.359,2.279,3.207,3.120,4.885,5.075,4.131,4.528,3.778
LEX00207,4.307,4.654,3.706,3.826,4.723,3.192,3.378,4.863,4.747,4.774,4.253,4.227,4.395
LEX00208,5.149,4.184,4.147,2.231,4.958,3.738,4.092,4.319,4.415,5.115,4.462,4.410,3.688
LEX00209,4.121,3.961,3.127,3.815,3.726,2.249,3.142,3.671,4.292,4.263,4.048,3.896,3.577
LEX00210,3.551,3.429,4.909,3.181,4.007,2.182,4.007,3.627,4.308,4.172,3.802,4.726,3.748
LEX00211,3.903,3.575,3.778,4.587,1.835,2.487,3.753,2.789,3.891,3.919,3.119,3.924,2.899
LEX00212,3.597,4.828,3.240,3.114,3.575,2.516,3.960,2.879,4.058,4.827,4.023,4.197,3.397
LEX00213,4.775,2.655,3.844,4.523,3.917,2.188,3.241,3.102,4.328,4.528,3.942,3.669,3.827
LEX00214,5.259,5.131,3.074,2.999,4.395,3.931,4.630,3.216,5.235,4.830,4.064,4.767,3.758
LEX00215,2.858,5.173,5.647,5.128,4.103,3.005,4.119,2.827,4.425,4.902,4.189,5.269,4.640
LEX00216,4.475,4.597,3.498,4.417,4.310,3.341,2.971,4.769,4.710,4.877,3.594,4.819,3.362
LEX00217,3.723,2.503,3.410,2.676,4.056,3.068,2.447,3.172,3.440,4.134,3.449,2.739,3.002
LEX00218,3.043,4.353,4.428,2.404,4.279,3.728,4.411,4.038,3.459,4.355,4.257,4.649,3.242
LEX00219,3.772,4.525,6.007,2.997,4.970,3.705,4.644,3.237,4.118,4.717,4.974,5.135,4.037
LEX00220,4.286,5.217,4.523,4.778,3.244,2.751,3.260,3.267,4.630,5.208,4.369,4.845,3.706
LEX00221,4.482,5.188,3.661,3.097,4.263,4.594,3.802,3.393,4.829,4.746,4.797,4.064,3.506
LEX00222,3.576,5.358,5.200,3.677,3.959,4.413,4.558,2.816,4.707,4.762,4.667,4.772,3.150
LEX00223,5.195,5.470,5.570,2.220,4.925,3.155,4.965,3.854,5.159,5.763,5.261,5.085,3.514
LEX00224,4.801,4.979,3.106,4.914,3.799,3.652,3.409,3.254,5.516,5.032,3.700,4.231,3.709
LEX00225,3.645,3.607,4.300,2.916,3.511,2.889,3.439,2.682,3.964,4.170,3.731,4.049,3.039
LEX00226,4.604,4.563,3.989,3.518,4.296,3.364,5.056,3.966,5.209,4.859,3.901,5.068,3.352
LEX00227,4.862,3.685,4.765,3.346,4.602,2.878,3.657,3.704,4.220,4.524,3.927,4.004,2.823
LEX00228,4.691,5.233,4.962,2.191,3.705,3.549,4.586,4.463,4.473,4.847,4.750,4.664,3.400
LEX00229,4.124,2.912,3.493,1.972,3.952,3.156,3.018,3.332,3.746,3.619,3.471,3.568,3.073
LEX00230,4.435,2.544,4.801,4.400,3.255,1.888,3.325,2.545,3.781,4.308,3.759,3.747,2.850
LEX00231,2.082,3.519,4.166,3.320,4.612,3.184,4.283,3.323,3.304,4.133,3.824,4.041,2.809
LEX00232,4.352,5.274,4.212,2.400,5.443,3.907,4.468,4.093,4.998,4.983,4.753,4.387,3.625
LEX00233,5.042,4.000,4.233,3.255,1.978,3.454,3.764,3.647,3.572,4.039,3.852,3.676,2.622
LEX00234,4.458,3.696,1.514,3.134,3.406,2.042,2.705,3.380,3.935,3.736,3.815,3.050,3.511
LEX00235,4.698,4.054,5.390,4.506,4.003,2.655,4.689,2.512,5.944,4.910,3.968,4.295,3.557
LEX00236,3.403,3.918,4.235,2.199,4.226,3.375,3.674,2.514,3.579,4.424,4.051,4.369,3.631
LEX00237,3.053,3.212,4.144,3.309,3.496,2.629,3.533,3.389,3.730,3.852,3.865,3.510,3.123
LEX00238,4.590,3.670,3.084,3.966,5.404,2.740,2.936,4.168,4.979,4.758,4.157,3.651,3.058
LEX00239,5.309,3.834,4.256,3.391,4.946,2.752,4.151,4.289,4.402,4.833,4.600,3.913,3.016
LEX00240,5.184,4.742,3.202,4.372,3.727,2.406,2.911,4.560,5.206,4.503,4.591,3.695,3.561
LEX00241,3.854,4.059,3.322,2.953,3.533,2.732,3.072,3.038,3.802,3.865,3.828,4.092,3.043
LEX00242,3.566,3.690,5.121,3.019,3.679,2.596,3.391,2.819,3.772,4.731,3.725,4.661,2.972
LEX00243,3.221,4.951,5.292,4.447,4.331,3.493,5.339,2.163,4.795,4.593,4.097,4.142,3.612
LEX00244,4.587,3.143,4.985,2.993,6.337,3.004,3.955,3.666,4.474,5.188,4.308,4.080,3.399
LEX00245,4.730,4.604,3.359,2.573,4.881,2.670,3.115,4.455,4.753,4.847,4.346,4.813,3.424
LEX00246,5.882,4.099,6.092,4.167,3.973,3.176,6.204,2.825,5.271,6.278,5.141,5.068,4.254
LEX00247,4.181,3.753,4.289,4.692,4.193,3.464,3.589,3.461,4.923,4.425,4.064,3.983,3.803
LEX00248,5.330,3.554,4.587,2.790,5.011,2.948,3.280,4.567,4.547,4.912,3.984,4.277,3.850
LEX00249,3.884,3.965,3.771,3.211,3.931,2.621,3.358,3.603,4.013,4.777,3.380,4.079,2.908
LEX00250,6.004,4.553,3.535,3.641,4.334,3.166,2.858,4.427,4.803,5.109,4.020,4.763,3.690
LEX00251,4.802,4.750,5.021,3.224,3.397,3.742,5.452,4.182,4.649,4.613,4.619,5.026,3.491
LEX00252,2.993,4.441,3.265,4.659,5.072,3.307,3.787,2.951,4.910,4.783,3.454,3.394,3.507
LEX00253,3.298,5.910,4.485,3.006,3.393,3.605,4.832,2.317,3.791,4.848,4.658,4.687,3.455
LEX00254,4.806,4.547,3.659,2.774,5.231,3.407,2.293,2.835,4.409,5.307,4.661,3.996,2.994
LEX00255,1.694,4.729,5.686,3.480,2.805,4.072,4.636,2.163,3.611,3.781,3.721,4.251,3.115
LEX00256,4.819,4.282,4.045,4.453,4.966,3.458,3.724,2.972,5.074,4.805,4.265,4.281,3.771
LEX00257,4.278,4.516,5.252,2.807,2.866,3.191,5.043,3.601,4.122,4.892,4.612,4.188,2.885
LEX00258,6.023,3.529,4.406,3.222,4.624,2.933,4.089,3.988,4.486,5.223,3.989,4.733,3.272
LEX00259,3.215,6.160,3.206,2.627,3.945,3.626,3.510,2.896,3.966,4.662,4.141,4.740,3.126
LEX00260,5.240,4.619,3.041,5.679,5.179,3.110,3.603,3.403,5.370,5.598,3.594,3.495,3.875
LEX00261,3.750,2.991,4.458,2.631,4.015,2.235,3.585,2.451,4.094,4.585,4.086,3.952,3.079
LEX00262,6.399,4.569,3.925,2.402,4.389,4.308,4.065,4.118,4.477,5.227,4.896,5.301,3.633
LEX00263,4.131,4.188,4.056,5.168,4.989,2.882,3.158,4.370,4.617,4.627,3.731,4.048,3.362
LEX00264,3.503,3.192,4.122,3.917,3.590,1.642,4.014,2.556,3.824,4.344,3.742,3.991,3.420
LEX00265,3.123,3.574,2.064,2.682,4.111,2.574,2.361,3.256,4.164,3.754,3.492,2.933,2.378
LEX00266,2.919,3.553,2.382,3.115,2.591,2.946,3.530,3.115,3.892,3.196,3.432,3.462,2.712
LEX00267,2.674,4.489,3.645,3.765,4.305,3.553,2.481,2.915,3.494,4.259,3.813,3.898,3.698
LEX00268,4.180,3.680,4.591,4.490,4.370,2.214,3.691,3.418,3.819,4.695,3.692,3.702,3.581
LEX00269,4.730,4.247,5.556,3.357,5.588,3.483,3.719,3.634,5.064,4.869,4.287,4.378,3.707
LEX00270,3.589,3.602,5.006,2.922,4.665,2.347,3.986,3.553,4.261,5.321,3.946,4.327,3.043
LEX00271,3.729,5.340,3.896,3.533,3.777,3.272,4.438,2.718,4.533,5.413,4.194,4.887,3.707
LEX00272,4.411,3.195,5.002,3.512,3.903,2.679,4.360,3.254,4.400,4.892,4.017,4.153,3.559
LEX00273,3.943,5.717,4.967,4.137,3.382,3.590,3.940,2.418,4.627,5.090,4.500,4.634,4.102
LEX00274,2.870,4.290,3.793,2.736,4.358,2.782,3.354,3.669,3.628,4.118,4.288,4.176,3.122
LEX00275,2.969,3.716,3.209,3.939,4.138,2.296,3.436,2.714,3.980,4.301,3.112,3.820,3.296
LEX00276,4.003,4.208,4.618,2.569,3.002,3.585,4.613,3.477,3.724,4.415,3.535,4.496,3.172
LEX00277,3.652,5.363,5.135,2.959,3.769,4.367,5.059,1.909,4.352,5.025,4.459,4.348,3.291
LEX00278,4.649,2.069,4.528,4.378,5.372,2.230,3.088,4.567,4.805,4.617,4.198,3.313,3.804
LEX00279,4.519,3.771,4.176,4.203,4.448,3.381,4.195,3.892,4.841,4.725,4.032,4.237,3.002
LEX00280,3.223,3.873,3.510,2.291,4.378,2.653,3.744,3.176,4.371,4.462,3.865,3.617,2.975
LEX00281,2.411,4.699,5.062,1.738,3.967,4.048,6.135,2.634,3.751,4.383,4.147,4.784,3.155
LEX00282,3.544,4.240,2.622,3.293,3.809,3.255,1.619,2.582,4.374,3.676,3.682,3.569,2.918
LEX00283,3.885,3.991,3.718,4.542,4.127,3.488,3.651,2.816,4.047,4.634,3.824,3.465,3.491
LEX00284,2.225,5.440,6.109,3.452,3.686,3.833,4.108,2.892,4.188,5.022,4.506,5.590,4.049
LEX00285,3.881,4.470,4.012,3.802,3.599,2.966,4.050,2.915,4.811,4.618,3.999,4.124,2.823
LEX00286,3.841,3.385,3.848,2.973,3.886,3.291,3.694,3.254,3.542,4.194,4.301,3.837,2.889
LEX00287,3.332,3.915,4.537,3.070,3.221,3.938,3.537,2.475,4.247,4.577,3.508,3.989,3.384
LEX00288,4.925,3.971,3.068,2.978,4.858,2.883,3.622,3.585,4.644,4.659,4.453,4.464,3.064
LEX00289,4.664,3.911,4.131,4.635,4.558,2.887,4.357,3.567,4.960,4.853,3.767,3.674,3.542
LEX00290,3.753,3.437,3.941,4.319,3.750,3.315,3.573,2.146,4.621,4.729,3.110,4.205,3.931
LEX00291,4.088,3.592,3.539,2.839,4.508,2.104,3.021,3.250,4.722,4.932,4.039,3.525,3.280
LEX00292,3.961,4.182,4.019,2.461,3.318,3.959,3.928,2.806,4.328,4.889,3.756,3.818,3.022
LEX00293,4.642,3.990,3.407,4.378,4.530,3.392,3.374,3.526,4.766,4.526,3.833,3.927,3.537
LEX00294,3.959,4.272,4.410,2.679,5.574,3.655,3.775,2.886,4.542,4.852,4.298,4.625,2.776
LEX00295,3.611,5.016,4.860,4.244,4.953,3.343,5.332,3.983,4.644,4.705,4.019,4.809,3.959
LEX00296,3.816,4.173,5.048,3.113,3.775,3.898,5.119,2.769,3.798,4.650,4.154,4.556,4.006
LEX00297,3.478,5.164,2.966,3.541,3.448,3.394,3.166,3.034,4.532,4.434,4.043,4.102,3.099
LEX00298,4.283,3.963,4.835,4.431,3.788,3.085,4.278,3.176,4.674,4.011,4.135,3.880,2.956
LEX00299,5.547,3.124,5.818,4.487,4.865,2.595,5.104,3.163,5.349,5.837,4.529,4.603,4.117
LEX00300,3.918,2.780,5.593,4.673,3.784,2.057,3.847,3.256,4.083,4.252,4.027,4.196,2.881
LEX00301,3.874,4.367,5.940,2.128,4.352,2.914,5.565,3.391,4.274,4.945,4.132,3.952,3.135
LEX00302,5.926,5.617,5.898,2.843,5.378,4.816,5.440,4.143,5.464,6.343,5.914,5.699,3.499
LEX00303,2.957,4.491,3.384,2.434,5.138,3.218,3.108,3.026,4.219,4.906,3.067,4.604,3.547
LEX00304,3.349,3.994,4.064,3.956,3.504,2.617,4.419,2.838,4.530,3.745,3.466,3.322,3.053
LEX00305,5.039,3.535,3.431,3.130,4.564,2.331,3.343,3.463,4.176,4.824,3.848,3.433,3.587
LEX00306,3.917,5.072,4.708,3.431,4.593,3.897,3.743,3.948,4.229,4.697,4.008,4.914,3.873
LEX00307,5.840,5.651,4.009,3.088,4.653,3.834,4.350,4.261,5.294,5.183,5.161,4.978,3.513
LEX00308,5.435,3.770,5.927,4.350,5.275,3.221,4.978,4.477,4.776,5.580,4.432,5.571,4.774
LEX00309,6.080,2.471,3.965,3.743,5.625,1.085,3.302,3.713,5.267,4.788,4.187,4.106,3.562
LEX00310,3.640,3.732,4.122,3.333,4.857,2.164,3.293,3.340,4.167,4.480,4.352,4.941,3.793
LEX00311,3.124,4.069,3.658,2.444,4.216,4.380,4.493,3.484,4.324,4.472,3.374,3.948,2.823
LEX00312,3.180,4.538,4.969,4.051,2.737,5.035,3.659,2.737,4.168,4.955,3.797,4.342,3.738
LEX00313,3.556,4.630,4.482,3.924,5.394,2.985,3.790,3.638,4.524,5.279,4.742,4.719,3.968
LEX00314,2.691,5.176,4.082,2.580,4.325,4.207,4.013,2.178,4.344,4.255,4.227,4.516,3.301
LEX00315,4.939,3.306,5.565,2.196,2.345,2.426,5.109,3.864,3.789,4.432,4.004,4.493,3.196
LEX00316,2.191,4.710,2.745,4.597,2.552,3.165,2.420,1.668,4.152,4.204,3.133,3.207,3.465
LEX00317,5.074,5.341,4.887,3.139,3.549,2.373,4.507,3.393,4.651,5.213,5.152,4.865,3.503
LEX00318,4.145,3.693,4.526,1.746,3.437,2.845,2.835,3.678,3.706,4.700,3.836,4.932,2.601
LEX00319,4.706,3.970,4.027,2.980,4.925,2.562,4.331,4.525,4.789,5.047,4.142,4.301,3.160
LEX00320,4.503,3.829,4.409,3.467,4.354,3.512,3.265,3.134,4.516,4.855,4.320,4.405,3.607
LEX00321,4.223,4.335,5.120,2.822,3.517,3.764,3.880,3.007,4.175,4.764,4.761,4.935,3.592
LEX00322,3.929,4.304,3.424,4.351,6.057,3.185,3.358,4.071,4.717,4.477,3.841,4.732,3.421
LEX00323,3.922,3.452,4.362,3.343,6.045,2.272,4.611,3.222,4.425,4.797,4.134,4.457,3.789
LEX00324,3.602,4.753,5.006,2.803,3.067,3.573,4.427,2.766,4.240,4.721,4.386,4.983,3.182
LEX00325,3.289,3.293,6.069,3.676,3.289,3.634,4.726,2.972,4.327,4.542,4.063,4.213,3.260
LEX00326,3.951,4.445,4.463,4.300,4.230,3.022,4.039,3.182,4.943,4.554,3.761,4.394,2.994
LEX00327,3.903,4.628,4.537,2.435,3.878,3.757,4.796,3.024,3.898,5.226,4.367,4.219,2.878
LEX00328,3.850,3.372,3.092,3.958,5.358,1.886,1.792,3.817,3.982,4.502,3.706,3.535,3.360
LEX00329,3.053,4.004,5.019,2.434,3.947,2.760,4.508,2.895,4.198,4.602,4.584,3.952,3.765
LEX00330,4.702,3.749,5.182,2.506,6.093,3.355,4.544,4.699,4.480,5.501,4.582,3.640,3.570
LEX00331,2.967,3.496,3.681,2.571,4.457,3.075,3.077,3.109,3.365,4.724,3.589,3.628,3.100
LEX00332,5.761,3.727,4.120,5.474,6.451,3.071,3.255,4.169,5.160,5.506,4.671,4.537,3.002
LEX00333,2.794,3.667,4.568,3.273,2.184,3.054,3.955,2.538,3.655,4.274,3.319,3.693,3.757
LEX00334,3.931,1.720,4.082,2.051,4.028,2.363,2.786,3.506,3.484,4.138,3.180,3.982,3.231
LEX00335,3.726,5.701,3.605,2.506,2.610,3.808,4.173,3.619,3.816,4.692,4.353,4.565,3.669
LEX00336,4.064,5.196,3.757,3.118,4.244,3.559,3.654,3.206,4.662,4.462,4.046,4.172,3.599
LEX00337,3.201,4.255,4.393,3.770,3.654,3.080,4.431,1.868,4.440,4.609,3.590,3.688,3.816
LEX00338,5.187,3.822,4.598,2.343,4.721,3.979,3.792,4.068,4.770,5.593,3.936,4.348,2.742
LEX00339,3.882,4.584,3.735,3.431,3.902,2.624,3.264,3.346,4.627,4.560,4.250,4.325,2.985
LEX00340,4.223,3.290,4.163,3.959,4.940,2.281,4.051,4.289,4.875,4.512,3.437,4.173,3.343
LEX00341,4.328,4.819,5.055,3.129,5.192,3.458,4.089,3.794,4.885,5.568,4.537,5.657,3.468
LEX00342,4.559,3.490,5.172,4.148,3.331,3.406,3.368,3.760,4.530,4.536,3.943,4.384,4.006
LEX00343,2.996,4.744,4.967,3.561,4.250,4.205,3.561,3.115,4.509,4.955,4.354,4.791,3.517
LEX00344,4.226,4.549,4.029,3.273,3.342,3.037,4.196,3.256,4.180,5.063,3.513,3.524,3.805
LEX00345,4.771,3.600,4.280,2.865,4.574,3.342,5.088,4.871,4.377,5.267,4.350,3.881,3.593
LEX00346,4.293,4.311,4.205,3.805,4.324,3.585,3.185,4.065,5.125,5.280,4.208,3.631,3.334
LEX00347,4.135,3.402,3.505,2.441,4.122,2.099,3.004,3.212,4.003,5.058,3.973,3.150,2.995
LEX00348,4.965,5.040,3.052,3.191,4.872,3.127,3.847,3.745,4.639,4.843,3.800,3.983,3.303
LEX00349,4.956,5.467,3.955,3.970,5.200,3.919,4.387,3.792,5.339,5.398,4.474,4.231,4.195
LEX00350,3.950,4.546,3.511,3.025,4.451,3.237,3.943,3.016,4.673,4.954,3.884,4.012,2.990
LEX00351,4.605,4.406,3.835,2.798,3.988,3.870,4.513,2.815,4.520,4.908,4.216,4.307,4.536
LEX00352,4.351,4.939,3.748,2.845,4.162,3.576,3.821,3.954,4.855,4.508,4.261,4.505,3.971
LEX00353,4.028,3.580,4.229,3.489,5.286,2.585,4.372,3.458,4.195,4.269,4.140,4.050,3.574
LEX00354,4.549,4.466,3.951,4.910,3.110,3.253,3.642,2.696,4.750,4.731,3.708,4.546,3.938
LEX00355,3.546,5.252,5.872,4.334,2.758,4.393,4.664,2.197,4.750,4.425,4.081,4.973,4.041
LEX00356,4.227,4.575,4.773,3.449,3.870,3.010,4.037,3.210,4.365,5.272,4.084,4.435,4.057
LEX00357,4.353,4.101,4.004,2.339,3.372,3.864,2.645,4.086,4.715,4.682,3.953,3.905,3.355
LEX00358,3.637,3.971,5.324,2.688,5.391,3.648,4.072,3.768,5.053,5.130,4.223,4.755,3.087
LEX00359,4.304,3.605,4.045,4.767,2.756,2.292,3.509,3.374,4.146,4.239,3.356,3.681,3.307
LEX00360,4.236,3.438,3.753,3.028,4.692,2.687,3.888,3.708,4.038,4.328,3.720,4.565,3.908
LEX00361,3.292,3.918,4.632,1.523,2.932,2.779,3.963,2.595,3.416,3.741,3.557,4.482,3.501
LEX00362,4.148,3.949,4.261,4.525,4.185,2.568,3.542,3.250,4.428,5.002,4.059,4.753,4.292
LEX00363,4.517,4.820,4.462,3.573,3.964,2.465,3.368,3.320,4.004,4.897,4.628,5.213,3.941
LEX00364,2.851,5.791,4.719,2.941,3.405,3.027,4.513,2.095,4.106,5.043,3.995,4.596,4.371
LEX00365,4.539,3.424,4.920,3.152,4.420,3.066,4.220,2.913,4.016,5.070,3.530,4.173,3.544
LEX00366,5.246,5.684,4.151,5.385,5.230,3.045,3.647,3.738,5.596,5.286,4.768,4.885,3.708
LEX00367,4.123,5.069,3.944,2.535,4.700,3.210,4.550,3.623,4.669,5.542,3.961,4.740,3.504
LEX00368,3.098,2.835,3.838,3.672,3.151,2.484,2.628,3.688,3.214,4.151,3.433,3.307,3.653
LEX00369,4.428,4.186,4.750,2.848,4.449,2.923,4.299,4.090,4.661,4.893,4.394,4.764,2.951
LEX00370,3.258,3.230,4.499,3.665,3.556,3.573,2.946,3.333,3.776,4.141,3.575,3.797,2.631
LEX00371,4.964,3.557,4.836,4.833,4.812,2.862,3.672,3.782,5.360,5.348,4.040,4.061,3.953
LEX00372,3.633,3.319,5.206,3.614,5.716,2.447,4.084,3.264,4.265,5.431,3.825,4.301,4.036
LEX00373,3.509,4.299,4.570,1.982,5.028,3.197,4.784,2.828,3.904,4.920,4.374,4.344,3.498
LEX00374,4.958,5.250,2.553,2.411,3.516,2.916,3.519,3.748,4.470,4.587,4.603,4.827,3.511
LEX00375,3.299,3.861,3.833,4.493,3.850,2.940,2.909,3.498,4.257,4.508,3.656,3.858,3.989
LEX00376,3.390,3.286,5.251,4.724,4.216,2.713,4.070,2.763,3.719,4.152,3.625,3.544,3.069
LEX00377,4.881,4.834,4.161,3.500,3.760,3.837,4.171,3.611,4.963,4.979,4.214,4.263,3.024
LEX00378,4.487,3.724,4.354,3.048,4.532,3.212,3.692,3.843,4.667,4.563,4.140,3.780,3.645
LEX00379,4.755,3.654,5.603,4.545,4.465,2.564,3.476,3.608,5.147,5.082,4.424,4.647,3.735
LEX00380,3.026,3.848,4.777,3.172,4.176,2.973,4.570,2.977,4.479,3.746,4.085,4.687,4.012
LEX00381,4.006,4.107,5.464,4.153,2.500,3.143,4.681,2.221,4.014,4.876,4.136,4.121,3.138
LEX00382,4.989,5.175,5.381,4.259,3.985,3.620,4.382,3.350,5.431,4.990,4.260,5.144,4.715
LEX00383,4.435,4.261,4.906,4.880,3.647,2.993,3.830,3.328,4.479,5.046,4.034,4.146,4.120
LEX00384,4.333,5.271,5.301,3.419,4.744,3.672,4.701,4.329,4.897,5.096,4.146,5.426,3.446
LEX00385,5.622,3.364,4.823,2.353,5.518,2.144,3.416,3.810,4.012,4.674,4.465,4.897,3.315
LEX00386,3.748,3.969,5.518,3.716,2.764,2.475,3.855,2.761,3.594,4.635,3.841,4.255,3.665
LEX00387,3.461,3.165,3.660,3.255,5.056,1.986,3.316,3.811,3.982,4.103,3.438,3.714,3.811
LEX00388,5.031,3.280,3.794,4.382,3.469,2.588,3.928,3.900,4.939,5.033,3.737,4.046,3.953
LEX00389,3.986,3.970,4.897,2.840,4.528,3.168,3.778,3.713,4.177,4.592,4.565,4.177,3.162
LEX00390,4.429,4.048,3.619,2.951,4.985,3.446,3.871,3.507,4.797,4.922,4.607,3.889,3.040
LEX00391,3.998,6.080,5.606,3.337,3.794,4.361,5.051,3.571,4.456,4.884,4.953,4.782,4.017
LEX00392,5.382,2.607,4.155,4.131,3.325,2.993,3.450,4.034,4.597,4.613,3.420,3.891,3.524
LEX00393,4.115,4.229,4.896,3.790,3.701,2.984,4.925,4.384,4.183,4.378,4.174,4.124,3.175
LEX00394,3.464,3.531,4.217,3.807,3.146,2.387,4.110,2.438,4.148,4.569,3.805,4.286,3.593
LEX00395,3.701,2.973,3.865,2.258,4.717,2.509,3.172,3.092,3.894,4.455,3.047,3.775,3.464
LEX00396,4.638,4.277,4.105,2.734,5.301,2.847,4.674,3.941,5.161,5.452,4.726,5.012,3.404
LEX00397,4.543,3.640,3.253,1.761,5.927,2.673,3.273,4.885,4.313,4.946,3.948,3.982,2.598
LEX00398,3.019,5.051,5.775,2.564,3.602,4.183,4.850,3.097,4.271,4.710,4.699,5.078,3.661
LEX00399,4.429,4.356,2.913,4.415,3.362,2.689,2.374,3.520,4.845,4.142,3.602,4.214,4.220
LEX00400,3.469,3.245,4.199,2.333,3.197,2.595,3.692,2.853,2.803,4.393,3.632,3.765,2.796
LEX00401,4.963,5.046,2.614,4.124,5.387,2.949,3.117,5.091,5.644,4.844,4.352,3.782,3.699
LEX00402,3.298,5.425,5.279,2.166,2.762,3.908,5.044,2.869,4.418,4.951,4.225,5.187,3.252
LEX00403,3.540,4.383,3.891,3.321,4.323,3.179,4.122,3.654,4.518,3.933,3.998,4.090,2.785
LEX00404,3.769,2.938,3.326,3.530,3.992,2.353,3.233,3.250,4.021,4.007,3.097,3.379,2.816
LEX00405,3.344,4.912,6.285,2.995,3.710,4.224,4.710,2.881,4.009,5.096,4.530,4.746,3.571
LEX00406,3.005,3.331,4.483,2.835,3.429,1.928,4.012,2.603,3.599,4.319,4.040,3.400,2.967
LEX00407,3.565,5.518,4.941,4.344,4.134,4.203,4.451,3.101,4.793,4.981,5.231,4.832,3.505
LEX00408,4.147,6.026,4.373,4.251,5.148,3.804,4.367,2.789,5.083,5.522,4.670,5.519,3.275
LEX00409,3.635,5.070,4.516,4.956,2.612,4.163,3.951,3.244,4.793,4.469,4.264,4.738,3.604
LEX00410,3.512,4.511,4.337,3.695,4.525,3.449,3.644,3.823,4.453,4.663,4.618,4.063,4.072
LEX00411,4.016,4.881,3.906,4.265,4.803,3.652,3.709,3.976,4.486,5.102,4.741,4.104,4.288
LEX00412,2.352,4.085,3.075,3.533,3.126,2.332,3.714,1.995,3.609,4.097,4.179,3.490,3.449
LEX00413,3.537,4.252,3.844,3.543,4.963,1.910,3.579,3.352,5.178,4.318,3.917,4.757,4.289
LEX00414,3.495,3.257,4.393,4.188,5.225,3.064,3.292,3.719,4.929,4.647,3.916,3.468,2.771
LEX00415,4.132,4.864,5.154,3.369,4.726,3.793,4.637,4.329,4.871,5.050,4.506,5.009,3.230
LEX00416,4.622,3.284,4.284,3.168,4.950,3.682,3.336,4.479,4.544,4.573,3.998,3.671,3.172
LEX00417,3.355,3.313,4.052,3.689,4.121,3.312,3.398,3.519,4.217,4.150,4.039,3.523,3.735
LEX00418,4.284,2.896,4.104,3.478,4.599,2.070,2.961,4.148,4.733,4.213,3.109,3.627,2.619
LEX00419,4.221,4.215,4.581,4.190,4.672,3.975,3.903,2.876,4.534,5.256,4.462,4.657,3.565
LEX00420,4.359,3.464,3.982,3.951,4.850,1.973,3.737,4.015,4.515,4.009,3.577,3.618,3.117
LEX00421,3.521,2.171,3.834,4.720,3.120,1.681,2.813,2.804,4.465,3.732,4.219,3.266,3.326
LEX00422,3.003,4.080,4.251,2.271,3.875,2.880,3.348,3.683,3.434,4.330,3.830,3.962,3.492
LEX00423,5.666,4.047,1.667,2.488,4.626,2.382,2.881,4.343,4.844,4.267,3.737,4.291,3.068
LEX00424,4.781,2.833,4.385,1.970,4.720,2.939,3.376,2.821,4.185,4.964,4.331,4.288,3.855
LEX00425,5.209,4.664,4.381,3.857,5.229,2.647,3.319,3.547,5.626,5.139,4.209,4.960,3.826
LEX00426,4.367,5.094,5.186,2.538,4.482,3.083,4.465,3.270,4.790,5.068,4.855,5.145,3.633
LEX00427,3.509,3.959,5.829,4.513,3.985,3.896,4.805,2.934,4.569,4.318,4.450,4.781,4.030
LEX00428,5.824,4.513,4.568,2.892,5.692,2.957,3.902,4.569,4.938,5.492,4.811,4.622,3.177
LEX00429,3.581,6.018,4.607,3.841,4.299,3.539,4.040,3.327,4.593,4.994,4.787,5.240,3.755
LEX00430,4.037,5.073,5.113,3.700,3.439,3.775,4.880,4.106,5.457,4.729,4.425,4.740,3.553
LEX00431,4.379,5.147,3.067,4.411,4.300,3.080,3.090,2.578,5.014,5.092,4.136,4.262,3.402
LEX00432,3.798,4.708,4.193,2.496,4.042,4.138,4.023,3.551,3.784,4.883,4.590,3.808,2.652
LEX00433,4.559,4.049,3.478,3.269,3.819,2.343,2.791,3.172,4.405,4.497,3.774,4.780,3.752
LEX00434,3.695,3.180,3.546,3.211,4.696,2.788,3.316,3.785,4.072,4.760,3.744,3.490,3.229
LEX00435,5.188,4.890,3.126,3.346,5.541,2.723,2.552,4.809,5.533,5.303,3.868,4.397,3.287
LEX00436,4.954,3.287,4.305,4.371,3.792,1.691,4.426,3.484,4.442,5.140,3.627,3.835,3.409
LEX00437,3.706,5.378,4.909,1.290,3.850,3.920,4.471,4.280,4.515,4.963,4.679,4.923,3.840
LEX00438,3.268,4.216,5.946,3.200,3.969,3.095,5.009,3.251,3.826,4.232,4.375,4.264,3.389
LEX00439,4.022,3.946,5.021,3.824,4.308,3.866,4.194,3.012,4.888,4.859,3.749,4.088,3.407
LEX00440,4.581,5.521,3.607,3.023,3.465,3.698,4.393,4.109,4.513,4.177,4.366,5.145,3.625
LEX00441,4.243,3.081,4.256,3.591,4.474,2.832,3.533,3.335,4.126,4.786,4.307,4.030,3.101
LEX00442,3.789,4.289,4.393,3.073,4.869,2.956,3.483,4.011,4.308,4.686,4.011,4.566,2.901
LEX00443,3.846,3.894,4.524,3.929,6.225,2.628,2.896,4.202,4.885,5.486,3.355,4.102,3.444
LEX00444,3.177,3.408,4.271,3.545,4.739,3.784,2.801,3.408,4.365,4.052,3.551,3.609,3.831
LEX00445,2.961,3.337,4.134,3.780,5.292,2.944,1.758,3.527,4.462,4.518,3.629,3.948,3.009
LEX00446,4.494,2.818,3.876,4.462,5.266,1.985,2.048,3.412,4.353,4.847,3.299,3.275,3.231
LEX00447,2.820,3.384,4.525,3.836,4.365,2.951,3.902,2.639,4.084,4.262,3.727,3.680,3.027
LEX00448,3.003,4.455,5.354,3.458,4.187,3.989,3.533,2.464,4.160,4.705,4.618,4.220,3.526
LEX00449,3.938,4.537,4.935,4.010,4.741,3.998,3.875,3.591,4.387,5.300,4.054,4.479,3.773
LEX00450,3.726,4.373,4.493,3.342,3.746,3.553,5.211,2.512,4.573,5.076,3.888,4.797,3.300
LEX00451,4.081,3.810,3.359,3.910,3.703,2.263,2.276,2.604,4.209,4.755,3.547,4.129,3.506
LEX00452,3.250,6.594,5.774,3.324,3.181,4.165,5.159,2.773,4.815,5.123,4.579,5.308,3.879
LEX00453,4.393,5.446,4.630,2.478,4.369,4.216,5.284,3.962,4.729,5.842,4.539,5.013,2.985
LEX00454,3.375,4.660,4.191,4.293,3.926,3.135,4.333,2.871,4.884,4.948,4.133,4.171,4.075
LEX00455,3.370,4.279,5.438,4.056,4.078,3.348,4.155,1.858,4.649,4.846,4.157,4.739,4.200
LEX00456,3.367,3.328,5.027,3.002,4.815,2.416,3.442,3.158,4.036,4.632,4.259,4.752,3.329
LEX00457,6.259,3.648,4.085,2.156,6.012,3.041,2.524,4.994,5.438,5.170,4.466,3.989,2.995
LEX00458,4.370,5.155,4.660,2.288,4.287,3.924,4.825,4.091,4.080,4.635,4.710,4.274,3.956
LEX00459,4.624,3.402,4.282,2.486,4.476,2.342,2.920,3.551,3.946,5.043,3.981,4.153,3.932
LEX00460,4.757,4.835,4.202,3.372,3.519,3.867,4.135,3.363,5.104,4.417,4.128,4.223,3.071
LEX00461,4.867,3.514,4.925,3.280,4.373,2.656,3.878,4.546,4.080,5.051,4.258,4.169,3.478
LEX00462,4.315,4.625,5.099,3.758,3.959,4.198,3.991,2.778,5.176,5.332,4.432,4.581,4.075
LEX00463,2.487,2.963,2.693,5.357,3.988,2.673,2.525,1.908,3.730,4.105,2.589,3.026,3.544
LEX00464,3.697,4.151,5.252,1.483,3.814,3.318,4.718,3.565,4.189,4.205,4.275,4.024,3.268
LEX00465,3.715,5.596,5.365,3.214,5.414,4.157,5.008,3.547,4.173,5.563,4.524,5.432,3.406
LEX00466,3.904,4.911,5.577,3.436,3.613,4.162,4.508,4.940,4.105,5.248,4.885,4.590,3.129
LEX00467,4.181,5.347,4.639,3.286,4.792,3.607,3.960,3.140,5.368,5.546,4.629,4.563,3.471
LEX00468,3.382,4.605,5.200,2.620,3.071,3.704,4.247,3.477,3.895,4.686,4.109,3.977,2.810
LEX00469,3.431,5.300,3.730,4.673,4.443,2.935,3.526,3.064,4.687,4.359,4.209,4.502,3.683
LEX00470,3.467,4.066,5.072,3.868,3.332,2.588,4.420,1.919,4.400,4.335,4.007,4.685,3.349
LEX00471,2.667,3.599,4.226,4.328,3.445,2.948,3.265,3.910,3.771,3.862,4.033,3.660,3.727
LEX00472,4.440,6.217,5.515,5.080,3.644,4.652,5.405,2.980,5.210,5.124,4.740,5.519,3.784
LEX00473,4.447,3.460,5.123,3.582,4.701,1.821,4.402,3.140,4.741,5.055,4.426,4.101,3.052
LEX00474,2.842,5.413,5.616,2.958,5.031,3.802,5.280,3.487,4.295,5.064,5.390,5.109,3.503
LEX00475,2.773,4.698,4.366,4.225,4.238,3.492,3.851,3.495,3.757,4.087,3.642,4.606,4.277
LEX00476,4.233,3.995,3.836,3.219,4.214,3.373,3.286,3.343,4.901,4.919,4.206,3.642,3.082
LEX00477,3.415,4.173,5.799,3.681,4.936,3.399,5.111,3.384,4.833,5.048,4.601,5.169,3.814
LEX00478,5.854,4.865,4.775,3.247,4.540,3.283,3.511,3.866,4.780,5.348,4.840,5.072,3.830
LEX00479,3.673,4.272,4.677,3.901,3.621,2.520,3.314,2.758,4.142,4.626,4.059,3.903,3.161
LEX00480,5.099,4.969,3.689,3.265,3.878,3.757,3.704,3.985,4.666,4.951,4.492,4.649,3.502
LEX00481,3.161,3.679,5.197,3.389,4.799,3.043,3.893,3.929,3.465,4.723,4.021,4.333,3.783
LEX00482,4.337,4.983,5.366,3.306,5.391,2.982,3.863,3.576,4.557,5.745,4.393,4.860,3.858
LEX00483,4.121,3.861,4.857,3.208,5.883,2.963,4.187,4.033,4.786,5.398,5.092,4.797,3.801
LEX00484,1.982,5.171,4.480,4.691,3.625,2.908,3.977,2.358,4.235,4.535,3.285,4.943,3.502
LEX00485,3.472,4.605,3.335,2.633,4.884,2.603,3.929,3.618,4.399,4.264,4.683,4.197,2.817
LEX00486,3.429,4.591,4.150,4.614,3.841,2.130,3.674,3.677,4.026,4.297,3.943,4.358,3.742
LEX00487,4.076,4.991,4.102,4.038,3.965,3.309,3.690,3.170,5.146,5.234,3.659,4.399,3.595
LEX00488,4.049,4.687,4.359,3.099,4.681,3.113,4.510,2.211,5.139,5.007,4.330,4.120,3.893
LEX00489,5.076,2.444,4.733,3.426,4.453,2.311,3.082,3.831,4.415,4.927,3.793,3.744,4.095
LEX00490,3.810,4.527,3.874,4.571,6.116,3.443,3.719,3.601,4.892,5.375,4.200,3.966,4.048
LEX00491,2.950,4.855,4.521,3.707,5.021,3.272,4.041,3.459,3.709,4.639,4.304,5.080,3.349
LEX00492,3.126,3.079,4.444,2.798,2.001,2.940,3.066,2.658,3.629,4.440,3.516,3.633,3.132
LEX00493,4.172,3.244,5.100,3.467,4.375,3.603,3.954,3.637,4.069,4.486,4.107,4.285,2.992
LEX00494,3.318,5.103,4.567,2.894,3.847,2.711,4.684,3.059,5.069,4.942,4.850,4.559,4.379
LEX00495,4.293,5.012,5.622,4.239,4.610,3.655,5.345,4.049,4.706,5.464,4.328,5.156,3.544
LEX00496,3.393,3.448,4.608,5.104,5.547,3.340,2.613,3.996,4.848,4.262,4.255,4.320,4.063
LEX00497,4.625,3.366,3.146,1.926,3.615,3.463,2.013,4.295,3.717,4.271,3.231,3.515,3.388
LEX00498,4.311,4.600,4.834,2.225,5.026,3.270,5.529,3.860,4.402,5.323,4.384,4.394,3.073
LEX00499,1.926,3.310,6.056,2.669,4.544,2.600,4.460,2.974,3.166,4.295,3.908,4.264,2.837
LEX00500,3.106,3.352,4.861,2.488,2.731,3.164,4.408,2.843,3.395,3.765,3.454,3.091,2.694
LEX00501,4.344,4.699,4.896,2.631,4.178,3.011,4.583,3.084,4.968,4.560,4.300,4.597,2.404
LEX00502,2.838,4.552,4.051,2.886,3.195,2.758,3.646,3.088,4.025,4.009,3.782,4.321,3.246
LEX00503,2.788,3.413,3.057,3.180,2.476,3.012,3.199,2.381,3.272,3.795,3.310,3.295,2.727
LEX00504,3.734,4.660,5.616,3.189,4.147,3.250,4.592,3.397,4.655,4.623,4.318,4.303,3.012
LEX00505,3.495,5.920,3.694,2.666,3.789,3.688,4.829,3.888,4.245,4.968,4.307,4.858,3.885
LEX00506,3.694,4.188,3.958,4.697,4.207,3.467,3.305,2.349,5.255,4.473,4.171,4.180,4.268
LEX00507,3.886,4.688,4.493,3.259,5.071,3.571,3.834,3.769,4.313,4.924,4.860,4.578,3.482
LEX00508,4.554,3.716,4.074,2.871,3.247,2.446,3.654,4.010,4.175,4.334,3.531,4.602,2.931
LEX00509,2.159,3.446,3.658,1.890,2.839,2.259,4.113,2.922,3.267,3.825,3.466,3.837,3.189
LEX00510,2.394,3.414,3.702,3.450,4.140,2.457,4.356,2.944,4.217,4.145,3.458,3.738,3.318
LEX00511,4.171,3.973,4.396,3.578,3.737,3.240,3.022,3.704,3.884,4.231,3.691,4.602,3.875
LEX00512,4.358,3.571,4.311,3.020,3.975,2.428,3.718,3.595,4.379,4.608,4.131,4.275,3.178
LEX00513,4.240,4.992,3.503,3.854,4.752,2.999,2.448,3.661,4.516,5.281,3.707,5.066,3.948
LEX00514,2.353,3.550,4.425,2.212,4.492,3.199,3.690,3.537,3.811,4.377,3.928,3.434,2.872
LEX00515,2.935,1.952,4.004,4.139,4.951,1.616,2.325,1.746,3.700,3.968,3.524,3.173,3.738
LEX00516,5.038,3.664,4.125,3.638,4.729,2.999,3.156,4.328,4.968,5.529,4.183,5.157,3.834
LEX00517,3.310,3.985,5.771,3.817,4.622,2.456,4.124,3.287,4.577,4.962,4.561,3.784,3.470
LEX00518,2.879,5.316,3.921,4.467,3.404,4.242,3.082,2.088,4.208,4.605,4.328,4.404,3.802
LEX00519,5.163,4.460,5.010,2.919,3.738,3.534,4.421,3.040,4.278,5.211,3.879,4.204,3.445
LEX00520,4.717,4.244,4.498,4.460,4.382,3.011,3.477,2.634,4.691,5.463,4.106,4.675,3.918
LEX00521,5.369,5.184,4.529,1.933,4.952,4.160,5.389,4.204,4.586,5.261,4.552,4.750,3.196
LEX00522,4.616,4.010,4.643,3.458,4.570,3.492,4.947,4.727,4.246,4.842,4.441,4.535,3.883
LEX00523,5.436,3.995,5.854,5.177,3.756,2.638,3.890,3.943,5.202,5.348,4.779,4.906,3.764
LEX00524,2.295,3.926,3.288,5.361,4.413,3.077,3.058,2.544,3.941,3.712,2.940,3.827,3.503
LEX00525,3.903,3.500,4.669,4.248,4.179,1.928,4.092,1.726,4.953,4.637,3.951,4.571,3.778
LEX00526,3.008,3.291,3.982,3.445,4.044,2.920,3.007,3.578,4.698,4.376,3.266,3.420,2.875
LEX00527,4.542,3.827,4.950,4.641,4.085,2.346,3.706,3.192,4.776,4.991,4.209,4.308,3.013
LEX00528,4.116,3.580,3.320,3.399,3.099,1.683,3.194,2.399,4.465,4.132,3.308,3.892,3.276
LEX00529,3.607,5.439,4.576,2.678,4.207,3.477,4.836,3.135,4.469,5.352,4.272,4.551,3.052
LEX00530,2.820,4.488,4.143,3.744,3.865,4.209,4.354,3.280,4.501,4.364,4.020,4.108,3.608
LEX00531,4.289,3.710,3.477,1.854,4.797,3.210,4.319,3.502,3.837,4.380,3.998,4.132,2.387
LEX00532,5.633,3.381,3.453,3.297,4.098,2.370,3.245,4.248,4.796,5.024,3.921,4.411,3.930
LEX00533,2.580,4.735,5.041,4.352,3.683,3.600,4.990,2.381,4.188,4.756,4.688,3.919,3.451
LEX00534,3.630,1.816,3.163,3.229,5.507,2.949,2.990,3.661,3.929,4.134,3.079,2.994,3.355
LEX00535,2.916,3.631,4.155,3.801,2.910,2.079,4.697,2.683,3.144,4.149,3.392,3.897,3.395
LEX00536,4.286,5.553,4.888,4.508,3.964,3.578,4.291,3.582,4.956,5.337,4.144,4.722,4.080
LEX00537,3.781,4.746,4.039,3.343,4.625,3.375,4.463,3.931,4.491,5.037,3.976,3.906,3.568
LEX00538,5.874,4.430,3.535,2.726,5.490,2.952,3.422,3.698,5.069,5.516,4.568,4.371,2.899
LEX00539,4.141,2.671,3.382,3.392,2.610,2.627,3.607,3.482,3.863,3.856,3.292,3.725,2.828
LEX00540,3.939,4.473,3.545,2.987,5.163,3.003,3.411,4.215,4.817,4.849,4.318,4.364,3.112
LEX00541,3.015,2.806,5.113,3.087,4.372,2.587,4.072,3.367,3.548,4.631,3.830,3.026,2.770
LEX00542,4.082,3.723,3.474,4.427,4.489,2.402,3.292,3.100,4.907,4.010,3.574,4.021,3.992
LEX00543,5.365,4.588,3.763,2.559,4.512,3.079,4.602,4.106,5.031,5.110,3.995,4.830,3.609
LEX00544,3.937,3.846,3.456,4.463,3.863,2.723,2.836,3.506,4.514,4.553,3.415,3.842,3.321
LEX00545,3.038,3.981,5.004,3.904,3.586,3.036,3.725,2.792,3.417,4.410,3.667,4.180,4.113
LEX00546,3.580,4.861,5.177,3.547,4.700,3.849,4.214,3.277,4.409,4.820,4.476,4.554,3.569
LEX00547,4.547,3.356,5.159,3.816,3.516,2.601,3.621,3.058,3.929,5.006,4.193,4.237,2.943
LEX00548,3.788,3.376,4.689,4.612,2.068,3.250,3.497,2.843,4.010,4.017,3.596,4.013,3.352
LEX00549,3.228,4.718,5.028,3.581,3.298,2.919,5.056,3.025,4.630,4.106,4.339,4.795,3.754
LEX00550,4.558,4.506,3.729,4.897,4.754,2.216,3.324,3.774,5.555,5.038,3.495,4.587,3.092
LEX00551,5.907,4.235,3.918,4.014,5.694,2.860,4.055,4.957,4.729,5.684,5.165,4.139,3.731
LEX00552,4.086,4.247,4.816,2.947,3.787,3.051,3.885,3.820,4.321,4.608,4.242,4.517,3.076
LEX00553,3.870,4.544,4.508,4.229,4.607,3.704,4.237,2.272,4.911,4.470,4.244,4.419,4.020
LEX00554,3.193,3.799,4.037,4.802,3.700,2.679,2.512,3.154,4.279,4.292,3.412,4.274,3.092
LEX00555,3.300,6.282,5.378,4.447,4.741,3.722,4.539,2.986,5.444,4.828,4.132,5.390,4.332
LEX00556,4.723,3.988,2.574,3.429,4.773,3.028,3.828,4.539,4.428,4.288,4.316,3.414,3.458
LEX00557,5.498,6.207,3.083,4.254,4.252,3.998,4.075,3.876,5.442,5.277,4.578,4.193,4.051
LEX00558,4.840,3.606,5.412,3.983,5.862,3.078,4.730,3.965,4.983,5.097,4.910,3.527,3.771
LEX00559,3.414,4.264,4.438,2.414,4.607,3.234,3.757,3.316,4.116,4.969,4.258,3.917,3.015
LEX00560,4.158,5.009,3.690,4.387,2.766,2.901,4.179,2.881,4.487,4.447,3.612,5.196,4.257
LEX00561,3.908,4.208,4.200,2.964,5.181,3.694,3.785,4.698,4.551,4.434,4.434,4.263,3.105
LEX00562,6.456,3.374,3.445,1.555,4.793,2.963,2.741,3.936,4.905,4.827,4.576,3.686,3.232
LEX00563,4.129,4.886,4.115,3.142,3.394,3.970,3.924,3.297,4.288,4.800,4.257,4.480,3.488
LEX00564,4.448,4.001,6.037,5.807,4.836,3.116,4.665,3.785,5.059,5.236,4.335,4.864,4.245
LEX00565,4.222,5.630,4.643,3.039,4.844,3.577,4.624,4.042,4.622,5.559,4.152,4.581,4.002
LEX00566,3.943,4.265,3.400,2.415,3.912,2.986,2.360,3.003,4.558,4.493,3.123,3.904,2.954
LEX00567,4.529,3.754,4.574,4.590,2.973,3.462,3.902,3.570,4.950,4.482,3.645,4.409,4.040
LEX00568,3.620,3.497,3.850,3.467,4.218,3.399,3.571,3.268,4.161,4.415,3.930,3.710,3.135
LEX00569,4.241,5.070,4.471,4.416,2.221,3.424,3.601,3.300,4.481,4.497,4.176,4.508,2.859
LEX00570,5.229,6.040,4.939,2.741,4.769,4.184,4.376,3.296,4.885,5.974,5.114,5.424,3.222
LEX00571,4.144,3.547,4.120,2.007,5.115,3.340,4.087,3.321,4.206,4.413,4.354,4.013,2.711
LEX00572,4.498,3.203,4.365,2.016,4.291,4.056,3.348,4.224,3.882,4.593,4.134,4.609,3.815
LEX00573,4.536,3.389,4.980,4.055,3.384,2.538,3.725,4.366,4.622,4.400,4.577,4.455,3.070
LEX00574,4.345,3.901,4.101,4.098,4.889,2.723,4.002,3.384,4.967,5.439,3.944,3.054,3.054
LEX00575,4.662,2.445,4.704,2.742,3.312,2.924,3.695,3.912,3.691,4.432,3.564,3.863,2.966
LEX00576,4.903,4.255,6.559,3.992,3.771,3.597,5.501,4.172,4.998,5.068,4.171,5.479,4.555
LEX00577,2.949,3.755,2.298,3.659,3.481,2.470,2.926,3.182,3.727,2.910,3.347,3.553,3.211
LEX00578,5.229,3.824,5.117,3.819,3.155,3.155,3.284,3.695,4.280,4.184,3.544,4.040,3.622
LEX00579,4.418,4.667,2.894,2.757,4.283,2.984,3.489,3.348,4.446,4.792,4.476,3.279,2.327
LEX00580,2.599,4.266,5.197,4.509,3.934,3.357,4.045,2.443,4.549,4.694,4.068,4.405,4.019
LEX00581,4.221,3.767,4.955,3.227,4.467,2.992,3.525,3.422,4.376,4.792,4.116,4.174,3.409
LEX00582,2.936,3.550,4.612,3.194,3.711,3.210,4.161,2.873,4.064,4.718,3.987,3.640,2.873
LEX00583,5.098,5.188,4.175,5.667,2.364,2.233,3.666,2.285,4.725,4.431,4.192,4.791,3.622
LEX00584,3.253,2.681,2.906,3.436,3.855,2.487,2.751,2.885,3.688,3.758,3.435,3.465,3.615
LEX00585,4.155,3.563,4.395,4.092,4.698,2.732,3.615,3.283,4.962,4.350,3.991,4.010,3.856
LEX00586,3.357,3.813,5.333,4.341,4.515,3.552,4.065,3.759,4.010,4.773,4.171,4.579,3.911
LEX00587,3.900,5.092,3.749,3.185,4.516,3.682,3.716,2.851,4.628,5.182,4.364,4.847,3.067
LEX00588,4.732,3.952,4.596,2.764,5.016,2.737,3.796,4.268,4.182,4.055,4.559,3.794,2.766
LEX00589,4.237,2.426,4.117,2.615,4.550,2.743,2.290,3.843,4.140,3.972,3.754,3.111,2.725
LEX00590,4.044,5.437,5.631,3.186,4.930,4.194,4.882,4.013,4.988,5.448,4.837,4.425,3.892
LEX00591,3.813,4.252,3.512,1.904,4.343,3.177,3.703,3.550,3.935,4.357,4.568,3.900,2.709
LEX00592,4.646,4.950,5.411,4.137,4.056,4.070,4.704,3.470,4.741,5.338,5.090,4.570,4.172
LEX00593,3.128,3.535,3.875,1.478,3.519,3.273,3.288,2.489,3.393,3.654,3.664,3.866,2.335
LEX00594,3.429,3.705,4.487,5.131,3.613,1.932,3.092,3.081,3.945,4.003,3.794,3.901,3.140
LEX00595,3.715,4.388,4.456,4.971,4.340,2.939,4.168,2.675,4.217,4.657,3.799,3.642,3.096
LEX00596,4.785,3.013,4.773,3.076,4.394,3.498,4.207,4.164,4.305,4.023,3.788,4.507,3.841
LEX00597,3.560,3.522,3.353,3.582,4.321,2.878,3.166,4.662,4.825,4.259,3.967,3.370,3.369
LEX00598,4.922,6.063,4.790,2.752,5.713,3.451,4.309,5.137,4.658,5.302,4.981,5.394,3.291
LEX00599,4.091,3.897,5.050,3.444,4.749,2.703,4.099,3.014,4.698,4.682,4.279,4.575,3.309
LEX00600,3.159,2.702,3.902,1.655,5.020,3.654,3.126,2.827,3.557,4.287,3.659,3.554,3.270
LEX00601,4.773,4.020,5.060,2.505,5.086,3.580,5.061,3.092,4.447,4.976,4.117,4.917,3.417
LEX00602,2.370,3.983,3.901,4.399,3.152,3.429,3.553,2.198,3.695,3.923,3.357,3.449,2.765
LEX00603,4.131,4.580,4.179,3.073,3.342,2.893,3.077,3.580,4.081,4.421,4.130,4.104,3.158
LEX00604,3.674,4.352,3.776,4.219,4.354,2.898,4.380,2.776,4.494,4.542,3.351,4.052,3.383
LEX00605,4.234,3.651,4.775,3.152,4.351,3.417,3.812,2.893,4.360,4.447,3.810,3.451,2.929
LEX00606,2.808,3.992,4.486,3.373,3.282,3.358,4.023,2.746,4.115,4.127,4.386,4.400,3.642
LEX00607,3.287,3.346,4.205,3.310,3.457,2.298,3.407,2.222,3.764,4.832,3.290,3.731,2.997
LEX00608,3.541,2.895,4.369,3.097,5.152,1.774,3.957,2.780,3.904,4.344,3.975,3.999,4.212
LEX00609,3.168,3.692,4.566,1.839,4.481,3.942,4.937,3.401,3.906,5.058,4.411,3.946,2.922
LEX00610,4.185,3.234,3.557,3.006,4.079,3.074,3.692,3.114,4.360,4.755,3.643,3.687,3.381
LEX00611,3.192,4.679,3.837,3.538,4.629,2.877,4.259,3.641,4.445,4.457,3.991,4.072,3.206
LEX00612,5.058,3.019,4.448,2.816,3.738,3.290,2.790,3.607,3.775,4.228,3.472,3.984,2.522
LEX00613,4.079,3.017,3.851,3.329,4.004,3.129,3.598,3.785,4.177,4.355,3.114,3.046,2.970
LEX00614,3.972,3.150,3.771,3.770,3.319,3.437,3.162,2.621,4.329,4.117,3.508,3.132,3.082
LEX00615,4.452,3.896,4.663,3.464,4.107,2.069,4.655,4.508,4.818,4.386,4.452,4.874,3.948
LEX00616,5.151,4.715,3.690,3.940,5.331,3.232,3.800,4.064,5.341,5.239,4.778,4.011,3.222
LEX00617,2.697,4.603,3.275,4.800,4.359,2.448,2.379,2.809,4.405,3.963,3.956,3.457,3.019
LEX00618,4.042,4.247,4.751,2.437,4.712,3.246,4.423,3.879,4.040,4.417,4.714,4.455,2.876
LEX00619,4.174,4.657,4.888,4.433,4.178,3.566,4.169,3.433,5.083,5.043,3.914,5.312,4.092
LEX00620,3.903,5.541,4.376,4.752,3.823,3.643,3.794,2.945,4.477,4.972,4.167,4.606,3.659
LEX00621,3.506,4.869,4.259,2.755,4.747,3.156,3.446,3.131,4.658,4.808,4.039,4.461,3.537
LEX00622,4.136,4.154,3.573,2.458,4.321,3.081,3.077,3.201,4.411,4.396,3.685,3.956,2.901
LEX00623,4.964,5.016,4.513,3.041,4.256,4.252,4.581,3.992,4.896,4.843,4.407,4.329,3.787
LEX00624,3.935,3.805,4.484,2.226,4.873,2.496,3.688,3.561,4.448,4.829,4.061,4.148,2.728
LEX00625,3.789,5.339,4.936,3.738,2.179,2.987,3.784,2.043,3.630,4.847,4.972,4.332,3.450
LEX00626,3.048,2.593,4.657,2.889,2.272,1.731,3.285,2.456,3.229,4.026,3.275,3.716,2.382
LEX00627,2.988,4.839,2.834,4.882,3.905,3.052,3.550,3.029,4.523,4.195,3.161,4.136,4.116
LEX00628,3.575,4.152,3.970,2.594,2.672,3.142,2.627,2.399,4.359,4.490,3.685,3.873,2.607
LEX00629,3.336,4.679,4.248,3.303,2.874,3.295,3.661,3.389,4.199,4.131,4.781,4.001,3.839
LEX00630,3.539,4.515,4.659,5.219,4.202,3.913,4.619,3.012,4.429,4.572,3.844,4.180,3.695
LEX00631,2.789,2.814,4.391,2.650,2.894,2.497,2.334,2.815,3.450,3.808,3.465,3.602,2.752
LEX00632,3.655,4.582,3.935,3.769,5.180,2.512,2.661,3.413,5.280,5.005,3.687,4.038,2.929
LEX00633,3.804,5.619,3.781,2.916,3.424,4.219,3.939,3.193,4.435,4.726,4.285,4.416,3.550
LEX00634,3.256,4.611,5.242,3.269,4.940,3.521,4.886,3.288,4.699,5.124,4.382,5.067,4.054
LEX00635,5.003,1.863,5.475,4.724,3.135,2.088,3.637,3.125,4.216,4.708,2.855,3.880,3.587
LEX00636,4.351,3.158,3.567,3.799,3.241,3.046,3.243,3.281,4.408,4.122,4.254,3.868,3.171
LEX00637,3.390,4.661,5.306,3.985,4.611,3.614,4.172,3.559,4.335,5.158,4.186,4.671,4.265
LEX00638,4.145,5.209,5.015,1.927,4.073,3.586,4.170,3.782,4.693,5.070,4.937,4.807,3.480
LEX00639,3.449,5.637,5.691,3.820,4.151,2.924,5.554,2.267,4.983,4.622,4.850,4.833,3.387
LEX00640,3.018,4.919,3.310,3.829,3.443,3.239,2.900,2.299,4.277,4.281,4.147,4.285,3.237
LEX00641,3.271,3.193,3.770,4.565,2.946,3.042,3.696,3.552,4.135,4.162,3.556,4.353,3.060
LEX00642,4.220,4.469,4.269,3.920,5.583,3.122,3.102,4.144,5.173,4.684,4.555,3.814,3.670
LEX00643,5.477,4.771,4.116,2.696,4.765,3.683,2.965,4.220,5.284,5.348,4.443,5.145,3.912
LEX00644,5.208,4.955,4.145,5.172,3.997,2.846,3.667,2.638,5.425,4.513,4.311,4.772,3.729
LEX00645,5.076,3.142,4.035,3.353,4.338,2.564,3.365,3.804,4.963,4.793,4.423,3.971,3.333
LEX00646,2.742,5.444,4.688,2.994,4.015,3.384,4.799,3.263,4.139,4.780,4.404,4.597,3.736
LEX00647,5.029,4.162,3.469,3.832,3.816,2.980,3.688,3.585,5.098,4.771,3.590,3.907,2.805
LEX00648,3.396,4.187,4.830,3.898,3.147,2.707,4.718,3.257,4.512,4.469,3.720,4.664,4.634
LEX00649,4.098,4.543,3.966,3.604,5.357,2.980,3.239,4.191,4.013,4.747,4.101,4.132,3.639
LEX00650,4.273,4.290,4.350,3.671,5.753,3.260,4.131,4.302,4.714,5.448,4.790,4.252,3.760
LEX00651,6.083,4.314,4.240,2.173,5.514,2.568,4.079,5.194,4.330,6.023,4.592,4.808,3.682
LEX00652,5.560,2.686,3.813,2.829,3.358,1.736,4.014,3.634,4.224,4.810,3.710,4.186,3.103
LEX00653,4.437,3.984,4.052,4.169,3.536,3.006,3.324,2.845,4.757,4.552,4.545,4.315,3.289
LEX00654,2.935,3.243,3.687,3.006,3.802,2.710,3.923,2.190,3.394,4.441,3.802,3.514,2.491
LEX00655,3.682,5.114,2.901,4.738,3.071,3.309,2.965,2.564,4.636,4.458,4.266,4.305,3.876
LEX00656,3.272,5.095,4.239,2.757,2.051,3.792,3.125,2.829,3.760,4.339,4.352,4.928,3.025
LEX00657,5.759,5.556,4.076,5.081,5.339,3.708,3.860,4.351,6.028,5.423,4.227,4.485,4.238
LEX00658,2.661,4.779,3.321,3.993,3.457,3.649,3.136,2.287,4.355,4.192,3.730,4.439,2.958
LEX00659,4.160,5.022,4.581,2.078,3.445,3.480,3.901,3.161,4.117,4.969,4.606,4.869,3.553
LEX00660,4.087,3.855,5.921,2.681,3.673,3.659,4.880,3.623,4.405,4.525,4.365,3.931,3.072
LEX00661,4.754,5.023,4.346,2.413,4.520,3.986,3.515,4.239,4.567,5.906,4.033,4.604,3.178
LEX00662,3.924,3.399,4.196,3.444,3.121,2.645,2.833,2.892,4.157,4.183,3.540,3.758,3.195
LEX00663,3.629,3.885,3.871,3.831,2.751,3.024,2.819,2.723,4.394,3.668,3.712,4.164,3.828
LEX00664,5.894,5.463,5.664,3.337,4.263,4.425,4.679,4.352,5.357,6.472,5.046,5.228,3.595
LEX00665,4.023,5.167,4.678,3.353,3.501,3.634,4.508,3.936,3.807,4.747,4.276,4.378,3.463
LEX00666,4.156,4.183,4.233,4.332,5.655,3.476,4.134,4.016,4.487,5.028,3.924,4.132,3.664
LEX00667,4.613,3.656,4.816,4.258,3.353,2.284,4.207,3.672,5.022,4.457,3.793,4.311,3.257
LEX00668,3.003,3.926,3.930,2.661,3.576,2.571,4.225,3.239,4.440,4.088,3.199,3.947,2.839
LEX00669,3.531,4.881,3.417,2.794,3.070,3.101,4.459,2.869,3.883,3.636,4.262,5.255,3.846
LEX00670,4.190,4.444,4.820,4.178,3.616,3.567,4.770,3.880,4.289,4.372,3.898,4.456,3.808
LEX00671,6.082,4.605,4.167,3.346,4.130,3.454,3.925,4.490,5.227,5.405,4.418,4.620,3.624
LEX00672,4.997,3.706,5.638,4.306,4.293,3.080,4.276,3.467,4.874,4.868,4.167,4.585,3.684
LEX00673,2.880,3.901,4.041,4.118,4.236,2.900,3.528,3.047,4.487,4.218,3.564,3.594,3.813
LEX00674,3.783,3.344,3.480,3.109,4.412,2.519,4.172,3.081,4.868,4.160,4.246,3.900,3.898
LEX00675,4.241,4.550,3.772,2.936,3.229,3.415,2.902,4.223,4.373,4.521,3.636,4.613,3.463
LEX00676,3.236,5.073,4.374,3.064,3.543,3.005,4.178,2.578,4.365,5.041,3.994,4.801,3.238
LEX00677,3.768,3.514,3.507,2.377,3.662,2.855,3.167,3.332,3.362,4.180,3.576,4.054,3.188
LEX00678,3.008,3.267,4.730,1.829,4.254,3.115,3.430,3.539,3.511,4.449,4.423,3.462,3.515
LEX00679,2.886,4.021,3.123,3.823,3.579,2.770,3.044,2.602,4.236,4.379,3.209,2.771,3.034
LEX00680,2.935,3.296,3.823,2.590,5.026,2.048,3.388,3.709,3.766,4.315,3.860,3.016,2.558
LEX00681,1.727,3.235,4.437,2.752,4.187,2.251,3.492,2.667,3.215,3.670,3.552,3.202,3.289
LEX00682,3.132,4.842,4.718,3.105,3.816,4.915,3.927,2.998,4.350,5.209,4.304,3.950,3.827
LEX00683,2.524,4.184,3.559,3.353,2.764,3.455,3.428,2.888,4.138,3.669,3.064,4.283,3.681
LEX00684,4.303,3.703,3.000,4.468,3.736,3.392,3.842,2.355,4.176,4.620,3.627,3.248,3.020
LEX00685,4.158,4.349,6.437,2.720,4.685,4.263,4.599,3.855,4.265,5.178,4.469,4.692,3.211
LEX00686,5.203,3.734,3.499,2.874,5.278,2.746,3.541,4.554,5.082,4.721,4.139,4.032,2.689
LEX00687,3.918,5.158,4.899,3.560,3.981,2.988,5.101,3.090,4.792,5.088,4.908,4.868,3.621
LEX00688,4.395,4.592,5.387,3.544,3.767,3.153,4.812,2.965,4.429,4.112,4.813,4.638,3.377
LEX00689,4.653,3.909,3.668,2.747,3.910,3.012,3.530,3.812,4.533,4.431,3.824,4.201,3.012
LEX00690,3.407,4.339,3.234,1.892,4.244,2.829,3.021,3.723,3.928,4.190,4.074,4.278,3.370
LEX00691,3.744,4.012,5.824,2.792,3.114,3.374,3.657,2.856,3.757,5.030,4.429,4.523,2.947
LEX00692,3.329,4.657,4.231,2.346,2.937,2.495,3.685,3.199,4.225,4.630,4.015,4.728,3.265
LEX00693,3.637,4.214,3.562,2.926,3.013,3.204,4.367,2.892,4.501,3.933,3.503,4.249,3.841
LEX00694,3.035,4.594,3.397,4.097,3.053,3.403,3.144,2.815,4.000,4.303,3.642,3.999,3.344
LEX00695,4.455,3.664,3.094,3.771,3.518,2.557,3.345,3.449,4.571,4.456,3.135,4.078,3.601
LEX00696,4.950,3.994,4.104,3.231,3.555,2.682,4.286,4.116,4.662,4.441,4.167,3.587,3.323
LEX00697,3.899,4.420,4.072,4.678,3.389,2.719,3.614,2.989,4.505,4.653,4.614,4.176,3.619
LEX00698,5.478,2.136,3.684,3.883,4.266,2.770,3.259,3.550,4.247,3.713,3.542,3.684,3.663
LEX00699,3.615,5.089,3.864,2.028,4.183,3.511,4.424,3.091,3.702,4.641,4.250,4.515,2.906
LEX00700,4.206,3.545,3.917,2.706,5.302,2.352,3.461,4.199,4.457,5.011,3.974,4.256,3.743
LEX00701,3.098,4.467,4.960,3.059,4.689,3.349,5.102,2.296,4.358,5.189,4.383,4.507,3.749
LEX00702,5.057,4.656,3.714,3.235,5.692,3.813,3.744,4.075,4.684,5.116,4.114,3.823,3.928
LEX00703,3.358,3.630,4.718,3.813,3.758,2.776,3.392,2.718,4.005,4.149,4.145,4.605,4.273
LEX00704,4.041,4.267,3.749,2.124,4.505,4.012,3.833,3.438,4.519,4.712,3.961,3.899,3.004
LEX00705,3.760,4.175,6.355,5.852,3.400,4.056,4.254,2.306,5.264,4.671,4.396,4.693,3.968
LEX00706,4.265,2.590,4.476,3.539,2.870,2.218,3.595,2.216,3.355,4.430,3.549,4.149,3.684
LEX00707,4.194,4.698,3.411,3.620,4.448,2.549,3.714,3.868,4.749,4.868,4.638,4.070,3.313
LEX00708,3.913,3.867,4.204,2.998,3.288,3.335,3.475,2.629,3.860,4.540,4.182,4.198,3.158
LEX00709,5.060,4.051,3.205,3.095,3.790,2.650,2.615,3.567,4.547,4.426,3.890,4.764,2.901
LEX00710,3.951,3.454,4.259,3.748,5.202,2.644,3.519,3.008,4.870,4.090,3.772,3.910,3.100
LEX00711,5.775,5.309,4.845,4.161,4.251,3.330,4.751,3.181,5.508,5.879,5.286,4.539,3.224
LEX00712,3.231,2.948,3.767,4.518,4.437,2.602,3.893,2.754,4.382,4.062,3.907,3.855,3.329
LEX00713,5.333,3.710,2.357,3.166,5.036,2.310,3.292,4.027,4.857,4.567,3.822,4.133,3.885
LEX00714,3.143,4.191,3.761,2.591,5.865,3.370,3.131,3.782,4.066,4.979,4.564,4.638,2.643
LEX00715,3.862,5.009,4.521,2.928,4.910,3.622,5.589,3.381,4.513,5.570,5.172,5.103,4.043
LEX00716,4.092,4.787,4.928,3.850,4.755,3.024,4.344,3.700,5.078,5.282,4.275,5.160,3.708
LEX00717,3.482,5.254,4.320,2.919,5.081,4.065,3.514,3.760,4.136,5.138,4.041,3.963,3.260
LEX00718,3.912,5.493,4.209,3.374,4.429,3.993,4.364,3.259,4.520,5.417,4.303,4.298,3.351
LEX00719,3.257,5.348,4.156,3.990,4.502,3.646,3.041,2.945,4.867,5.294,4.267,3.895,3.591
LEX00720,4.518,2.575,3.767,2.700,3.942,3.852,3.192,3.527,4.178,4.245,3.401,3.867,3.444
LEX00721,3.626,4.632,4.893,4.607,3.674,3.730,4.602,3.402,4.755,4.869,3.924,4.243,3.784
LEX00722,3.970,3.585,3.490,3.730,5.176,2.722,3.241,4.016,4.444,4.483,4.203,3.214,3.531
LEX00723,4.710,4.688,3.447,2.200,5.360,3.367,2.973,4.648,4.048,5.049,4.409,4.071,3.410
LEX00724,3.872,3.670,5.534,2.706,4.662,3.557,4.726,3.337,4.367,4.956,4.402,4.542,2.503
LEX00725,2.747,4.120,4.716,2.988,4.021,4.017,4.412,3.600,3.538,4.606,4.406,3.922,3.759
LEX00726,3.235,2.799,4.270,2.685,4.481,3.213,4.284,3.945,3.725,3.819,3.366,3.494,3.049
LEX00727,3.670,4.824,3.840,3.012,3.217,3.383,3.739,3.045,4.411,4.213,3.778,4.357,2.524
LEX00728,4.523,3.569,4.015,3.467,5.125,2.991,3.720,4.440,4.030,4.493,3.815,3.899,3.466
LEX00729,3.551,4.075,4.926,2.683,2.927,2.340,3.680,2.664,3.759,4.135,4.170,4.849,2.743
LEX00730,3.313,4.957,4.537,3.928,4.234,3.903,3.945,2.947,4.623,4.457,3.900,4.472,3.655
LEX00731,4.000,3.454,4.247,2.800,4.357,3.817,2.926,3.629,4.320,4.341,3.550,4.417,3.098
LEX00732,3.210,3.929,4.095,2.666,4.488,3.361,3.663,3.511,4.588,4.470,3.811,3.724,3.301
LEX00733,3.353,3.820,4.460,2.273,3.384,3.583,3.450,3.419,3.970,4.483,3.825,3.441,3.593
LEX00734,3.766,3.625,4.049,4.648,4.042,2.409,4.621,3.822,4.645,3.605,4.063,3.784,3.238
LEX00735,3.224,4.014,4.648,4.642,3.130,3.317,3.324,2.044,4.673,4.851,4.204,3.587,3.577
LEX00736,4.816,5.256,5.004,2.762,4.800,3.812,5.195,3.989,4.451,5.473,5.038,4.820,3.636
LEX00737,3.306,4.126,4.385,2.057,3.401,3.445,4.123,3.449,3.397,4.244,4.226,4.441,3.715
LEX00738,3.982,3.930,4.567,3.252,5.014,2.818,3.980,3.907,4.385,4.635,3.862,4.354,3.104
LEX00739,3.692,5.483,4.962,2.942,3.969,4.126,4.377,3.576,3.899,5.169,4.628,4.255,3.037
LEX00740,2.785,3.803,4.628,2.682,2.999,2.918,3.808,2.961,4.082,4.385,4.191,4.370,3.331
LEX00741,3.231,3.746,2.695,3.116,4.136,3.299,3.173,2.663,3.866,4.356,3.129,3.171,2.789
LEX00742,3.423,4.073,5.052,2.490,3.840,3.620,4.329,2.286,4.387,4.959,3.995,4.072,2.863
LEX00743,2.801,3.946,4.998,4.180,3.761,3.853,4.319,2.615,3.864,4.399,3.555,3.871,4.422
LEX00744,5.757,3.732,4.800,4.345,4.744,3.139,3.949,3.944,5.497,4.964,4.604,4.689,3.719
LEX00745,4.265,4.367,2.807,3.351,4.559,3.069,3.536,3.772,4.963,4.770,3.982,5.263,4.280
LEX00746,3.130,4.681,4.482,3.327,4.708,3.074,4.369,3.169,4.660,4.776,3.737,4.257,3.613
LEX00747,2.741,3.965,3.187,2.850,4.166,2.737,2.862,2.301,4.351,3.543,3.608,3.265,2.736
LEX00748,3.423,5.131,3.707,4.039,2.051,3.574,3.695,3.223,4.203,4.495,3.650,4.363,3.202
LEX00749,2.072,4.754,3.543,3.635,3.876,2.991,3.917,2.293,4.045,4.313,3.891,3.421,2.802
LEX00750,4.561,4.764,3.758,4.046,4.145,3.277,3.014,3.313,4.483,4.744,3.933,4.730,4.490
LEX00751,3.697,3.763,3.303,3.528,4.012,2.515,4.372,4.082,4.025,4.381,3.511,3.896,3.405
LEX00752,3.572,3.634,3.519,3.332,4.551,2.999,3.569,3.135,4.108,5.190,3.709,3.250,3.304
LEX00753,3.833,4.486,4.886,3.488,5.787,2.981,3.687,2.753,4.697,5.187,4.996,4.356,3.463
LEX00754,3.776,3.509,5.648,4.008,3.805,3.173,5.038,2.868,4.214,4.391,3.922,4.399,3.792
LEX00755,3.187,4.995,3.534,3.316,4.840,3.433,3.899,2.683,4.277,4.490,3.718,3.999,3.610
LEX00756,5.243,3.612,4.857,2.539,4.476,2.410,3.828,4.053,4.099,5.122,4.890,4.191,3.800
LEX00757,4.010,4.035,3.660,4.455,4.110,2.899,4.442,3.313,4.204,4.405,3.470,3.761,3.200
LEX00758,4.043,4.718,5.091,3.754,2.796,3.283,4.718,3.231,4.043,5.039,3.924,4.420,3.119
LEX00759,3.627,3.968,5.032,1.503,4.501,2.615,4.679,3.907,3.898,5.073,4.444,4.082,3.047
LEX00760,3.890,5.153,4.323,3.210,3.770,3.112,3.378,3.429,4.815,4.905,3.786,3.982,3.420
LEX00761,4.616,4.215,5.889,4.543,4.715,3.536,4.529,3.030,4.803,5.154,4.288,4.718,3.960
LEX00762,5.463,5.646,5.059,2.295,3.512,4.568,4.369,4.224,4.672,5.337,5.204,4.795,3.781
LEX00763,4.179,4.495,4.297,2.450,4.395,3.365,3.888,3.775,4.273,4.835,4.048,4.913,3.662
LEX00764,4.134,4.506,3.227,3.120,2.802,3.425,4.088,3.172,3.908,4.505,4.077,4.312,3.323
LEX00765,2.440,3.463,4.407,1.855,2.821,2.376,3.995,2.824,3.475,4.147,3.514,4.026,2.840
LEX00766,4.796,4.039,2.578,3.339,5.598,2.948,2.883,3.788,4.903,4.986,3.852,3.408,3.526
LEX00767,3.787,5.054,4.889,2.195,4.337,4.130,4.243,2.248,4.167,4.956,4.532,4.336,3.167
LEX00768,3.646,4.235,5.020,1.582,4.576,3.647,3.539,3.464,3.535,4.758,4.407,4.431,2.973
LEX00769,5.212,3.587,4.905,3.312,5.284,3.131,3.966,3.556,4.743,5.631,4.672,4.525,3.347
LEX00770,4.170,3.206,5.262,3.198,5.273,3.323,4.039,3.976,4.577,4.436,4.317,3.911,3.872
LEX00771,3.980,3.864,5.594,2.465,4.448,2.984,4.198,3.986,4.460,5.091,4.568,4.697,3.004
LEX00772,4.950,4.574,4.221,3.398,4.094,2.827,3.461,4.242,4.863,4.637,3.837,4.013,3.641
LEX00773,3.768,2.600,3.283,2.709,3.893,2.599,2.753,3.322,3.646,4.477,3.731,3.959,3.161
LEX00774,5.236,5.454,2.879,2.536,4.613,3.068,4.000,4.455,4.665,5.085,4.575,5.128,3.761
LEX00775,3.715,3.031,3.224,3.334,2.785,2.128,2.554,2.537,3.443,4.014,3.364,3.429,3.317
LEX00776,5.285,3.018,4.555,3.380,5.544,2.545,3.700,3.586,4.646,5.247,4.477,4.423,3.574
LEX00777,4.022,4.022,4.349,3.604,4.041,2.789,4.524,4.336,4.211,4.705,4.561,4.140,3.081
LEX00778,2.687,2.420,3.699,4.143,4.286,2.172,2.556,3.128,4.141,3.755,3.263,2.948,3.067
LEX00779,5.902,3.901,5.046,2.326,5.555,3.373,5.045,3.866,4.199,5.248,5.336,4.975,3.572
LEX00780,3.386,4.798,3.475,4.133,2.918,3.588,3.002,2.512,4.277,4.476,4.233,3.817,3.066
LEX00781,4.632,5.603,5.594,2.441,3.642,4.505,5.253,3.953,4.324,5.895,4.431,4.887,3.359
LEX00782,4.840,3.402,1.825,3.200,4.190,2.334,2.328,3.359,4.375,4.278,3.447,3.889,3.793
LEX00783,5.004,4.772,4.305,3.353,4.640,3.239,4.606,4.062,4.266,5.040,4.590,4.688,3.728
LEX00784,3.530,3.638,4.268,3.648,4.120,2.626,3.172,3.318,4.308,4.520,3.861,4.534,3.191
LEX00785,4.179,4.670,5.049,4.276,3.980,2.854,4.492,3.398,5.175,4.669,4.188,4.525,3.876
LEX00786,4.634,3.104,3.886,1.966,5.898,2.691,3.333,4.176,4.379,4.882,4.151,3.770,2.312
LEX00787,3.848,3.565,4.995,4.547,4.145,3.673,4.575,2.896,4.758,4.138,4.111,4.011,2.909
LEX00788,2.926,4.243,4.995,2.894,4.976,3.720,4.163,3.625,4.628,4.138,4.280,4.709,2.968
LEX00789,3.776,3.115,4.293,3.076,5.279,2.916,3.373,3.598,4.263,5.076,3.493,3.812,3.238
LEX00790,3.784,2.896,2.530,2.783,2.633,2.231,2.206,2.522,3.275,3.167,3.121,3.274,3.138
LEX00791,3.899,4.574,5.127,3.321,4.723,3.280,4.145,3.318,4.526,5.108,4.063,4.904,3.684
LEX00792,3.826,3.169,3.859,2.530,4.770,1.723,2.079,3.341,4.305,4.825,4.043,4.232,3.461
LEX00793,2.849,3.728,4.988,3.579,3.829,2.995,4.306,2.079,3.881,4.342,3.374,4.011,3.902
LEX00794,4.195,4.253,5.316,3.311,3.495,3.253,4.855,3.311,4.078,4.167,4.240,4.975,4.403
LEX00795,4.568,4.134,3.645,2.511,5.099,2.002,4.010,4.960,4.333,4.556,3.805,4.149,3.162
LEX00796,3.566,4.006,4.176,2.541,3.413,3.059,3.865,3.507,4.233,4.074,3.800,3.472,2.996
LEX00797,5.004,4.259,4.478,3.625,4.270,2.578,3.513,3.883,4.941,5.080,4.555,4.037,2.735
LEX00798,3.245,3.359,3.833,3.655,3.562,2.110,3.426,3.004,3.821,4.309,3.729,3.718,4.029
LEX00799,4.171,4.647,4.845,3.483,3.652,3.465,4.192,2.761,4.141,4.897,4.382,4.720,4.008
LEX00800,3.291,5.133,6.131,1.819,5.259,5.149,4.885,3.863,4.778,5.510,4.784,4.555,3.290
LEX00801,5.022,4.716,4.718,4.727,4.897,2.500,4.617,4.424,5.135,5.747,3.690,4.668,4.153
LEX00802,3.667,2.071,3.815,2.234,3.879,1.942,3.491,2.631,3.711,4.080,3.826,3.222,3.032
LEX00803,3.947,4.142,3.007,2.593,4.410,3.344,2.872,3.843,4.331,4.269,3.720,3.543,3.155
LEX00804,3.894,5.666,5.856,3.127,5.706,4.393,4.682,4.560,4.372,5.654,4.764,4.891,3.927
LEX00805,4.657,4.315,5.048,4.124,3.511,2.266,4.067,3.688,4.802,5.126,4.201,4.118,4.050
LEX00806,4.649,4.345,3.990,4.477,3.935,2.951,3.453,3.352,4.590,4.798,4.701,3.840,3.529
LEX00807,4.378,4.386,4.921,2.773,4.586,3.248,3.911,3.397,3.898,4.800,4.514,4.340,3.315
LEX00808,4.978,4.207,3.870,2.268,5.110,2.696,3.538,4.195,4.150,4.352,4.193,3.881,2.904
LEX00809,3.390,3.741,4.814,4.584,3.599,2.491,3.644,3.076,4.330,4.590,4.259,4.135,3.382
LEX00810,4.584,3.653,4.994,2.821,5.009,2.961,3.750,4.473,4.920,4.789,4.059,4.485,3.436
LEX00811,3.052,3.916,5.239,5.146,4.178,3.088,3.383,1.928,4.308,4.711,3.940,3.772,3.290
LEX00812,3.533,5.028,4.516,2.966,3.305,2.656,4.505,3.374,4.289,4.730,4.134,4.817,3.496
LEX00813,4.707,2.715,2.971,3.413,3.512,2.429,1.325,4.374,4.336,3.579,3.633,3.647,3.597
LEX00814,3.953,4.935,5.106,2.763,3.475,3.463,3.569,3.301,4.348,4.690,4.621,4.291,3.316
LEX00815,3.956,4.216,3.714,3.484,4.353,2.983,2.141,4.451,5.112,4.976,3.890,3.832,2.942
LEX00816,4.092,3.088,3.911,4.380,4.052,2.514,3.144,2.929,4.989,4.262,3.805,3.512,2.503
LEX00817,3.379,5.164,4.106,3.202,3.598,3.038,3.680,3.574,4.700,4.435,4.051,3.913,3.087
LEX00818,4.384,3.839,3.321,5.718,4.193,2.557,2.935,3.172,5.312,4.509,3.529,3.678,3.323
LEX00819,4.072,2.812,4.567,4.136,4.023,2.711,3.557,4.081,4.209,4.654,4.136,3.845,3.178
LEX00820,5.127,4.328,3.514,2.688,2.918,4.152,3.725,3.763,4.143,4.614,4.150,4.546,3.023
LEX00821,2.607,3.676,4.332,3.276,4.082,3.087,2.916,2.748,3.780,4.139,3.821,4.180,3.665
LEX00822,4.180,4.495,6.364,1.995,4.680,2.723,5.192,3.434,4.205,5.585,4.782,4.728,2.937
LEX00823,4.440,4.309,4.065,3.270,2.702,2.895,3.990,3.188,4.400,4.715,4.008,3.956,3.111
LEX00824,4.312,4.059,3.679,2.424,3.651,3.265,3.687,3.483,3.726,4.894,3.842,4.215,3.519
LEX00825,5.598,3.375,3.864,4.163,4.737,2.658,3.335,4.059,5.492,4.848,3.714,4.124,4.298
LEX00826,3.165,4.461,3.364,2.891,3.300,2.804,3.606,3.209,4.294,4.260,3.744,3.401,3.659
LEX00827,2.360,3.023,5.087,3.419,4.203,3.318,3.936,2.805,3.870,4.467,3.213,3.244,2.548
LEX00828,4.255,4.497,5.195,4.152,4.060,3.304,5.036,3.164,4.813,5.158,4.130,4.305,3.743
LEX00829,3.851,4.897,5.353,2.593,5.430,3.082,4.595,2.860,4.498,5.409,4.298,4.771,3.889
LEX00830,3.508,3.210,3.342,3.999,3.578,3.296,3.485,3.362,3.832,3.753,3.133,2.858,3.541
LEX00831,3.294,4.340,4.520,3.822,4.585,2.763,4.372,3.354,4.190,4.939,3.604,4.808,3.283
LEX00832,3.676,5.381,4.690,2.888,5.146,3.488,4.075,3.519,4.177,4.886,4.074,4.599,4.308
LEX00833,3.483,3.992,4.894,1.724,3.112,2.305,4.174,3.098,3.253,4.320,4.196,4.507,2.900
LEX00834,2.836,3.257,2.804,1.616,5.440,2.506,3.224,3.914,3.293,4.403,3.148,2.881,3.043
LEX00835,4.021,5.264,5.163,2.758,4.543,4.362,3.625,2.831,4.987,4.426,4.496,4.783,3.764
LEX00836,3.885,5.233,3.419,4.346,4.626,3.135,3.894,3.547,5.276,4.856,4.001,4.234,3.486
LEX00837,4.396,4.204,4.997,3.334,5.270,3.026,2.880,3.712,4.780,5.434,4.571,4.112,3.514
LEX00838,5.014,3.085,6.052,3.616,4.061,3.218,4.268,3.767,5.071,5.769,4.235,4.298,3.412
LEX00839,4.192,3.060,4.980,2.430,5.077,3.619,4.599,3.763,4.434,4.863,3.966,4.117,2.953
LEX00840,4.728,4.697,3.869,3.983,4.595,2.955,3.948,4.363,5.060,5.031,4.249,4.600,3.356
LEX00841,4.216,5.477,3.748,2.680,3.717,4.220,4.370,3.558,4.968,4.533,4.693,4.605,3.205
LEX00842,5.323,4.553,3.795,3.803,3.888,3.602,3.379,3.698,4.779,4.611,5.003,4.744,3.302
LEX00843,4.755,3.891,4.060,3.335,1.723,2.892,3.653,3.218,4.416,3.934,4.188,3.736,3.143
LEX00844,4.380,4.658,2.838,2.115,5.926,2.864,3.143,4.201,4.943,4.905,4.290,4.526,3.359
LEX00845,3.830,3.980,3.701,1.490,4.532,2.626,3.626,3.883,4.277,4.388,4.032,3.841,3.104
LEX00846,3.756,3.438,3.875,3.583,4.526,3.673,2.651,3.546,4.485,4.426,3.837,3.997,3.555
LEX00847,4.158,4.043,2.961,3.688,4.638,3.335,3.463,3.167,4.855,4.217,3.729,3.858,3.848
LEX00848,3.430,3.436,4.643,4.187,3.111,2.619,3.668,2.505,4.215,4.320,3.293,3.856,3.120
LEX00849,4.040,3.237,4.379,3.229,5.174,2.833,2.994,3.027,3.938,4.588,4.202,4.377,3.738
LEX00850,3.522,3.227,4.992,3.826,4.362,3.183,3.161,3.334,5.023,4.035,3.536,3.548,2.513
LEX00851,4.481,4.790,5.027,3.456,3.171,3.440,4.133,2.566,4.202,4.908,4.115,4.755,3.636
LEX00852,4.089,4.194,2.831,2.495,3.635,2.596,3.927,3.213,4.080,4.054,3.462,4.366,3.340
LEX00853,4.474,4.137,3.676,1.942,3.916,3.163,3.685,3.113,4.335,4.680,4.356,4.579,2.312
LEX00854,4.907,2.454,3.547,3.336,5.070,2.660,3.231,3.752,4.988,4.519,4.185,3.717,2.973
LEX00855,4.090,3.969,3.068,3.823,4.721,2.441,3.154,4.149,4.200,4.637,3.652,4.351,3.433
LEX00856,2.944,3.630,4.785,3.352,4.995,3.148,4.783,2.517,4.123,4.637,4.103,4.692,3.311
LEX00857,5.443,5.418,4.186,3.450,3.737,3.415,4.271,4.268,5.179,5.357,4.724,5.148,3.368
LEX00858,4.441,3.836,2.987,3.354,4.039,2.906,3.045,3.965,4.883,4.827,3.840,4.096,3.607
LEX00859,2.732,5.294,5.499,4.199,3.372,3.094,3.590,3.536,3.624,4.659,4.206,5.297,3.696
LEX00860,2.865,3.691,2.744,3.989,3.402,3.042,3.005,2.251,4.449,4.213,2.546,3.442,3.476
LEX00861,4.179,4.663,5.128,4.457,3.994,2.495,5.166,2.898,4.497,4.731,4.036,4.605,3.404
LEX00862,4.660,4.219,4.335,4.388,4.284,2.713,4.027,4.018,5.185,4.644,3.960,4.035,3.534
LEX00863,5.443,4.527,4.865,4.005,5.291,2.700,4.010,3.920,5.604,5.170,4.576,4.734,3.995
LEX00864,3.811,4.629,5.299,3.330,5.237,2.816,3.998,4.416,4.648,5.260,5.074,4.722,4.152
LEX00865,3.811,4.194,4.752,2.900,4.650,3.124,4.392,3.962,4.061,4.993,4.514,4.584,2.926
LEX00866,4.755,3.969,4.411,3.462,3.740,3.036,3.719,3.877,3.917,4.597,4.258,4.862,3.384
LEX00867,4.302,5.535,5.016,3.222,3.900,3.844,5.165,3.802,4.328,5.111,4.112,4.489,3.490
LEX00868,3.986,2.947,3.126,2.883,4.316,2.230,3.286,3.637,4.125,4.174,3.691,3.236,2.622
LEX00869,4.151,5.359,3.335,3.995,4.007,3.702,3.556,3.345,5.408,5.367,4.202,5.041,3.522
LEX00870,2.860,3.435,3.136,2.689,2.912,2.236,2.106,2.408,3.480,3.861,3.408,3.162,2.739
LEX00871,3.475,3.784,2.782,4.313,4.279,3.290,3.450,2.535,4.314,3.837,3.503,3.314,2.679
LEX00872,5.346,3.612,3.647,1.272,4.160,2.457,4.539,4.513,4.036,4.424,4.591,4.695,3.688
LEX00873,5.384,3.423,5.333,2.090,2.898,3.488,3.786,3.981,3.949,3.920,4.727,4.457,3.239
LEX00874,4.366,4.064,3.506,4.165,5.134,2.708,3.539,3.081,4.813,4.946,4.477,4.227,3.445
LEX00875,4.995,4.189,4.449,2.831,4.690,3.067,3.879,3.798,4.211,4.976,4.076,4.180,2.765
LEX00876,4.320,4.989,4.728,3.442,3.641,3.563,3.951,4.642,4.933,4.419,5.032,5.322,3.928
LEX00877,3.626,4.601,4.321,4.549,5.000,3.294,3.193,3.274,4.381,4.833,3.515,4.951,4.175
LEX00878,4.455,4.936,4.023,2.514,4.790,2.901,3.711,3.828,4.736,4.865,5.447,4.614,2.975
LEX00879,5.063,2.804,4.535,2.995,5.231,2.783,3.589,4.323,4.857,5.093,4.205,4.029,2.440
LEX00880,5.422,3.256,2.716,2.303,5.566,2.250,3.089,4.080,4.718,4.384,4.255,3.609,2.834
LEX00881,3.548,3.923,4.587,4.947,4.247,2.765,3.335,3.255,4.737,4.051,3.740,3.946,3.752
LEX00882,3.360,2.959,2.700,2.374,4.932,2.522,3.035,3.516,3.744,3.740,3.472,3.090,2.517
LEX00883,4.086,6.021,4.669,2.977,3.880,3.552,4.137,2.942,4.786,4.795,4.407,5.399,3.355
LEX00884,4.761,2.687,4.643,3.451,4.229,4.002,3.117,3.977,4.743,4.344,4.348,3.618,3.845
LEX00885,2.563,4.966,4.423,4.008,3.993,3.439,3.643,2.787,4.125,4.655,4.169,3.787,3.078
LEX00886,2.444,3.199,4.920,3.138,3.894,2.117,4.054,2.822,3.419,3.818,3.072,3.432,3.455
LEX00887,4.553,4.504,4.665,2.044,3.229,3.485,4.426,3.689,4.173,5.246,4.212,4.532,3.084
LEX00888,2.628,4.259,4.623,3.509,5.281,2.799,5.035,2.997,4.558,4.196,4.166,3.699,2.886
LEX00889,3.458,3.859,3.698,2.358,3.149,2.636,3.166,3.056,3.617,3.806,3.656,4.049,2.618
LEX00890,4.860,5.968,5.600,4.876,4.200,3.907,4.855,3.803,4.861,6.059,4.668,4.761,4.097
LEX00891,3.870,2.979,3.506,3.146,3.768,2.577,3.489,4.884,3.889,3.889,3.407,3.637,3.584
LEX00892,2.415,3.421,4.711,2.122,5.059,3.043,4.512,3.037,3.357,4.198,3.860,3.873,3.133
LEX00893,4.442,5.415,2.886,2.723,3.124,3.468,4.076,3.379,4.011,4.659,4.171,4.290,2.977
LEX00894,4.133,4.220,4.210,4.686,3.918,3.814,3.766,3.550,4.493,4.317,3.827,4.014,3.120
LEX00895,3.869,5.501,5.027,3.300,4.210,3.737,3.648,3.245,5.660,5.137,3.938,4.948,3.952
LEX00896,2.964,4.710,4.961,3.227,3.330,2.897,3.971,2.575,4.199,4.669,4.375,4.412,2.802
LEX00897,3.558,4.582,5.841,3.271,4.645,4.021,4.802,3.292,4.663,4.543,4.055,4.973,3.924
LEX00898,2.997,4.394,4.364,4.034,2.799,2.657,3.436,2.998,4.029,4.030,3.758,4.337,3.205
LEX00899,2.454,3.265,5.185,1.671,4.683,2.689,4.132,2.919,4.202,3.951,4.188,3.341,2.278
LEX00900,4.749,4.515,4.267,3.754,4.860,3.427,3.190,3.349,5.079,4.772,4.294,4.391,3.355
