participant_id,clinical_context,negative_affectivity,detachment,antagonism,disinhibition,psychoticism,anankastia,identity_impairment,self_direction_impairment,empathy_impairment,intimacy_impairment,self_functioning_impairment,interpersonal_functioning_impairment,functioning_impairment,maladaptive_trait_burden,severity_trait_interaction,rigidity,pervasiveness,contextual_stress,perceived_support,clinical_severity,clinical_liability,threshold_zone_indicator
MP0001,low_stress_high_support,4.089,1.943,2.921,2.449,1.775,2.414,3.876,3.457,2.199,3.048,3.694,2.581,3.109,2.598,1.154,3.282,1.936,2.363,3.792,3.116,2.767,2.708
MP0002,low_stress_high_support,4.365,3.250,2.456,3.233,3.479,2.591,3.450,2.862,3.225,3.272,3.078,3.253,3.257,3.229,1.503,3.859,2.532,2.498,3.964,3.152,3.453,2.780
MP0003,low_stress_high_support,4.015,2.835,2.528,2.749,2.353,2.359,3.599,2.747,3.026,3.122,3.152,3.196,3.170,2.806,1.271,3.301,2.314,2.071,3.945,2.696,2.758,2.794
MP0004,low_stress_high_support,5.014,3.244,3.231,3.364,2.274,3.339,4.297,4.149,3.074,2.883,4.287,2.867,3.531,3.411,1.721,3.866,2.732,2.982,3.953,3.503,3.603,3.673
MP0005,low_stress_high_support,3.607,2.573,2.423,3.126,3.553,2.476,3.573,2.705,2.700,2.473,3.215,2.501,2.874,2.960,1.215,3.329,2.319,2.369,4.392,2.727,3.006,2.825
MP0006,low_stress_high_support,3.681,3.135,2.564,2.801,2.598,3.078,3.391,4.062,3.086,2.259,3.665,2.636,3.139,2.976,1.334,3.660,2.457,2.318,3.701,3.302,3.148,3.289
MP0007,low_stress_high_support,4.066,2.989,2.861,3.123,3.105,2.450,3.160,3.231,2.820,2.529,3.264,2.664,2.930,3.099,1.297,2.689,1.941,2.435,3.666,2.806,2.600,2.523
MP0008,low_stress_high_support,3.813,2.949,2.859,2.559,2.376,2.169,3.562,3.070,2.398,3.237,3.329,2.866,3.069,2.788,1.222,2.758,1.611,3.382,3.644,3.137,2.897,2.909
MP0009,low_stress_high_support,3.611,5.424,4.330,4.757,3.132,3.334,3.437,3.756,3.291,3.329,3.543,3.345,3.505,4.098,2.052,4.132,2.628,1.869,3.005,3.538,3.209,3.099
MP0010,low_stress_high_support,2.058,3.795,2.554,2.088,2.045,2.003,2.509,2.640,1.991,2.061,2.563,2.081,2.346,2.424,0.812,2.420,1.934,2.253,3.173,2.588,2.653,2.031
MP0011,low_stress_high_support,3.128,4.865,3.620,3.307,3.362,2.951,3.811,3.639,3.956,3.707,3.531,3.868,3.627,3.539,1.833,4.231,2.218,2.448,3.351,3.872,3.682,3.343
MP0012,low_stress_high_support,3.695,4.695,2.472,2.986,3.542,2.881,3.753,2.926,3.311,3.128,3.370,3.083,3.273,3.379,1.580,3.467,1.899,2.572,3.848,3.591,3.065,3.597
MP0013,low_stress_high_support,2.703,4.409,3.110,2.425,2.428,2.675,2.947,2.807,3.855,2.586,2.910,3.034,3.058,2.958,1.292,3.428,1.965,2.562,4.126,3.146,3.030,2.864
MP0014,low_stress_high_support,3.363,4.128,3.355,3.388,3.730,2.858,3.767,2.992,3.607,3.094,3.409,3.371,3.321,3.470,1.646,3.568,2.086,2.212,3.344,3.421,3.142,3.215
MP0015,low_stress_high_support,3.184,3.842,2.987,2.511,3.143,3.410,3.633,3.474,2.793,3.143,3.623,3.145,3.417,3.180,1.552,3.335,2.450,2.608,3.709,3.747,2.956,2.965
MP0016,low_stress_high_support,4.636,5.210,2.910,3.129,4.213,4.125,4.589,4.126,3.985,4.178,4.456,4.073,4.299,4.037,2.480,4.839,2.692,3.283,3.109,4.571,4.126,3.607
MP0017,low_stress_high_support,2.777,2.918,4.250,2.533,2.871,2.215,3.100,3.156,3.519,3.144,3.223,3.302,3.213,2.927,1.344,2.651,2.576,2.192,4.282,2.359,2.916,2.373
MP0018,low_stress_high_support,3.214,2.888,4.058,3.780,3.190,3.241,4.050,3.784,2.385,2.801,4.016,2.732,3.445,3.395,1.671,4.524,1.924,3.202,3.826,3.486,3.520,3.148
MP0019,low_stress_high_support,3.148,2.401,4.279,3.135,2.481,2.557,3.611,3.770,2.673,2.806,3.708,2.862,3.272,3.000,1.403,3.796,1.924,1.646,4.055,3.692,3.180,3.052
MP0020,low_stress_high_support,2.140,2.881,3.424,3.227,1.977,2.556,3.349,3.037,2.882,3.202,3.219,3.167,3.263,2.701,1.259,3.341,2.730,2.744,3.292,3.492,3.255,2.644
MP0021,low_stress_high_support,3.406,3.215,4.157,3.315,2.189,2.589,3.439,3.659,2.944,3.304,3.541,3.080,3.255,3.145,1.462,3.234,2.521,2.450,3.203,2.823,3.232,2.863
MP0022,low_stress_high_support,1.688,2.029,3.917,3.450,2.742,2.530,2.820,3.347,3.184,3.155,3.129,3.112,3.028,2.726,1.179,3.865,1.833,1.782,3.901,2.915,2.481,2.748
MP0023,low_stress_high_support,3.255,2.381,5.036,3.664,2.866,3.338,3.322,3.316,3.230,3.293,3.429,3.169,3.388,3.423,1.657,3.963,2.915,2.521,3.920,2.849,3.267,3.239
MP0024,low_stress_high_support,2.863,3.254,3.718,3.435,3.056,2.844,2.702,3.545,2.732,3.065,3.093,2.993,2.987,3.195,1.363,3.975,2.292,2.607,4.075,3.125,3.011,3.132
MP0025,low_stress_high_support,2.223,2.758,3.160,4.445,4.358,2.702,3.226,3.764,2.874,3.018,3.623,2.991,3.270,3.274,1.530,2.914,2.015,1.914,3.324,3.178,2.918,2.835
MP0026,low_stress_high_support,2.879,2.880,2.883,3.232,2.703,2.220,2.773,2.855,3.286,2.970,2.892,2.980,2.776,2.800,1.110,3.234,2.650,2.280,3.488,3.096,3.032,3.866
MP0027,low_stress_high_support,3.045,1.484,3.677,3.820,2.013,2.490,3.595,2.754,2.462,3.199,3.165,2.764,2.940,2.755,1.157,2.691,1.853,2.037,4.240,2.628,2.784,2.583
MP0028,low_stress_high_support,3.189,3.001,2.873,4.913,3.060,2.454,3.569,3.426,3.024,2.564,3.377,2.961,3.076,3.248,1.427,3.835,3.179,2.726,3.680,3.749,3.067,3.435
MP0029,low_stress_high_support,3.455,3.299,3.258,4.585,2.733,2.669,3.465,3.796,3.044,2.923,3.666,2.942,3.337,3.333,1.589,3.185,2.257,1.634,4.430,3.703,3.063,2.623
MP0030,low_stress_high_support,3.227,2.365,2.887,4.309,3.207,2.787,3.478,3.495,2.552,2.991,3.717,2.707,3.064,3.130,1.370,3.311,2.276,3.130,3.850,3.073,2.979,2.503
MP0031,low_stress_high_support,2.930,2.986,2.756,4.031,3.120,2.492,3.256,3.053,2.715,2.863,3.075,2.778,3.125,3.052,1.363,2.356,1.631,2.311,4.838,2.783,2.625,2.823
MP0032,low_stress_high_support,2.253,2.901,2.907,3.254,2.469,2.613,3.306,3.201,3.469,1.723,3.326,2.521,2.936,2.733,1.146,3.477,2.255,2.389,4.219,3.549,2.827,3.483
MP0033,low_stress_high_support,1.873,2.766,2.486,2.558,3.754,2.736,2.636,2.656,2.515,2.567,2.718,2.554,2.615,2.696,1.007,2.565,2.212,1.807,4.680,2.633,2.723,2.883
MP0034,low_stress_high_support,2.777,3.554,2.363,2.862,3.723,2.729,3.496,2.852,2.837,3.328,3.241,2.955,2.981,3.001,1.278,3.360,2.686,2.276,3.662,3.072,3.090,2.772
MP0035,low_stress_high_support,2.650,3.034,1.903,2.821,3.868,2.267,2.605,2.768,2.567,2.375,2.610,2.584,2.388,2.757,0.940,2.731,2.637,2.180,4.669,2.550,2.356,2.129
MP0036,low_stress_high_support,2.448,2.848,2.272,3.375,3.043,2.390,2.652,2.966,2.903,2.165,2.818,2.570,2.724,2.729,1.062,2.447,1.861,2.013,4.316,2.377,2.790,2.297
MP0037,low_stress_high_support,2.737,2.933,2.393,3.272,4.163,3.153,2.695,3.029,2.906,2.617,2.809,2.743,2.863,3.108,1.271,3.129,2.420,1.891,4.098,2.456,2.925,3.149
MP0038,low_stress_high_support,2.217,2.770,1.963,1.554,3.293,2.406,3.316,2.764,2.400,2.160,3.046,2.246,2.617,2.367,0.885,3.209,1.986,2.601,4.262,3.174,2.499,2.199
MP0039,low_stress_high_support,3.616,2.763,2.658,3.325,4.499,3.006,3.743,4.124,2.586,3.146,3.818,2.801,3.297,3.311,1.559,3.431,2.574,2.693,4.801,3.340,3.367,3.081
MP0040,low_stress_high_support,3.265,4.274,3.570,3.329,4.887,3.102,3.689,2.905,3.149,3.901,3.377,3.513,3.391,3.738,1.811,4.440,2.848,2.272,3.425,3.967,3.417,3.401
MP0041,low_stress_high_support,2.917,3.167,2.250,2.142,2.006,3.999,2.955,3.480,2.286,3.467,3.202,3.040,3.216,2.747,1.262,3.519,2.102,2.381,3.562,3.263,3.121,3.131
MP0042,low_stress_high_support,2.612,2.450,3.235,2.026,2.729,3.736,2.635,2.147,2.906,2.781,2.448,2.870,2.754,2.798,1.101,2.775,2.161,2.534,4.128,2.563,2.448,2.790
MP0043,low_stress_high_support,2.495,2.340,1.926,1.361,3.076,3.628,2.989,2.352,2.990,2.671,2.720,2.779,2.801,2.471,0.989,2.853,1.783,1.857,3.912,3.059,2.530,3.324
MP0044,low_stress_high_support,2.024,2.816,1.615,1.149,1.844,2.720,2.384,2.825,1.950,2.882,2.506,2.375,2.396,2.028,0.694,1.996,1.127,2.041,3.574,2.437,1.994,3.164
MP0045,low_stress_high_support,3.094,3.037,2.370,2.998,2.932,3.079,2.928,3.264,3.263,2.818,3.023,3.237,3.161,2.918,1.318,3.430,2.208,2.958,3.823,2.531,3.275,2.667
MP0046,low_stress_high_support,3.488,2.952,2.646,2.857,2.327,4.966,3.709,4.343,2.822,3.363,3.930,2.873,3.400,3.206,1.557,4.384,3.121,2.489,3.536,3.275,3.395,3.095
MP0047,low_stress_high_support,3.215,1.588,2.029,2.239,2.015,4.152,3.268,2.346,1.261,3.032,2.793,2.143,2.532,2.540,0.919,2.887,1.858,2.610,3.935,2.304,2.656,2.755
MP0048,low_stress_high_support,2.236,2.618,2.523,2.753,2.417,4.177,2.843,3.887,2.857,2.266,3.458,2.539,3.015,2.787,1.201,3.524,2.676,2.370,4.245,3.094,2.975,3.284
MP0049,low_stress_high_support,3.537,3.954,3.596,3.282,2.588,3.555,3.671,3.344,3.320,2.510,3.471,2.966,3.023,3.419,1.476,3.446,2.504,1.693,3.813,3.158,2.987,3.175
MP0050,low_stress_high_support,3.081,2.408,2.711,3.629,2.853,2.401,3.577,3.323,3.037,2.435,3.467,2.797,3.092,2.847,1.258,3.687,2.155,3.074,4.218,3.445,3.082,3.061
MP0051,low_stress_high_support,2.769,2.608,2.588,2.591,2.274,3.011,2.374,2.678,3.077,2.937,2.520,2.970,2.709,2.640,1.022,3.270,2.352,2.637,3.745,3.003,2.867,2.673
MP0052,low_stress_high_support,3.669,3.728,3.150,3.083,3.047,2.711,3.614,3.011,3.038,3.280,3.507,2.991,3.315,3.231,1.530,3.189,2.510,2.759,3.718,3.145,3.354,3.408
MP0053,low_stress_high_support,3.578,2.591,3.513,3.612,2.522,4.024,2.769,3.343,3.637,3.050,3.088,3.299,3.260,3.307,1.540,4.029,2.309,2.725,4.019,3.352,3.291,3.445
MP0054,low_stress_high_support,4.767,4.573,3.604,3.385,2.760,3.336,3.674,3.692,3.525,4.650,3.663,4.116,3.737,3.737,1.995,4.369,2.194,3.469,3.508,3.721,3.281,3.316
MP0055,low_stress_high_support,3.308,2.510,3.521,3.549,3.339,3.527,2.850,2.600,3.298,2.585,2.544,3.036,2.776,3.292,1.306,3.656,2.505,2.304,4.078,3.563,2.982,2.944
MP0056,low_stress_high_support,3.243,3.285,3.889,3.077,2.492,2.423,3.454,3.308,3.728,3.635,3.445,3.824,3.551,3.068,1.556,2.980,2.080,2.805,3.938,3.337,3.085,2.743
MP0057,developmental_adversity,5.476,5.066,4.208,4.538,3.654,3.320,5.139,4.927,3.697,5.287,5.065,4.490,4.881,4.377,3.052,5.427,4.159,5.423,0.750,5.567,4.917,4.478
MP0058,developmental_adversity,4.625,3.437,3.120,4.036,3.239,4.096,3.608,4.026,3.896,3.445,3.844,3.701,3.817,3.759,2.049,4.039,2.786,4.586,2.605,3.410,3.935,3.025
MP0059,developmental_adversity,4.395,3.659,3.611,3.372,3.058,3.847,3.734,3.890,3.899,4.001,3.709,3.831,3.709,3.657,1.938,4.481,3.332,5.090,1.405,4.293,4.386,3.720
MP0060,developmental_adversity,5.020,3.866,2.977,4.150,3.058,3.593,4.037,3.954,3.635,3.847,3.888,3.754,3.965,3.777,2.139,4.284,3.174,5.669,1.295,4.847,4.354,4.049
MP0061,developmental_adversity,4.658,4.141,3.604,4.079,3.343,4.158,4.675,4.456,3.715,4.485,4.659,4.105,4.454,3.997,2.543,4.837,3.875,4.818,1.297,5.075,4.625,4.028
MP0062,developmental_adversity,4.954,3.532,3.723,4.627,4.071,3.489,5.028,4.354,3.305,3.557,4.613,3.394,3.928,4.066,2.282,4.330,3.388,5.629,2.166,4.256,4.251,3.687
MP0063,developmental_adversity,4.762,3.731,4.393,5.533,3.181,4.334,4.348,4.574,3.147,4.289,4.597,3.722,4.096,4.322,2.529,4.767,3.456,5.291,1.052,5.082,4.346,3.657
MP0064,developmental_adversity,4.777,3.581,4.595,3.564,3.748,4.366,3.983,4.685,3.420,3.897,4.338,3.550,3.925,4.105,2.302,5.041,3.454,5.030,1.209,4.514,4.397,3.633
MP0065,developmental_adversity,3.657,4.793,2.911,3.385,3.768,4.360,4.573,4.118,2.627,4.155,4.428,3.224,3.915,3.812,2.132,4.743,3.498,4.869,1.588,4.650,4.002,3.950
MP0066,developmental_adversity,3.129,4.695,2.990,3.493,3.239,3.595,3.567,3.379,3.556,4.373,3.450,3.928,3.597,3.523,1.810,3.479,3.419,5.081,0.830,3.763,3.749,3.728
MP0067,developmental_adversity,4.254,5.535,4.101,4.340,4.579,5.407,4.525,3.964,4.683,4.347,4.188,4.408,4.211,4.703,2.829,5.107,4.392,4.986,0.867,4.994,4.498,4.118
MP0068,developmental_adversity,4.043,5.354,3.685,4.012,3.202,4.097,3.121,3.815,4.063,4.742,3.504,4.480,4.032,4.066,2.342,4.681,4.480,5.196,1.226,4.674,4.475,4.317
MP0069,developmental_adversity,3.193,4.922,3.918,3.905,4.232,3.844,2.991,3.929,4.223,3.931,3.542,4.025,3.898,4.002,2.229,4.562,3.555,5.009,1.513,4.243,4.341,3.708
MP0070,developmental_adversity,3.954,4.419,3.918,3.938,3.340,3.942,4.503,2.937,4.554,4.253,3.691,4.364,4.094,3.919,2.292,4.566,3.370,4.878,1.294,4.887,4.168,4.187
MP0071,developmental_adversity,3.947,5.270,4.429,3.817,4.951,3.655,4.444,3.379,5.025,3.941,3.894,4.587,4.155,4.345,2.579,4.611,2.627,4.433,1.477,4.633,4.462,3.636
MP0072,developmental_adversity,2.628,4.346,2.915,2.732,2.351,3.413,2.682,3.217,3.791,2.953,2.924,3.292,3.015,3.064,1.320,3.407,2.338,5.055,2.114,3.580,3.016,3.174
MP0073,developmental_adversity,3.817,4.777,5.783,3.806,4.013,3.924,4.065,3.917,4.843,3.781,4.004,4.458,4.176,4.353,2.597,5.043,3.707,5.284,0.531,4.745,4.531,3.844
MP0074,developmental_adversity,3.014,3.990,4.694,3.641,3.808,3.456,3.309,3.548,4.113,3.544,3.467,3.838,3.548,3.767,1.910,3.545,3.480,5.077,0.957,3.999,4.049,3.701
MP0075,developmental_adversity,3.955,4.254,5.482,3.919,3.026,3.735,3.828,3.676,3.229,3.940,3.749,3.534,3.783,4.062,2.195,5.116,2.673,5.701,1.280,4.100,4.472,4.045
MP0076,developmental_adversity,3.889,4.498,5.433,4.326,3.623,3.845,4.306,3.769,4.184,4.645,4.033,4.424,4.170,4.269,2.543,5.113,3.940,4.821,1.205,4.707,4.513,4.260
MP0077,developmental_adversity,4.117,3.741,5.335,4.356,3.770,4.600,4.109,4.431,4.446,4.563,4.290,4.445,4.344,4.320,2.681,4.091,3.497,4.942,2.305,4.444,4.393,3.942
MP0078,developmental_adversity,4.463,4.441,5.795,4.920,3.672,5.645,3.899,4.725,4.242,5.772,4.298,5.125,4.615,4.823,3.180,4.789,4.011,4.508,1.226,4.529,4.832,3.802
MP0079,developmental_adversity,4.341,3.572,5.099,3.471,3.974,3.974,4.513,3.803,4.488,4.039,4.153,4.332,4.347,4.072,2.528,5.550,4.278,5.815,0.896,5.256,5.018,4.477
MP0080,developmental_adversity,3.674,4.051,4.755,3.665,3.557,3.946,3.653,4.027,3.635,3.608,3.914,3.424,3.625,3.941,2.041,4.261,2.945,4.231,1.399,4.554,3.836,3.367
MP0081,developmental_adversity,3.176,3.500,4.052,4.608,3.597,3.200,4.276,4.114,3.992,3.941,4.166,3.872,3.943,3.689,2.078,4.706,3.848,5.433,1.349,4.599,4.214,3.937
MP0082,developmental_adversity,3.701,3.613,3.866,5.858,3.632,3.493,3.748,4.601,3.842,3.895,4.223,3.691,3.989,4.027,2.295,4.689,3.523,5.090,1.502,4.932,4.033,4.099
MP0083,developmental_adversity,3.886,3.889,4.060,4.575,4.126,3.969,2.887,4.022,3.377,3.647,3.263,3.326,3.232,4.084,1.886,4.121,3.149,5.286,0.743,4.561,3.813,4.334
MP0084,developmental_adversity,4.089,3.304,4.608,4.769,3.854,3.208,4.686,4.239,3.658,3.086,4.548,3.298,3.925,3.972,2.227,3.613,3.568,5.456,2.099,4.005,4.276,3.947
MP0085,developmental_adversity,4.037,3.458,4.254,4.681,3.573,4.166,4.633,4.075,3.931,4.515,4.389,4.335,4.500,4.028,2.590,3.897,3.873,5.555,1.500,4.162,4.307,3.525
MP0086,developmental_adversity,3.674,3.623,3.240,5.549,4.163,3.565,3.788,4.032,2.722,3.117,3.886,2.931,3.473,3.969,1.969,3.836,2.925,4.811,1.224,3.912,3.769,3.628
MP0087,developmental_adversity,4.018,2.968,3.763,4.790,2.677,3.812,3.719,3.403,3.606,3.563,3.556,3.706,3.545,3.671,1.859,4.095,3.987,5.184,2.051,3.746,3.897,3.533
MP0088,developmental_adversity,3.579,3.360,3.665,4.896,4.381,3.462,4.602,4.123,4.068,3.327,4.368,3.626,4.023,3.890,2.236,3.774,2.989,5.184,0.997,4.444,4.271,3.713
MP0089,developmental_adversity,4.456,2.450,3.545,4.053,4.756,3.486,4.747,3.185,2.903,3.186,3.828,2.966,3.466,3.791,1.877,4.199,3.393,5.313,2.415,4.374,3.555,3.407
MP0090,developmental_adversity,3.754,3.662,3.772,4.884,4.718,3.993,4.201,3.842,3.839,4.122,4.047,3.944,3.913,4.130,2.309,4.680,3.512,5.236,1.590,4.347,4.561,4.135
MP0091,developmental_adversity,3.293,4.280,2.916,3.126,4.720,3.146,3.643,3.191,3.280,2.736,3.416,3.133,3.182,3.580,1.628,3.940,3.702,5.120,1.830,3.862,4.097,3.864
MP0092,developmental_adversity,3.329,4.682,3.213,4.204,5.642,3.621,3.722,3.779,3.963,4.129,3.652,4.137,3.973,4.115,2.335,4.023,2.350,4.222,1.442,4.286,4.066,3.500
MP0093,developmental_adversity,4.978,4.174,4.822,4.174,5.689,4.311,4.478,4.256,4.344,4.875,4.277,4.711,4.522,4.691,3.031,4.083,3.018,5.134,1.420,4.519,4.518,3.808
MP0094,developmental_adversity,4.629,4.739,3.843,3.264,5.024,3.248,4.429,3.314,4.067,4.995,3.863,4.418,4.087,4.124,2.408,4.676,3.758,5.537,0.638,4.581,4.540,4.250
MP0095,developmental_adversity,3.640,4.160,3.800,3.647,5.897,3.547,3.670,4.472,4.010,3.635,4.042,3.981,3.999,4.115,2.351,4.098,3.176,4.256,1.142,4.318,4.475,3.816
MP0096,developmental_adversity,3.791,4.350,3.614,4.072,5.608,4.235,4.580,3.936,3.745,4.152,4.310,3.884,4.190,4.278,2.561,4.494,4.028,5.061,0.561,4.412,4.800,3.859
MP0097,developmental_adversity,3.810,2.583,1.950,4.024,3.503,4.622,3.398,3.917,2.388,3.189,3.653,2.741,3.298,3.415,1.609,3.674,3.279,4.945,1.844,4.208,3.838,3.884
MP0098,developmental_adversity,4.275,4.125,4.176,4.454,3.802,5.861,4.330,4.346,3.825,3.624,4.267,3.501,3.763,4.449,2.392,4.267,3.946,4.773,1.330,4.529,4.349,3.626
MP0099,developmental_adversity,4.100,4.198,4.542,3.300,2.955,4.654,3.965,3.885,3.637,4.467,3.955,4.070,4.060,3.958,2.296,4.594,4.202,5.502,0.703,4.319,4.422,3.870
MP0100,developmental_adversity,4.666,4.575,4.539,4.398,3.725,5.764,4.775,4.271,3.238,3.905,4.478,3.524,4.124,4.611,2.717,5.416,4.530,5.256,0.894,4.893,5.029,4.344
MP0101,developmental_adversity,3.939,4.612,4.300,3.250,3.938,4.891,3.966,3.929,4.424,3.576,4.000,3.911,3.864,4.155,2.293,5.009,3.442,4.884,1.550,4.705,4.201,3.866
MP0102,developmental_adversity,4.226,3.371,3.360,2.282,3.080,3.906,3.352,2.396,3.283,3.662,2.872,3.571,3.153,3.371,1.519,4.422,4.017,5.167,1.456,4.033,3.898,3.918
MP0103,developmental_adversity,4.038,3.947,3.726,2.756,3.863,5.161,4.614,3.582,3.629,4.017,4.029,3.829,4.033,3.915,2.256,5.820,4.363,5.965,0.867,4.786,4.862,4.148
MP0104,developmental_adversity,4.350,4.761,4.187,4.446,3.915,5.371,3.862,4.477,4.333,4.047,4.077,4.184,4.135,4.505,2.661,5.000,3.828,5.195,1.080,4.958,4.857,4.513
MP0105,developmental_adversity,4.273,3.660,3.659,4.324,4.491,3.960,4.238,3.538,3.491,4.137,3.850,3.759,3.723,4.061,2.160,4.028,3.254,5.371,1.482,4.425,4.254,3.712
MP0106,developmental_adversity,4.496,5.518,4.772,5.260,4.408,4.544,3.948,4.968,3.157,4.334,4.482,3.657,4.042,4.833,2.790,5.068,3.341,5.092,1.766,4.402,4.843,4.004
MP0107,developmental_adversity,4.869,5.583,4.925,5.308,4.643,4.891,4.951,4.962,4.065,4.687,4.972,4.466,4.760,5.036,3.425,5.525,3.663,5.057,1.172,4.944,5.253,4.614
MP0108,developmental_adversity,4.544,5.064,4.100,4.370,4.007,3.724,3.973,3.108,3.806,4.377,3.709,4.033,3.868,4.301,2.377,4.641,3.908,5.433,1.154,4.668,4.549,3.645
MP0109,developmental_adversity,4.814,5.498,4.483,5.130,4.842,3.889,4.266,3.859,4.222,3.926,3.870,3.844,3.901,4.776,2.662,4.747,3.620,5.042,1.061,4.755,4.478,3.908
MP0110,developmental_adversity,4.255,5.030,4.374,4.223,3.793,4.700,4.319,3.568,3.866,4.620,3.852,4.094,3.965,4.396,2.490,5.002,4.466,5.047,1.111,4.475,4.752,4.391
MP0111,developmental_adversity,4.915,5.110,4.244,4.249,3.354,3.794,3.977,4.204,4.351,4.062,4.012,4.294,4.325,4.278,2.643,5.165,4.266,4.724,1.062,4.438,4.635,4.299
MP0112,developmental_adversity,4.286,4.241,5.050,3.870,4.276,4.445,4.140,4.790,5.027,3.917,4.411,4.476,4.589,4.361,2.859,5.757,4.706,5.531,1.214,5.241,4.763,4.530
MP0113,social_exclusion,4.887,3.651,3.947,3.366,4.212,3.048,3.935,3.589,4.106,3.757,3.732,4.011,3.908,3.852,2.151,4.066,3.153,4.913,0.908,4.136,4.203,3.451
MP0114,social_exclusion,5.522,2.950,3.796,3.890,3.540,4.118,4.900,3.985,3.306,3.319,4.399,3.376,3.817,3.969,2.164,4.876,3.635,5.236,1.088,4.051,4.344,3.669
MP0115,social_exclusion,4.410,3.209,3.446,4.188,2.198,3.193,3.671,3.514,3.292,3.044,3.523,3.269,3.357,3.441,1.650,3.545,2.576,4.648,1.738,3.051,3.534,3.244
MP0116,social_exclusion,5.227,4.078,3.382,3.461,3.794,3.373,4.599,3.841,3.365,4.212,4.257,3.749,4.052,3.886,2.249,4.105,2.946,4.793,1.023,4.355,4.200,4.118
MP0117,social_exclusion,4.747,4.101,3.542,3.905,3.251,3.670,4.273,4.587,2.958,4.014,4.253,3.489,3.837,3.869,2.121,4.498,3.889,5.339,0.709,4.949,4.248,4.009
MP0118,social_exclusion,4.888,2.883,3.584,4.587,3.969,3.715,4.700,3.261,3.324,3.653,3.829,3.584,3.906,3.938,2.197,4.270,3.654,5.315,1.612,3.836,4.060,3.980
MP0119,social_exclusion,4.794,3.315,3.788,3.035,2.796,3.170,3.949,4.587,3.620,3.995,4.274,3.818,4.028,3.483,2.004,4.956,3.891,5.833,1.529,4.378,4.079,4.016
MP0120,social_exclusion,4.662,3.713,2.938,3.505,3.522,2.359,4.121,3.335,3.344,3.755,3.825,3.511,3.656,3.450,1.802,3.614,3.018,5.280,1.187,3.742,3.912,3.453
MP0121,social_exclusion,3.240,3.839,2.942,3.257,3.946,4.063,3.199,3.576,3.050,3.571,3.408,3.307,3.612,3.548,1.831,3.890,3.325,4.474,1.436,4.128,4.014,3.669
MP0122,social_exclusion,4.521,5.851,4.522,4.509,4.989,4.237,3.901,4.131,3.898,4.682,3.941,4.195,3.962,4.772,2.701,4.728,3.106,5.068,1.367,4.784,4.818,4.174
MP0123,social_exclusion,3.118,4.753,3.188,2.326,3.246,3.037,3.250,4.210,2.974,4.239,3.651,3.567,3.613,3.278,1.692,4.794,4.099,4.407,0.755,4.285,4.090,4.030
MP0124,social_exclusion,4.771,4.972,4.246,4.411,4.856,4.095,4.428,4.127,4.064,3.905,4.192,3.892,4.111,4.559,2.677,5.210,3.739,5.379,0.512,4.719,4.456,4.354
MP0125,social_exclusion,3.361,4.497,3.559,3.724,3.364,3.369,3.305,3.176,3.521,4.345,3.164,3.962,3.632,3.646,1.892,3.982,3.447,5.111,0.823,3.943,3.981,3.718
MP0126,social_exclusion,4.238,3.497,3.076,3.010,3.682,3.168,4.287,3.714,3.450,2.677,3.983,3.124,3.596,3.445,1.770,4.766,3.616,5.010,0.297,4.233,3.760,3.973
MP0127,social_exclusion,3.611,5.119,4.497,3.886,4.050,3.460,3.662,4.151,4.416,4.124,3.894,4.250,4.177,4.104,2.449,4.329,2.736,5.021,0.594,4.043,4.339,3.875
MP0128,social_exclusion,3.626,4.361,3.625,3.217,3.337,3.542,2.738,3.345,3.229,2.956,3.084,2.962,3.105,3.618,1.605,3.508,3.961,4.552,1.291,3.865,3.533,4.042
MP0129,social_exclusion,4.044,4.413,6.357,4.105,3.933,4.375,4.550,4.185,4.492,4.450,4.435,4.603,4.508,4.538,2.923,4.748,3.260,4.204,1.198,5.022,4.826,3.819
MP0130,social_exclusion,3.476,2.997,4.340,4.149,2.829,3.059,3.829,3.549,2.765,3.376,3.724,3.155,3.412,3.475,1.694,3.640,3.601,4.593,1.618,4.159,3.545,3.642
MP0131,social_exclusion,3.807,3.915,5.166,3.894,3.665,3.938,3.778,3.056,4.851,4.037,3.096,4.420,3.775,4.064,2.192,4.515,3.503,5.046,0.477,4.732,4.334,3.689
MP0132,social_exclusion,3.867,3.578,3.956,4.037,3.662,3.901,3.977,3.299,3.643,3.726,3.634,3.773,3.560,3.833,1.950,4.100,3.970,4.913,0.950,4.361,4.319,4.065
MP0133,social_exclusion,2.673,3.689,4.450,3.298,3.009,3.338,3.046,3.361,3.741,2.811,3.235,3.351,3.225,3.410,1.571,3.327,3.323,4.439,0.623,3.900,3.987,3.589
MP0134,social_exclusion,4.261,3.828,5.309,3.827,4.314,4.264,3.951,4.339,3.734,4.194,3.982,3.947,3.970,4.301,2.439,4.696,3.566,4.829,1.413,5.032,4.270,3.382
MP0135,social_exclusion,4.466,3.704,5.834,4.061,4.716,4.005,4.203,3.494,5.111,4.914,3.854,4.970,4.424,4.464,2.822,4.537,3.506,5.441,0.301,4.859,5.009,4.423
MP0136,social_exclusion,3.519,3.952,4.982,3.973,3.683,2.970,3.755,3.671,3.590,3.635,3.679,3.627,3.658,3.846,2.010,4.766,3.615,4.616,1.408,4.818,4.269,3.896
MP0137,social_exclusion,4.156,2.721,3.788,4.956,3.701,2.844,4.127,3.905,3.710,2.896,3.988,3.315,3.589,3.694,1.894,3.861,2.511,4.828,1.494,4.354,3.879,3.553
MP0138,social_exclusion,3.366,3.221,2.788,4.269,3.130,2.545,3.246,3.446,3.144,3.275,3.338,3.200,3.219,3.220,1.481,3.913,3.547,4.702,1.758,3.799,3.576,3.575
MP0139,social_exclusion,3.752,4.170,3.590,4.173,3.716,2.874,3.994,3.810,3.712,3.924,3.975,3.816,3.781,3.712,2.005,3.512,3.599,4.693,1.235,3.972,4.045,3.798
MP0140,social_exclusion,3.735,2.969,4.379,5.313,4.379,3.142,3.989,4.136,3.950,3.519,4.054,3.912,3.938,3.986,2.243,4.306,3.517,5.149,1.452,5.193,4.194,3.743
MP0141,social_exclusion,3.387,4.002,4.404,5.684,3.726,3.191,3.872,3.716,3.724,3.809,3.634,3.836,3.632,4.066,2.110,4.661,3.441,4.962,1.089,4.679,4.045,4.213
MP0142,social_exclusion,3.226,2.728,4.852,4.985,3.880,3.218,3.342,3.842,3.835,4.026,3.658,4.047,3.677,3.815,2.004,3.638,3.095,4.571,0.296,4.141,3.905,3.633
MP0143,social_exclusion,3.667,3.984,3.716,4.742,3.345,3.005,3.702,4.300,3.451,3.493,4.084,3.454,3.813,3.743,2.039,3.921,3.536,5.828,0.870,4.439,4.028,4.144
MP0144,social_exclusion,4.139,3.599,4.215,4.867,4.079,3.571,3.667,4.356,4.019,3.795,3.884,3.954,3.791,4.078,2.209,4.232,2.723,4.912,0.492,4.412,3.905,3.130
MP0145,social_exclusion,3.684,3.601,4.169,3.716,5.080,3.910,3.678,4.642,4.258,3.803,4.010,4.049,4.010,4.027,2.307,4.243,3.230,4.347,1.030,3.978,4.131,4.042
MP0146,social_exclusion,5.292,5.113,4.427,5.136,5.959,4.746,4.693,4.287,3.985,4.330,4.392,4.171,4.168,5.112,3.044,5.632,4.151,5.280,0.247,5.539,5.126,4.947
MP0147,social_exclusion,3.850,3.540,3.879,3.216,5.114,4.107,3.689,3.342,3.891,3.581,3.636,3.831,3.841,3.951,2.168,4.117,3.624,4.964,0.706,4.779,4.154,3.921
MP0148,social_exclusion,3.103,3.935,4.524,3.950,4.865,4.033,4.218,4.442,4.301,3.574,4.385,3.982,4.176,4.068,2.427,4.409,3.365,4.962,1.053,4.418,4.391,3.897
MP0149,social_exclusion,3.662,4.746,3.104,2.607,5.034,2.947,3.447,3.536,3.333,4.359,3.409,3.785,3.548,3.683,1.867,3.981,2.594,4.431,1.304,3.979,3.618,3.705
MP0150,social_exclusion,4.078,4.015,3.277,3.756,5.123,3.885,4.460,3.878,4.097,3.547,4.255,3.806,4.096,4.022,2.354,4.537,3.931,4.913,0.649,5.154,4.649,4.186
MP0151,social_exclusion,4.524,4.371,4.082,3.779,5.226,3.226,4.163,3.975,4.059,3.595,4.094,3.794,4.051,4.202,2.432,3.606,3.679,5.669,0.985,4.800,3.974,3.632
MP0152,social_exclusion,3.402,2.964,3.740,2.388,4.355,3.355,3.123,3.316,3.949,3.574,3.193,3.843,3.525,3.367,1.696,3.548,2.489,4.730,1.427,3.906,3.214,3.038
MP0153,social_exclusion,3.977,4.087,4.289,3.307,3.027,4.406,4.588,4.088,3.853,3.225,4.331,3.506,3.775,3.849,2.076,4.953,3.498,4.926,1.055,4.440,4.101,3.795
MP0154,social_exclusion,4.337,3.937,4.034,3.225,4.053,4.965,3.533,3.427,4.220,4.253,3.361,4.378,3.867,4.092,2.260,4.364,3.743,5.534,0.484,4.710,4.537,3.628
MP0155,social_exclusion,3.025,3.079,3.073,3.193,2.977,5.237,3.789,4.063,2.853,3.035,3.963,2.977,3.496,3.430,1.713,4.678,2.857,4.213,2.170,4.172,3.667,3.615
MP0156,social_exclusion,4.240,3.738,4.092,2.884,4.289,4.938,4.222,3.865,3.432,4.122,4.182,3.773,3.940,4.030,2.268,4.323,3.934,4.875,0.400,4.781,4.174,4.049
MP0157,social_exclusion,3.501,3.475,3.606,3.231,2.858,5.467,3.382,4.113,3.719,3.687,3.652,3.715,3.627,3.690,1.912,4.810,2.857,4.621,0.832,3.769,4.147,2.919
MP0158,social_exclusion,3.551,3.570,3.465,2.651,3.854,4.334,3.627,3.951,3.498,3.155,3.768,3.305,3.472,3.571,1.771,4.608,3.257,5.042,0.714,4.310,3.788,3.808
MP0159,social_exclusion,3.872,2.827,3.622,2.590,3.458,4.411,3.411,3.688,3.582,3.536,3.461,3.623,3.457,3.463,1.710,4.602,3.208,5.321,1.541,4.341,4.097,4.142
MP0160,social_exclusion,4.848,4.178,3.627,3.094,4.113,6.189,3.396,4.184,3.701,3.907,3.788,3.770,3.788,4.342,2.349,4.361,3.521,4.368,0.888,4.796,4.232,3.246
MP0161,social_exclusion,4.500,3.572,4.926,3.286,4.008,3.227,4.070,4.398,3.365,3.664,4.266,3.618,3.897,3.920,2.182,3.804,3.913,4.210,0.766,4.564,3.930,3.690
MP0162,social_exclusion,4.090,4.440,4.366,4.566,4.419,4.055,4.179,4.805,4.343,4.294,4.605,4.433,4.388,4.323,2.709,5.368,3.968,5.030,0.340,4.906,4.476,4.607
MP0163,social_exclusion,4.650,4.828,4.496,4.980,4.989,4.453,4.668,4.613,4.921,4.026,4.714,4.507,4.722,4.733,3.193,4.544,4.232,5.638,1.038,4.592,5.193,4.791
MP0164,social_exclusion,4.074,3.970,4.027,3.692,2.895,3.373,3.432,3.847,3.662,3.569,3.599,3.567,3.688,3.672,1.935,3.901,3.609,5.240,0.846,4.348,4.000,3.557
MP0165,social_exclusion,4.394,4.501,4.435,3.219,4.256,4.026,3.945,3.887,3.754,4.257,3.944,4.083,4.054,4.138,2.397,4.858,3.657,4.854,0.678,4.155,4.516,3.704
MP0166,social_exclusion,4.656,4.282,4.646,4.494,4.482,4.557,4.904,4.316,3.566,3.588,4.603,3.641,4.227,4.520,2.729,5.286,3.368,4.994,0.000,4.807,4.995,4.166
MP0167,social_exclusion,4.336,3.986,4.447,4.114,3.860,3.845,3.958,3.782,3.614,4.835,3.847,4.238,3.992,4.098,2.337,4.456,3.710,4.893,0.601,4.311,4.336,4.323
MP0168,social_exclusion,4.220,4.321,4.197,4.575,3.896,3.742,3.965,3.730,3.446,4.353,3.711,3.964,3.952,4.159,2.348,5.139,3.515,4.970,1.177,4.420,4.395,3.995
MP0169,clinical_referral_mixed,5.269,3.805,2.700,3.101,2.103,2.627,4.406,3.251,3.405,4.235,3.649,3.736,3.759,3.267,1.754,3.689,3.476,4.904,1.378,4.379,3.686,3.660
MP0170,clinical_referral_mixed,4.595,3.043,2.634,4.005,3.389,3.157,3.605,3.705,2.540,3.170,3.694,2.861,3.245,3.470,1.609,3.597,2.666,4.508,2.218,3.799,3.455,3.491
MP0171,clinical_referral_mixed,4.588,4.117,3.228,2.751,3.477,2.740,3.765,3.956,3.153,4.645,3.775,4.019,3.965,3.483,1.973,4.233,3.258,4.576,1.492,3.664,4.015,3.919
MP0172,clinical_referral_mixed,4.978,4.260,3.922,4.409,3.426,4.399,4.367,4.077,3.828,3.894,4.167,3.807,3.908,4.232,2.363,4.766,3.089,3.870,1.330,4.370,4.263,4.238
MP0173,clinical_referral_mixed,4.807,4.057,2.737,3.836,3.518,3.478,3.802,4.054,3.975,3.288,3.875,3.665,3.697,3.739,1.974,4.691,2.936,4.478,1.987,4.383,4.179,3.512
MP0174,clinical_referral_mixed,4.352,3.589,3.829,3.947,3.316,3.369,4.263,3.834,3.599,3.302,4.083,3.375,3.672,3.734,1.959,4.214,3.380,4.693,1.567,4.218,3.975,3.627
MP0175,clinical_referral_mixed,5.156,3.839,2.745,3.308,3.152,3.640,3.986,3.680,2.181,3.957,3.933,3.118,3.408,3.640,1.772,4.550,2.869,4.100,1.994,3.831,3.949,4.057
MP0176,clinical_referral_mixed,5.650,3.950,3.562,3.602,3.583,3.767,4.570,4.461,3.298,3.534,4.482,3.436,3.937,4.019,2.260,4.459,3.199,4.844,1.846,3.796,4.039,3.770
MP0177,clinical_referral_mixed,3.962,4.515,3.297,2.846,3.297,3.352,4.085,3.319,3.314,3.629,3.692,3.445,3.672,3.545,1.860,4.955,3.573,4.791,1.792,4.622,4.096,4.024
MP0178,clinical_referral_mixed,3.462,4.419,3.876,3.342,2.773,3.678,2.937,3.236,3.646,3.633,3.175,3.648,3.508,3.592,1.800,4.417,3.455,4.140,1.147,4.378,3.555,4.348
MP0179,clinical_referral_mixed,2.987,4.577,3.520,3.222,4.074,3.018,3.803,3.713,2.321,3.189,3.758,2.782,3.353,3.566,1.708,4.045,2.677,3.830,1.993,3.796,3.285,3.346
MP0180,clinical_referral_mixed,3.940,4.436,4.058,3.621,3.629,4.107,3.105,3.899,3.856,3.656,3.589,3.720,3.684,3.965,2.087,4.177,3.701,3.853,1.390,3.843,3.784,3.248
MP0181,clinical_referral_mixed,3.922,3.928,3.164,3.482,3.024,3.293,4.075,3.677,3.025,3.913,4.045,3.531,3.751,3.469,1.859,3.724,3.200,4.637,1.228,4.113,3.951,3.388
MP0182,clinical_referral_mixed,3.253,4.163,2.689,3.081,3.231,2.574,2.900,3.330,3.638,3.677,3.199,3.687,3.417,3.165,1.545,3.709,2.475,4.298,1.676,4.150,3.528,3.314
MP0183,clinical_referral_mixed,5.230,4.786,3.349,3.322,3.522,4.067,3.811,3.648,2.670,3.801,3.658,3.143,3.410,4.046,1.971,4.558,3.099,4.981,2.362,4.424,3.985,3.634
MP0184,clinical_referral_mixed,3.440,4.516,3.188,3.494,3.317,3.159,3.491,3.957,3.230,3.200,3.620,3.333,3.512,3.519,1.765,3.508,2.632,3.415,2.346,3.768,3.297,3.046
MP0185,clinical_referral_mixed,3.903,3.378,4.602,3.226,3.208,3.451,4.159,4.867,4.037,3.921,4.356,4.005,4.158,3.628,2.155,5.276,3.425,3.960,1.733,4.209,3.824,4.154
MP0186,clinical_referral_mixed,3.399,3.458,4.308,3.165,3.502,3.761,3.188,4.372,3.653,3.715,3.686,3.572,3.910,3.599,2.010,4.797,3.142,4.031,1.737,4.118,4.223,3.762
MP0187,clinical_referral_mixed,3.711,4.076,5.743,3.691,4.824,4.015,3.243,3.137,4.108,4.337,3.297,4.382,3.820,4.343,2.370,3.922,3.984,4.108,1.329,4.533,4.370,3.657
MP0188,clinical_referral_mixed,4.155,3.283,4.844,4.402,3.991,3.108,3.864,3.731,3.475,4.151,3.763,3.913,3.904,3.964,2.211,4.943,2.754,3.853,1.604,4.058,4.395,3.965
MP0189,clinical_referral_mixed,3.088,3.263,4.670,3.426,3.917,3.321,3.322,3.315,3.867,2.853,3.384,3.426,3.344,3.614,1.727,3.647,2.892,3.672,1.424,4.384,3.672,4.281
MP0190,clinical_referral_mixed,3.093,2.793,3.764,3.750,3.588,3.325,3.390,2.841,3.429,2.858,3.032,3.169,3.178,3.386,1.537,3.210,2.533,4.019,2.516,3.633,3.708,3.639
MP0191,clinical_referral_mixed,2.826,3.492,5.276,3.769,2.708,3.452,3.943,3.151,3.934,4.276,3.657,4.073,3.896,3.587,1.996,4.239,3.548,4.330,1.741,4.085,4.167,4.448
MP0192,clinical_referral_mixed,4.357,3.559,5.476,4.560,4.266,3.991,3.997,4.110,3.652,4.785,4.063,4.313,4.167,4.368,2.600,4.114,3.527,3.856,1.551,4.319,4.404,3.750
MP0193,clinical_referral_mixed,3.574,3.745,4.003,5.150,3.609,2.477,3.407,2.927,3.497,3.257,3.215,3.503,3.326,3.760,1.786,3.599,3.698,4.226,2.038,4.012,3.525,2.710
MP0194,clinical_referral_mixed,3.939,3.250,3.431,3.906,3.808,3.014,3.713,4.048,2.870,3.848,3.956,3.366,3.650,3.558,1.855,3.811,2.932,4.225,2.050,3.883,4.193,3.797
MP0195,clinical_referral_mixed,4.364,4.511,4.781,6.160,3.415,4.088,4.068,4.504,4.560,3.842,4.207,4.228,4.258,4.553,2.769,4.678,3.000,4.702,1.798,4.851,4.526,4.383
MP0196,clinical_referral_mixed,4.314,4.262,3.952,5.526,3.835,4.227,3.913,4.482,3.757,4.245,4.246,4.024,4.146,4.353,2.578,4.724,2.960,4.178,1.732,4.137,4.436,3.757
MP0197,clinical_referral_mixed,3.591,2.824,3.795,5.473,3.742,3.714,3.160,4.304,2.651,3.410,3.777,3.245,3.621,3.856,1.995,3.865,2.631,4.106,2.142,3.919,3.873,3.290
MP0198,clinical_referral_mixed,3.805,3.691,3.863,3.906,2.683,2.896,3.709,4.135,3.579,3.475,4.060,3.616,3.861,3.474,1.916,4.157,3.231,4.049,2.353,4.507,3.669,3.708
MP0199,clinical_referral_mixed,3.196,3.196,3.009,4.159,3.431,3.044,3.228,3.727,2.897,3.159,3.615,3.181,3.285,3.339,1.567,3.688,3.584,4.917,2.184,3.301,3.766,3.374
MP0200,clinical_referral_mixed,3.716,3.498,3.490,5.287,3.511,2.963,4.726,3.731,4.190,3.337,4.407,3.913,4.245,3.744,2.271,4.167,2.398,4.296,2.003,4.159,4.307,3.537
MP0201,clinical_referral_mixed,3.613,3.768,3.119,3.649,4.486,2.607,3.878,2.959,2.986,3.262,3.259,3.115,3.248,3.540,1.643,3.992,2.493,4.103,1.943,3.151,2.989,2.748
MP0202,clinical_referral_mixed,3.550,4.210,3.388,3.870,5.463,3.475,3.769,3.062,3.636,3.356,3.413,3.480,3.547,3.993,2.023,3.661,2.986,4.413,1.946,4.438,3.977,3.528
MP0203,clinical_referral_mixed,3.627,3.599,3.331,3.252,4.783,3.786,3.771,3.704,3.310,3.631,3.742,3.462,3.564,3.730,1.899,3.524,3.050,4.669,1.558,3.911,3.793,3.623
MP0204,clinical_referral_mixed,3.795,3.768,3.573,3.411,4.718,2.832,3.033,3.596,3.452,3.747,3.381,3.711,3.568,3.683,1.877,3.409,3.728,4.384,1.987,4.341,3.439,3.372
MP0205,clinical_referral_mixed,3.973,4.259,2.810,3.097,4.807,3.533,3.514,3.534,4.262,3.500,3.641,3.901,3.849,3.746,2.060,4.178,3.534,4.365,1.602,4.066,3.987,4.152
MP0206,clinical_referral_mixed,3.161,3.747,3.363,3.857,4.870,3.952,3.900,3.977,3.710,3.283,3.807,3.463,3.747,3.825,2.047,3.940,2.470,4.407,2.198,4.436,3.690,3.783
MP0207,clinical_referral_mixed,3.730,4.035,4.257,4.157,5.872,4.129,4.329,4.131,3.928,3.568,4.260,3.781,3.959,4.363,2.468,4.733,3.590,4.344,1.969,4.398,4.316,3.773
MP0208,clinical_referral_mixed,3.413,3.063,2.848,2.870,4.060,3.787,3.699,3.020,3.113,3.242,3.483,3.269,3.409,3.340,1.627,3.042,3.159,4.002,2.397,3.228,3.473,3.094
MP0209,clinical_referral_mixed,3.640,3.755,2.905,2.922,3.185,4.412,3.571,3.828,3.949,3.126,3.669,3.363,3.456,3.470,1.713,3.934,3.591,3.748,1.735,3.611,3.623,3.663
MP0210,clinical_referral_mixed,4.338,3.375,3.170,2.851,3.351,5.282,3.748,3.360,2.644,4.081,3.553,3.413,3.505,3.728,1.866,5.069,3.560,3.751,2.162,4.080,3.912,3.591
MP0211,clinical_referral_mixed,4.211,3.605,3.627,3.770,3.818,4.952,4.240,4.072,3.690,3.982,4.332,3.735,4.143,3.997,2.366,4.808,3.826,4.256,1.926,4.734,4.375,4.061
MP0212,clinical_referral_mixed,3.021,3.856,3.237,3.433,3.763,5.067,3.089,3.804,3.446,3.803,3.353,3.674,3.392,3.729,1.807,4.328,3.000,3.992,1.238,4.438,4.077,3.733
MP0213,clinical_referral_mixed,4.483,3.700,3.587,3.818,3.994,4.910,3.789,3.997,3.925,4.053,3.930,3.922,3.962,4.082,2.310,4.705,3.281,4.186,2.361,4.327,4.250,3.953
MP0214,clinical_referral_mixed,3.736,2.598,3.061,2.744,2.419,3.978,3.144,3.199,2.339,3.831,3.099,3.244,3.135,3.089,1.384,4.141,2.766,3.983,2.411,3.581,3.338,3.192
MP0215,clinical_referral_mixed,3.982,3.527,3.048,3.437,3.960,4.616,4.496,3.915,3.261,3.412,4.171,3.402,3.796,3.761,2.039,4.985,3.190,3.739,1.946,4.399,4.297,4.307
MP0216,clinical_referral_mixed,3.859,4.010,3.625,3.247,3.111,5.753,3.389,3.228,2.867,3.558,3.276,3.293,3.346,3.934,1.881,4.486,2.769,4.323,2.001,4.140,4.074,3.919
MP0217,clinical_referral_mixed,3.368,3.691,3.245,2.921,3.706,3.424,3.834,3.369,3.186,4.228,3.625,3.765,3.814,3.392,1.848,4.245,3.062,4.049,2.272,3.449,3.796,3.922
MP0218,clinical_referral_mixed,4.092,3.662,3.782,3.796,4.543,3.698,3.782,3.816,3.263,3.556,3.686,3.392,3.396,3.929,1.906,4.082,3.165,4.844,1.623,3.876,3.790,3.552
MP0219,clinical_referral_mixed,3.749,3.976,2.767,4.280,2.704,4.365,3.517,3.749,3.387,3.564,3.602,3.578,3.669,3.640,1.908,4.534,3.320,4.179,1.463,4.508,3.955,3.698
MP0220,clinical_referral_mixed,4.744,3.581,4.368,3.757,3.532,3.499,3.926,4.003,4.270,4.364,3.846,4.448,4.081,3.914,2.282,4.198,3.024,3.899,2.135,4.183,4.053,3.529
MP0221,clinical_referral_mixed,4.234,4.579,4.883,4.095,4.187,4.534,3.943,3.985,4.078,4.320,3.922,4.136,3.917,4.419,2.473,4.689,3.177,3.806,1.180,4.229,4.246,3.453
MP0222,clinical_referral_mixed,3.740,4.136,3.072,3.952,3.184,3.780,3.666,4.269,3.125,3.662,3.989,3.420,3.671,3.644,1.911,2.810,2.853,3.806,2.029,3.830,3.833,3.582
MP0223,clinical_referral_mixed,4.762,4.216,4.638,4.179,3.548,3.606,4.407,4.401,3.622,3.542,4.417,3.682,4.131,4.158,2.454,4.209,2.745,3.317,2.716,4.356,4.076,3.442
MP0224,clinical_referral_mixed,3.850,4.039,3.748,4.570,3.983,3.975,4.391,4.629,3.556,3.975,4.391,3.876,4.086,4.028,2.351,4.512,3.537,4.823,1.995,4.291,4.479,3.703
MP0225,high_conflict_relationships,3.833,3.802,3.147,3.354,4.564,3.830,4.259,3.701,3.935,3.701,4.004,3.812,3.849,3.755,2.065,4.622,3.993,4.679,0.792,4.676,4.140,4.216
MP0226,high_conflict_relationships,5.236,3.340,3.241,3.567,3.196,3.281,3.928,3.074,2.994,4.433,3.630,3.828,3.779,3.644,1.967,3.743,2.859,5.112,2.201,4.548,3.869,3.408
MP0227,high_conflict_relationships,5.978,4.417,4.070,5.326,3.689,5.062,5.539,5.212,3.904,4.502,5.414,4.229,4.841,4.757,3.290,4.846,3.794,4.831,0.889,5.096,5.080,4.021
MP0228,high_conflict_relationships,5.437,4.069,3.750,4.385,4.063,3.237,4.447,3.710,3.592,4.148,4.156,3.882,4.225,4.157,2.509,4.034,3.510,5.105,1.095,4.422,4.374,3.402
MP0229,high_conflict_relationships,4.993,3.639,4.378,3.965,3.938,3.914,4.831,3.984,3.928,3.893,4.397,3.876,4.135,4.138,2.445,4.232,3.193,5.218,1.338,4.787,4.445,4.296
MP0230,high_conflict_relationships,5.407,4.437,4.310,4.449,4.352,4.373,5.840,5.036,4.195,4.313,5.471,4.173,4.826,4.554,3.140,4.944,3.984,5.463,1.070,5.338,4.763,4.346
MP0231,high_conflict_relationships,4.531,3.831,4.171,3.906,3.760,4.494,4.008,4.418,3.766,4.226,4.186,3.944,4.064,4.115,2.389,4.497,3.649,5.947,1.062,4.665,4.427,4.364
MP0232,high_conflict_relationships,5.591,4.989,4.307,4.119,4.416,4.629,4.929,4.914,4.313,4.830,4.889,4.516,4.804,4.675,3.209,5.923,4.685,4.579,0.783,5.105,5.156,5.202
MP0233,high_conflict_relationships,3.306,4.717,3.108,3.248,4.433,3.505,3.908,3.770,3.456,3.814,3.727,3.606,3.667,3.720,1.949,4.130,3.074,4.987,1.409,4.380,3.806,3.716
MP0234,high_conflict_relationships,3.346,4.544,3.106,3.719,3.785,3.747,3.962,4.079,3.660,4.009,4.105,3.668,3.947,3.708,2.091,4.553,3.381,5.557,1.114,4.804,4.305,3.593
MP0235,high_conflict_relationships,3.976,5.674,4.499,4.092,3.813,3.974,3.919,4.364,4.327,4.542,4.127,4.535,4.269,4.338,2.646,4.578,2.728,4.839,0.087,5.028,4.493,3.631
MP0236,high_conflict_relationships,5.437,5.978,4.086,4.915,4.480,4.614,5.748,4.582,3.867,5.544,5.107,4.677,4.983,4.919,3.501,6.323,3.433,5.485,0.983,5.430,5.430,4.646
MP0237,high_conflict_relationships,4.078,5.094,4.262,3.287,3.511,4.564,3.733,3.926,4.004,3.901,3.688,3.910,3.931,4.133,2.321,4.623,3.541,4.997,1.569,4.244,4.468,3.696
MP0238,high_conflict_relationships,5.246,4.770,3.627,3.347,4.173,4.707,4.714,4.090,3.585,4.577,4.594,4.138,4.442,4.312,2.736,5.755,4.207,5.929,0.735,5.183,4.371,4.085
MP0239,high_conflict_relationships,4.080,5.406,3.470,4.449,4.665,3.907,3.925,4.025,4.271,3.762,4.033,4.031,4.145,4.329,2.564,4.572,3.275,4.494,0.839,4.428,4.175,3.525
MP0240,high_conflict_relationships,4.476,5.577,3.391,3.266,4.287,3.521,4.427,3.878,3.917,4.459,4.060,4.221,4.227,4.086,2.467,4.500,4.076,5.233,0.162,4.729,4.230,4.407
MP0241,high_conflict_relationships,4.987,3.432,5.171,3.734,4.294,4.141,3.924,4.021,3.716,3.815,4.152,3.746,4.006,4.293,2.457,4.144,3.520,6.041,1.043,4.865,4.308,3.815
MP0242,high_conflict_relationships,3.083,3.296,4.923,4.049,4.122,4.394,3.471,3.371,3.806,3.436,3.369,3.672,3.657,3.978,2.078,4.374,3.515,5.338,0.926,3.946,4.399,4.353
MP0243,high_conflict_relationships,3.212,4.135,6.206,5.111,5.176,4.616,4.409,4.771,4.372,4.948,4.646,4.765,4.829,4.743,3.272,5.463,3.514,4.611,0.429,5.344,5.571,4.171
MP0244,high_conflict_relationships,3.370,3.877,5.463,3.888,3.968,3.779,3.745,3.756,4.291,4.106,3.683,4.343,4.068,4.058,2.358,3.880,2.962,4.707,1.136,4.516,4.207,3.071
MP0245,high_conflict_relationships,3.765,4.095,5.508,4.125,3.657,3.843,3.670,3.767,4.958,4.278,3.912,4.644,4.266,4.166,2.539,4.510,2.681,5.007,1.138,4.491,4.355,3.871
MP0246,high_conflict_relationships,4.485,4.158,4.669,3.959,3.419,3.393,4.408,4.007,4.175,4.704,4.201,4.422,4.365,4.014,2.503,3.948,3.294,5.120,1.041,4.682,4.311,3.648
MP0247,high_conflict_relationships,4.216,4.623,4.697,4.239,4.531,3.319,4.175,4.295,4.355,3.767,4.213,4.026,3.969,4.271,2.421,4.358,4.108,5.466,1.174,4.742,4.291,4.413
MP0248,high_conflict_relationships,4.438,4.845,5.070,4.079,4.168,4.023,3.705,3.689,4.728,4.157,3.777,4.447,4.295,4.437,2.723,4.577,4.025,5.177,0.776,5.029,4.613,3.372
MP0249,high_conflict_relationships,3.821,4.131,3.766,4.586,4.010,2.562,3.797,4.262,2.953,3.127,4.106,2.971,3.518,3.813,1.916,4.217,3.586,5.013,1.164,3.937,4.003,3.557
MP0250,high_conflict_relationships,3.114,3.818,3.808,5.212,4.461,2.814,3.857,3.883,3.203,3.336,3.758,3.387,3.605,3.871,1.994,4.492,3.883,4.855,1.411,4.913,4.214,3.394
MP0251,high_conflict_relationships,4.226,3.477,4.610,5.069,4.080,2.701,4.078,4.030,3.201,3.654,3.989,3.399,3.715,4.027,2.137,4.220,3.390,5.417,1.084,4.804,4.051,3.754
MP0252,high_conflict_relationships,2.707,3.687,3.465,5.504,3.166,3.543,3.706,3.996,3.920,3.476,3.965,3.723,3.994,3.678,2.099,4.260,3.631,5.541,1.449,4.797,3.789,3.393
MP0253,high_conflict_relationships,4.234,4.940,4.146,6.476,4.916,5.511,4.478,4.961,4.412,4.517,4.766,4.449,4.601,5.037,3.311,4.933,4.406,5.248,0.683,4.787,5.258,4.143
MP0254,high_conflict_relationships,3.897,3.948,3.621,5.528,3.904,2.930,3.949,4.043,4.305,3.946,3.914,4.166,4.091,3.971,2.321,4.331,3.579,4.663,1.337,4.498,4.453,3.527
MP0255,high_conflict_relationships,3.470,3.528,2.936,5.111,3.658,3.550,3.729,2.426,3.146,3.973,3.177,3.595,3.363,3.709,1.782,3.714,3.229,5.101,1.332,3.877,3.955,3.292
MP0256,high_conflict_relationships,4.064,4.110,4.060,4.846,4.338,3.287,3.966,4.114,3.469,4.303,3.950,3.858,3.997,4.118,2.351,4.291,3.763,5.040,0.950,4.290,4.232,3.788
MP0257,high_conflict_relationships,4.032,5.330,3.752,3.962,5.376,4.356,3.867,3.276,4.028,4.406,3.618,4.221,4.172,4.468,2.663,4.441,3.767,4.620,1.529,4.368,4.568,4.264
MP0258,high_conflict_relationships,4.098,4.134,4.758,4.202,5.745,4.417,4.801,3.641,4.435,4.316,4.206,4.332,4.360,4.559,2.840,4.364,4.072,5.580,0.662,4.378,4.705,3.677
MP0259,high_conflict_relationships,3.312,3.424,3.382,2.946,5.070,3.652,3.565,3.633,3.702,3.451,3.604,3.610,3.589,3.631,1.862,4.031,3.508,4.652,1.479,4.388,3.855,3.809
MP0260,high_conflict_relationships,4.822,3.959,3.858,4.001,4.492,3.765,3.971,3.121,3.260,3.941,3.517,3.431,3.459,4.149,2.051,4.702,4.387,5.055,1.433,3.726,4.402,3.566
MP0261,high_conflict_relationships,3.710,3.524,2.737,3.850,4.285,3.598,3.839,3.390,3.633,3.560,3.552,3.583,3.443,3.617,1.779,3.828,3.459,4.841,1.771,3.862,3.952,3.052
MP0262,high_conflict_relationships,4.269,4.738,4.006,4.293,4.732,3.432,4.017,4.104,3.377,4.606,4.116,3.880,4.048,4.245,2.455,4.622,2.992,4.883,1.091,4.510,4.195,4.256
MP0263,high_conflict_relationships,4.489,3.910,3.482,3.558,5.006,4.161,4.368,4.443,4.269,3.525,4.389,3.715,4.154,4.101,2.433,4.218,3.084,4.985,1.507,5.003,4.543,4.448
MP0264,high_conflict_relationships,3.564,3.926,3.715,3.255,3.974,3.999,3.427,4.439,3.567,3.666,3.907,3.579,3.740,3.739,1.997,4.146,3.488,4.598,0.741,4.012,4.430,3.532
MP0265,high_conflict_relationships,3.340,3.841,3.919,3.493,4.267,5.081,3.934,3.650,3.701,3.367,3.729,3.520,3.735,3.990,2.129,4.346,3.445,5.285,0.928,4.479,4.038,2.961
MP0266,high_conflict_relationships,3.732,4.387,4.173,3.395,3.931,5.416,3.550,4.035,4.375,3.753,3.758,4.219,4.114,4.172,2.452,4.492,3.447,5.060,0.635,4.856,4.423,3.954
MP0267,high_conflict_relationships,5.051,4.093,4.102,4.676,2.672,5.147,4.736,4.395,4.272,4.666,4.653,4.476,4.481,4.290,2.746,5.265,3.284,5.394,0.651,5.043,4.782,4.165
MP0268,high_conflict_relationships,4.778,3.391,4.175,4.503,4.360,5.341,4.589,3.824,3.226,3.811,4.215,3.519,3.871,4.425,2.447,4.270,2.831,4.953,1.708,4.186,4.105,3.958
MP0269,high_conflict_relationships,4.340,4.794,3.383,3.019,3.733,5.366,3.290,3.537,3.040,4.148,3.398,3.661,3.692,4.106,2.166,4.389,3.196,5.311,1.439,4.626,3.973,3.991
MP0270,high_conflict_relationships,4.011,3.464,4.612,3.664,4.218,6.446,3.935,4.711,3.563,4.331,4.329,4.026,4.100,4.403,2.579,4.718,3.589,4.485,1.558,4.738,4.786,4.977
MP0271,high_conflict_relationships,3.906,3.905,3.189,2.963,3.739,5.123,3.866,3.997,3.030,4.157,3.941,3.649,3.778,3.804,2.053,4.776,4.124,5.248,1.250,4.770,4.010,3.508
MP0272,high_conflict_relationships,4.499,3.468,3.495,3.115,3.662,4.055,4.505,4.166,2.883,3.085,4.531,3.002,3.694,3.716,1.961,3.724,2.808,5.239,1.913,4.093,3.528,3.307
MP0273,high_conflict_relationships,4.262,3.731,3.690,3.873,3.388,3.355,3.718,3.989,3.487,3.769,3.819,3.618,3.730,3.717,1.980,4.730,3.903,5.441,1.815,4.272,4.314,3.868
MP0274,high_conflict_relationships,4.737,4.929,4.310,4.583,4.629,3.333,4.958,3.989,4.321,4.331,4.384,4.489,4.199,4.420,2.652,4.768,3.734,4.952,1.077,4.412,4.280,4.155
MP0275,high_conflict_relationships,4.730,4.640,4.247,4.637,3.258,4.192,4.407,4.421,3.705,4.666,4.439,4.043,4.183,4.284,2.560,5.371,3.376,5.462,1.572,4.665,4.574,4.168
MP0276,high_conflict_relationships,3.815,3.991,4.671,4.760,3.307,4.295,3.710,4.867,3.672,3.763,4.371,3.677,4.007,4.140,2.370,5.000,3.684,4.944,1.366,4.367,4.395,4.204
MP0277,high_conflict_relationships,4.088,4.105,3.809,4.155,3.982,3.753,3.941,3.639,3.952,3.656,3.875,3.676,3.881,3.982,2.208,4.200,3.037,5.677,1.832,5.108,4.293,3.890
MP0278,high_conflict_relationships,4.816,5.288,4.249,4.720,4.461,4.183,4.688,4.297,4.547,5.468,4.383,5.031,4.637,4.619,3.060,5.414,4.595,5.248,0.964,4.970,5.419,4.235
MP0279,high_conflict_relationships,4.692,3.753,3.218,4.512,3.909,3.817,4.390,4.518,3.546,3.853,4.316,3.833,4.154,3.984,2.364,3.759,3.604,5.396,1.695,4.333,4.300,3.638
MP0280,high_conflict_relationships,4.390,4.565,4.926,4.933,4.035,4.041,3.755,4.792,4.298,4.677,4.229,4.566,4.335,4.482,2.776,4.643,4.211,4.732,0.236,4.593,4.317,4.310
MP0281,structured_supportive_care,5.068,3.253,2.665,3.420,3.850,2.985,3.415,3.486,3.625,2.760,3.403,3.167,3.232,3.540,1.635,4.427,2.370,3.484,3.914,3.891,3.451,3.343
MP0282,structured_supportive_care,4.611,3.177,2.908,3.209,1.647,2.820,3.016,3.415,3.436,2.295,3.123,2.891,3.056,3.062,1.337,3.604,2.792,3.388,3.792,4.033,2.952,3.265
MP0283,structured_supportive_care,4.403,4.151,4.934,3.759,3.574,3.425,3.966,3.562,4.164,4.478,3.854,4.336,3.977,4.041,2.296,4.707,2.989,3.640,3.174,4.504,4.051,3.866
MP0284,structured_supportive_care,5.102,3.672,3.446,2.713,3.586,3.530,4.346,3.989,2.903,4.115,4.269,3.448,3.967,3.675,2.082,3.990,2.881,3.032,3.754,3.920,3.526,3.147
MP0285,structured_supportive_care,4.103,3.975,2.787,4.018,3.329,2.888,3.881,3.222,3.148,3.756,3.675,3.545,3.606,3.517,1.811,3.308,3.414,3.573,2.910,4.105,3.637,3.288
MP0286,structured_supportive_care,4.148,3.063,2.452,3.206,2.558,2.309,3.770,3.414,2.867,2.116,3.691,2.352,3.007,2.956,1.270,2.715,2.372,3.718,3.483,3.304,3.064,3.034
MP0287,structured_supportive_care,4.239,2.813,3.005,3.865,2.651,3.960,4.054,4.264,3.319,3.105,4.194,3.135,3.609,3.422,1.764,4.526,2.962,3.881,3.573,3.796,3.811,3.268
MP0288,structured_supportive_care,5.212,3.837,3.643,3.662,3.661,4.203,3.538,4.615,3.657,4.300,3.974,3.976,4.032,4.036,2.325,4.353,3.410,4.021,2.786,3.931,4.446,4.235
MP0289,structured_supportive_care,3.361,4.282,3.332,3.040,2.382,3.875,3.762,3.137,3.465,3.591,3.471,3.563,3.554,3.379,1.715,4.297,2.745,4.274,3.239,3.619,3.775,3.316
MP0290,structured_supportive_care,3.618,4.345,2.745,3.301,3.388,3.087,3.227,3.879,2.275,3.217,3.543,2.751,3.104,3.414,1.514,4.661,2.870,3.654,3.388,3.667,3.612,4.453
MP0291,structured_supportive_care,4.207,4.417,3.867,3.189,3.206,4.177,3.616,4.059,4.240,3.516,3.890,3.840,3.829,3.844,2.102,4.272,2.840,3.198,3.232,3.864,3.773,2.254
MP0292,structured_supportive_care,4.831,3.846,4.184,3.414,3.220,3.549,3.733,3.545,3.100,3.917,3.841,3.568,3.623,3.841,1.988,3.693,2.916,3.684,2.974,3.870,3.842,3.809
MP0293,structured_supportive_care,3.333,4.798,3.671,2.535,2.413,2.583,3.195,2.692,4.289,3.347,2.956,3.786,3.262,3.222,1.501,4.011,3.076,3.786,2.943,3.821,3.443,3.502
MP0294,structured_supportive_care,3.549,5.735,2.883,2.930,3.882,3.925,3.850,2.623,3.881,4.401,3.222,4.166,3.566,3.818,1.945,4.610,3.348,3.978,2.435,4.106,3.766,4.099
MP0295,structured_supportive_care,3.042,4.942,3.767,3.259,3.154,2.586,3.340,3.174,3.747,4.006,3.203,3.886,3.488,3.458,1.723,4.399,2.766,2.366,2.906,3.987,3.771,3.622
MP0296,structured_supportive_care,2.588,4.655,2.806,2.964,3.459,2.914,3.841,2.856,3.581,4.330,3.430,3.849,3.568,3.231,1.647,3.905,3.174,3.816,2.852,4.027,3.676,3.330
MP0297,structured_supportive_care,2.953,2.538,3.558,3.658,2.588,3.293,3.463,3.044,3.436,3.473,3.135,3.482,3.157,3.098,1.397,3.511,2.064,3.718,3.352,3.048,3.565,3.100
MP0298,structured_supportive_care,4.288,4.252,5.399,3.740,3.053,3.663,3.743,3.582,4.082,3.459,3.753,3.965,3.882,4.066,2.255,4.684,3.004,3.546,2.716,4.621,3.939,4.487
MP0299,structured_supportive_care,2.978,3.551,3.025,4.142,2.791,3.282,2.985,3.075,2.965,3.701,2.937,3.407,3.122,3.295,1.470,3.773,2.884,3.648,3.314,3.424,3.666,3.157
MP0300,structured_supportive_care,3.772,3.621,4.617,3.545,3.793,2.846,4.201,3.436,3.712,2.967,3.752,3.222,3.387,3.699,1.790,3.621,2.930,3.547,2.924,3.477,3.527,3.484
MP0301,structured_supportive_care,2.584,3.217,4.431,2.518,3.017,2.511,2.893,3.031,3.152,3.336,3.116,3.271,3.126,3.046,1.360,3.420,2.897,3.207,3.555,2.862,2.993,3.145
MP0302,structured_supportive_care,2.887,3.820,5.209,3.793,3.989,2.422,2.901,2.861,4.508,2.802,2.819,3.644,3.273,3.687,1.724,3.157,3.606,3.425,3.328,4.480,4.129,3.848
MP0303,structured_supportive_care,3.189,3.351,4.142,2.789,2.305,2.699,3.415,3.036,3.208,3.175,3.328,3.228,3.320,3.079,1.461,4.186,2.580,3.639,3.914,2.918,3.453,2.696
MP0304,structured_supportive_care,3.105,3.078,5.455,3.417,4.049,3.257,4.138,3.957,4.407,3.754,4.146,4.155,4.017,3.727,2.139,4.028,2.470,2.942,3.314,3.978,3.929,3.980
MP0305,structured_supportive_care,3.224,3.501,4.022,5.219,4.599,2.813,3.368,4.094,3.363,3.167,3.804,3.217,3.458,3.896,1.925,2.990,2.707,2.899,3.550,3.986,3.636,3.330
MP0306,structured_supportive_care,2.906,3.572,3.250,4.937,1.985,2.458,3.198,2.962,2.722,2.618,3.099,2.565,2.796,3.185,1.272,2.944,2.670,3.256,2.912,3.146,3.007,3.361
MP0307,structured_supportive_care,3.521,3.554,3.978,4.652,5.028,2.786,3.389,3.431,3.464,3.443,3.344,3.454,3.414,3.920,1.912,2.956,1.956,3.018,3.498,3.182,3.354,3.110
MP0308,structured_supportive_care,4.009,4.852,3.817,5.087,3.610,2.753,3.427,3.763,3.056,3.287,3.618,3.158,3.389,4.021,1.947,3.926,2.839,3.598,3.439,4.003,3.680,3.767
MP0309,structured_supportive_care,3.921,3.638,3.717,5.168,3.212,2.730,3.115,4.530,3.591,3.083,3.690,3.433,3.472,3.731,1.851,3.894,2.573,3.271,2.383,4.386,3.710,3.380
MP0310,structured_supportive_care,3.281,3.799,3.241,4.864,3.355,2.914,3.720,3.918,3.852,2.907,3.754,3.469,3.538,3.576,1.807,3.793,2.935,3.299,3.097,3.395,3.202,3.659
MP0311,structured_supportive_care,4.136,4.418,4.072,5.134,3.850,3.052,4.841,3.877,3.117,4.176,4.376,3.607,3.979,4.110,2.336,4.064,2.927,2.991,2.934,4.244,4.276,3.486
MP0312,structured_supportive_care,2.506,3.890,2.554,4.807,3.724,3.909,3.084,3.157,2.713,2.284,3.212,2.402,2.978,3.565,1.516,2.852,2.380,3.462,3.084,3.540,3.276,2.788
MP0313,structured_supportive_care,3.948,4.576,3.865,3.007,4.479,3.046,3.192,3.591,3.696,3.217,3.299,3.435,3.226,3.820,1.761,3.891,2.994,4.200,2.847,3.785,3.642,3.523
MP0314,structured_supportive_care,3.246,3.354,4.084,2.899,3.675,3.352,3.573,2.516,3.381,3.232,3.124,3.429,3.352,3.435,1.645,3.718,2.979,3.250,3.419,3.256,3.266,3.347
MP0315,structured_supportive_care,3.864,2.565,2.607,3.331,3.833,2.323,4.043,3.058,3.369,2.368,3.604,2.893,3.273,3.087,1.443,3.219,2.628,3.407,3.403,3.491,3.089,3.530
MP0316,structured_supportive_care,3.622,2.766,3.018,2.259,3.982,3.045,4.100,2.669,2.770,3.440,3.474,3.096,3.370,3.115,1.500,3.681,2.462,3.098,3.735,3.495,3.229,2.786
MP0317,structured_supportive_care,3.312,2.998,3.597,4.012,3.663,2.970,2.396,3.506,2.849,2.403,3.024,2.557,2.802,3.425,1.371,3.323,3.036,3.355,4.143,3.546,3.358,2.957
MP0318,structured_supportive_care,3.526,2.958,3.857,3.943,5.225,3.678,3.802,3.364,3.550,3.332,3.569,3.338,3.517,3.865,1.942,3.706,2.691,3.239,3.837,3.431,3.617,3.451
MP0319,structured_supportive_care,2.524,2.721,2.307,3.424,3.722,2.584,3.264,3.300,2.579,2.544,3.316,2.631,3.010,2.880,1.239,3.711,2.312,3.111,3.388,3.150,2.748,2.763
MP0320,structured_supportive_care,4.032,3.920,3.506,3.907,4.492,3.138,3.344,3.506,3.598,3.541,3.380,3.404,3.346,3.832,1.832,4.482,3.213,3.704,2.422,3.848,3.696,3.747
MP0321,structured_supportive_care,4.073,3.634,2.963,3.006,2.950,4.342,3.693,2.891,2.759,3.900,3.244,3.340,3.417,3.495,1.706,3.585,2.892,3.575,3.402,3.444,3.071,3.460
MP0322,structured_supportive_care,2.655,3.114,2.976,3.185,3.314,4.481,2.605,3.754,3.588,3.201,3.215,3.375,3.285,3.287,1.543,3.887,2.314,2.544,3.052,3.570,3.293,3.664
MP0323,structured_supportive_care,3.230,4.027,3.625,2.723,3.281,4.807,3.579,3.401,3.341,3.796,3.613,3.550,3.577,3.616,1.847,4.092,2.788,3.187,3.567,3.470,3.963,3.372
MP0324,structured_supportive_care,3.105,3.652,3.613,2.795,3.885,4.892,3.429,3.622,2.750,3.067,3.480,2.890,3.318,3.657,1.734,4.502,2.720,3.082,3.560,3.477,3.863,3.952
MP0325,structured_supportive_care,3.680,4.120,3.308,2.617,3.921,4.244,4.216,3.480,3.462,2.951,3.884,3.291,3.542,3.648,1.846,3.493,3.076,3.758,3.548,3.770,3.483,3.142
MP0326,structured_supportive_care,3.976,3.594,2.968,2.799,3.525,4.457,3.842,3.199,3.109,3.670,3.515,3.403,3.467,3.553,1.760,4.823,3.289,4.123,3.919,3.690,3.627,3.602
MP0327,structured_supportive_care,2.496,3.183,2.922,2.809,2.931,4.618,2.833,3.833,3.299,3.190,3.428,3.292,3.343,3.160,1.509,4.313,2.866,3.317,3.269,3.930,3.306,2.511
MP0328,structured_supportive_care,3.740,3.571,3.631,3.780,3.313,5.864,3.745,4.356,3.815,2.766,4.055,3.260,3.651,3.983,2.077,4.202,2.637,3.509,3.400,3.836,3.985,3.668
MP0329,structured_supportive_care,4.803,3.897,4.527,5.202,3.600,4.990,4.309,4.346,3.756,4.267,4.275,4.022,4.175,4.503,2.686,4.565,3.498,3.187,2.715,4.389,4.695,4.266
MP0330,structured_supportive_care,3.746,4.185,4.282,4.168,3.785,3.459,3.959,3.541,3.038,3.147,3.619,3.052,3.446,3.938,1.938,3.848,2.631,2.670,2.801,3.811,3.591,3.998
MP0331,structured_supportive_care,4.655,3.375,3.586,4.054,2.445,3.936,3.713,4.199,3.062,3.348,4.023,3.195,3.570,3.675,1.875,4.398,2.388,3.320,3.960,3.396,3.791,3.019
MP0332,structured_supportive_care,3.796,3.343,3.337,3.605,3.468,3.985,3.543,3.810,3.199,3.523,3.633,3.530,3.564,3.589,1.827,3.824,2.697,2.555,2.762,3.485,3.659,2.807
MP0333,structured_supportive_care,4.081,3.083,3.631,3.603,3.426,4.347,3.708,4.384,2.511,3.409,4.102,2.820,3.506,3.695,1.851,4.632,2.705,3.403,3.822,3.168,3.724,3.592
MP0334,structured_supportive_care,3.503,4.249,4.052,4.038,3.720,4.065,3.666,3.904,4.430,2.667,3.809,3.568,3.635,3.938,2.045,3.424,2.669,2.990,3.351,3.865,3.670,3.450
MP0335,structured_supportive_care,3.312,2.815,3.439,3.717,3.704,3.617,3.661,2.756,3.110,3.350,3.111,3.249,3.175,3.434,1.558,4.090,2.648,3.006,3.684,3.101,3.698,3.524
MP0336,structured_supportive_care,3.197,3.810,3.316,3.651,3.074,2.897,3.196,3.397,2.715,2.432,3.275,2.613,2.923,3.324,1.388,2.402,2.197,2.833,3.077,2.828,3.227,2.916
