person_id,assessment_context,s1,s2,s3,s4,s5,o1,o2,o3,o4,o5,attention_check,careless_response_risk,social_desirability_pressure,self_missing_count,observer_missing_count,self_conscientiousness,observer_conscientiousness,self_other_discrepancy,absolute_self_other_discrepancy,method_effect_index,reliability_context_score,professional_reflection_score
PME00001,low_stakes_research_context,5.292,6.237,5.136,5.781,6.252,5.904,5.763,5.506,5.841,5.525,1,0.169,0.576,0,0,5.739,5.708,0.032,0.032,0.437,5.702,4.607
PME00002,low_stakes_research_context,5.596,5.832,5.803,5.882,5.970,5.540,5.748,4.856,5.755,5.191,1,1.071,1.982,0,0,5.816,5.418,0.398,0.398,0.818,5.339,4.470
PME00003,low_stakes_research_context,5.494,6.035,6.088,6.179,6.056,6.242,5.544,5.655,5.001,5.791,1,0.885,1.189,1,0,6.089,5.647,0.443,0.443,0.852,5.137,4.418
PME00004,low_stakes_research_context,6.260,6.048,5.603,5.860,6.328,,5.686,5.698,5.566,5.636,1,0.117,1.482,0,0,6.020,5.524,0.496,0.496,0.716,5.492,4.579
PME00005,low_stakes_research_context,6.066,6.016,5.558,5.899,6.345,5.561,6.014,5.456,4.995,5.576,1,1.541,1.738,0,1,5.977,5.510,0.467,0.467,1.214,5.272,4.522
PME00006,low_stakes_research_context,5.527,5.959,5.292,5.538,5.906,5.109,5.620,5.363,6.226,5.333,1,0.510,0.917,0,0,5.644,5.530,0.114,0.114,0.467,5.463,4.096
PME00007,low_stakes_research_context,5.804,5.878,5.765,5.818,5.816,5.673,5.190,5.075,5.431,5.366,1,0.346,1.068,0,0,5.816,5.347,0.470,0.470,0.941,5.518,5.154
PME00008,low_stakes_research_context,5.996,,5.629,5.045,5.885,5.635,5.887,5.407,5.969,5.784,1,1.495,1.844,0,1,5.767,5.699,0.069,0.069,1.265,5.172,5.439
PME00009,low_stakes_research_context,6.419,5.589,5.690,6.140,,5.419,5.531,5.560,5.302,5.272,1,1.125,1.846,0,0,5.960,5.417,0.543,0.543,1.216,5.074,5.159
PME00010,low_stakes_research_context,6.358,6.274,6.004,5.665,6.445,5.500,6.136,5.714,5.638,5.539,1,0.721,1.350,0,1,6.149,5.747,0.402,0.402,0.736,4.747,5.053
PME00011,low_stakes_research_context,6.023,6.082,6.069,6.393,5.842,5.797,5.495,5.756,5.926,5.987,1,0.151,1.364,0,0,6.082,5.792,0.289,0.289,0.786,5.137,4.767
PME00012,low_stakes_research_context,5.744,5.479,6.181,6.034,6.377,5.186,5.606,5.232,5.927,4.944,1,1.329,1.673,0,0,5.963,5.379,0.584,0.584,1.562,5.342,5.281
PME00013,low_stakes_research_context,,4.158,4.704,3.617,4.543,4.523,4.112,4.114,,3.819,1,0.692,0.729,0,1,4.283,4.136,0.146,0.146,0.105,5.118,4.730
PME00014,low_stakes_research_context,4.206,4.128,4.582,4.664,4.042,3.910,4.365,4.313,,4.033,1,1.774,1.597,0,0,4.324,4.198,0.126,0.126,1.095,4.832,4.440
PME00015,low_stakes_research_context,4.270,4.635,4.326,4.683,4.535,3.563,3.914,3.642,4.360,,0,1.034,2.383,0,0,4.490,3.837,0.652,0.652,1.384,5.499,4.638
PME00016,low_stakes_research_context,4.445,4.117,4.563,4.592,4.998,4.181,4.619,3.843,3.722,3.759,1,0.401,1.445,0,0,4.543,4.025,0.518,0.518,0.998,5.229,4.969
PME00017,low_stakes_research_context,4.135,4.394,4.464,4.760,4.067,3.606,3.805,3.882,3.773,4.346,1,1.662,1.220,1,0,4.265,3.882,0.383,0.383,1.428,5.226,4.439
PME00018,low_stakes_research_context,3.719,4.475,4.551,4.398,4.984,3.531,3.648,4.494,4.262,4.105,1,0.695,1.144,1,0,4.432,4.008,0.424,0.424,0.779,5.261,4.193
PME00019,low_stakes_research_context,4.505,4.310,4.603,4.694,4.170,4.102,4.043,4.013,4.247,3.839,1,0.800,1.379,1,0,4.444,4.049,0.395,0.395,0.566,4.947,4.843
PME00020,low_stakes_research_context,4.132,4.629,4.656,4.123,4.060,3.820,3.893,3.923,4.107,3.908,1,0.348,2.224,0,0,4.320,3.930,0.390,0.390,1.298,5.475,4.798
PME00021,low_stakes_research_context,4.635,4.743,4.058,3.875,,4.047,3.964,4.356,4.383,3.957,1,0.864,1.663,0,0,4.313,4.141,0.171,0.171,1.232,5.537,5.145
PME00022,low_stakes_research_context,3.673,4.051,4.318,3.956,4.533,4.211,4.281,3.951,3.749,3.951,1,0.904,0.708,0,0,4.106,4.028,0.078,0.078,0.095,5.178,5.621
PME00023,low_stakes_research_context,4.306,4.165,4.613,4.990,4.500,4.254,4.457,3.983,3.858,4.050,1,1.200,0.743,0,0,4.515,4.120,0.394,0.394,1.087,5.317,4.819
PME00024,low_stakes_research_context,3.937,4.773,4.750,4.354,4.382,4.311,4.054,3.982,3.506,3.658,1,1.183,2.488,0,0,4.439,3.902,0.537,0.537,1.456,5.061,4.385
PME00025,low_stakes_research_context,3.331,2.026,2.512,2.378,2.688,2.813,,,2.450,2.515,1,1.528,0.538,2,1,2.526,2.530,-0.004,0.004,1.141,4.917,4.808
PME00026,low_stakes_research_context,3.087,2.538,2.203,2.651,3.045,2.499,3.071,2.484,2.459,2.720,1,0.628,0.945,1,0,2.747,2.647,0.100,0.100,0.522,5.549,4.875
PME00027,low_stakes_research_context,2.264,2.002,2.405,2.988,1.845,3.057,2.617,2.543,2.833,2.931,1,0.705,0.666,0,0,2.301,2.796,-0.495,0.495,0.733,5.422,5.669
PME00028,low_stakes_research_context,2.493,2.759,2.952,3.096,2.793,2.938,2.859,3.426,2.727,2.543,1,0.404,1.949,0,0,2.819,2.899,-0.080,0.080,0.792,5.605,5.511
PME00029,low_stakes_research_context,2.894,2.661,3.176,2.342,2.575,2.815,2.718,3.149,2.660,2.654,1,0.528,0.883,0,0,2.730,2.799,-0.069,0.069,0.272,5.334,4.436
PME00030,low_stakes_research_context,2.702,2.567,2.195,2.687,2.585,2.604,3.043,3.207,2.725,3.124,1,0.775,1.698,0,0,2.547,2.941,-0.393,0.393,0.692,5.599,5.109
PME00031,low_stakes_research_context,2.361,2.847,2.488,2.800,3.191,2.424,3.161,2.782,2.495,2.505,1,0.962,1.436,0,0,2.737,2.674,0.063,0.063,0.758,5.338,4.375
PME00032,low_stakes_research_context,3.311,2.845,2.860,3.698,2.834,2.780,2.858,1.596,2.814,3.092,1,0.357,1.689,0,0,3.109,2.628,0.482,0.482,0.936,4.867,4.737
PME00033,low_stakes_research_context,2.493,2.754,3.049,3.325,3.461,2.921,2.706,3.150,2.419,2.958,1,0.883,1.492,1,0,2.905,2.831,0.075,0.075,0.555,5.262,4.445
PME00034,low_stakes_research_context,3.080,2.779,2.810,2.471,2.676,2.837,2.998,2.498,2.610,3.326,1,1.734,1.143,0,0,2.763,2.854,-0.091,0.091,1.126,5.201,5.022
PME00035,low_stakes_research_context,2.555,2.768,3.265,3.225,2.666,2.622,3.151,3.312,2.962,2.639,1,0.719,2.227,0,0,2.896,2.937,-0.041,0.041,1.116,5.556,4.156
PME00036,low_stakes_research_context,2.973,2.692,2.613,2.550,2.465,2.657,2.134,2.860,3.287,2.587,1,0.242,0.980,0,0,2.659,2.705,-0.046,0.046,0.541,5.114,4.371
PME00037,low_stakes_research_context,5.165,,5.571,4.887,5.402,4.138,2.701,4.017,,4.126,1,0.642,1.007,0,0,5.242,3.685,1.557,1.557,1.469,4.917,5.627
PME00038,low_stakes_research_context,4.520,4.797,5.637,5.089,6.272,4.092,3.427,3.177,3.708,3.389,1,0.715,1.321,0,0,5.263,3.559,1.704,1.704,1.439,4.866,5.278
PME00039,low_stakes_research_context,5.032,6.063,4.747,5.400,5.211,,3.766,4.223,3.201,3.321,1,2.321,0.000,1,0,5.355,3.509,1.846,1.846,1.524,4.495,4.754
PME00040,low_stakes_research_context,5.437,5.504,4.955,5.197,5.130,3.615,3.823,3.769,3.305,4.084,1,0.506,1.877,0,0,5.244,3.719,1.525,1.525,1.206,4.931,5.098
PME00041,low_stakes_research_context,5.243,4.305,5.499,4.790,6.064,3.418,3.475,3.936,3.662,4.028,1,0.619,1.047,0,0,5.180,3.704,1.476,1.476,2.044,5.040,5.512
PME00042,low_stakes_research_context,5.611,5.210,5.873,,4.549,4.208,2.148,4.419,,3.262,1,1.009,1.229,1,0,5.313,3.548,1.764,1.764,1.640,5.097,5.014
PME00043,low_stakes_research_context,5.150,5.295,5.976,5.817,5.352,3.822,3.534,3.945,3.569,3.406,1,1.237,1.300,0,0,5.518,3.655,1.863,1.863,1.644,4.972,5.292
PME00044,low_stakes_research_context,4.573,4.677,5.647,5.430,5.634,3.374,3.889,4.252,3.189,4.178,1,1.032,0.470,0,0,5.192,3.776,1.416,1.416,0.927,4.720,5.017
PME00045,low_stakes_research_context,5.385,5.365,5.937,4.705,4.851,3.727,3.691,4.044,3.561,3.691,1,0.919,2.348,0,1,5.249,3.747,1.502,1.502,2.112,5.197,5.438
PME00046,low_stakes_research_context,6.263,5.470,5.328,5.470,5.772,3.644,4.114,3.892,4.502,3.104,1,0.223,1.750,0,0,5.660,3.851,1.809,1.809,1.473,5.326,5.184
PME00047,low_stakes_research_context,4.582,5.039,5.860,5.753,5.404,3.124,3.370,3.677,3.528,3.509,1,0.543,2.233,0,0,5.328,3.442,1.886,1.886,1.554,5.109,5.121
PME00048,low_stakes_research_context,5.471,5.873,4.478,4.544,5.352,3.257,4.179,4.852,3.884,3.686,1,0.494,2.088,0,0,5.144,3.972,1.172,1.172,0.994,5.077,5.244
PME00049,low_stakes_research_context,3.165,2.683,2.968,3.343,2.755,5.015,4.292,5.343,5.190,4.412,1,0.929,0.424,0,0,2.983,4.850,-1.868,1.868,1.366,4.710,4.959
PME00050,low_stakes_research_context,3.294,4.108,3.799,3.015,3.444,4.778,4.484,,5.150,4.703,1,1.820,0.703,0,0,3.532,4.944,-1.412,1.412,1.412,4.882,5.123
PME00051,low_stakes_research_context,2.954,3.498,3.105,3.021,3.340,5.355,4.548,4.773,5.664,4.975,1,2.231,1.881,0,0,3.184,5.063,-1.879,1.879,2.426,4.551,4.908
PME00052,low_stakes_research_context,2.908,2.785,3.708,3.608,3.066,4.723,4.154,6.105,5.238,4.923,1,1.583,1.148,0,0,3.215,5.029,-1.813,1.813,1.955,5.043,5.047
PME00053,low_stakes_research_context,2.481,3.182,2.835,3.371,2.903,5.010,4.697,4.599,4.844,4.147,1,1.294,0.475,0,1,2.954,4.675,-1.720,1.720,1.626,5.005,5.131
PME00054,low_stakes_research_context,2.584,3.409,3.019,3.769,3.741,5.374,5.571,4.797,4.210,5.577,1,0.547,1.357,0,0,3.305,5.106,-1.801,1.801,1.499,5.179,4.692
PME00055,low_stakes_research_context,3.475,3.574,4.082,2.421,3.007,5.513,4.729,4.794,4.163,5.339,1,1.786,0.386,0,1,3.312,4.952,-1.640,1.640,1.441,4.762,4.484
PME00056,low_stakes_research_context,3.384,3.571,2.847,2.937,3.510,4.520,4.189,4.393,5.065,4.856,1,2.022,1.004,0,0,3.250,4.604,-1.354,1.354,1.707,4.758,5.713
PME00057,low_stakes_research_context,2.866,3.446,3.367,4.122,2.633,4.814,5.249,4.321,5.636,4.506,1,0.836,0.502,0,0,3.287,4.905,-1.618,1.618,1.094,4.669,4.911
PME00058,low_stakes_research_context,2.422,3.832,3.046,3.423,2.843,4.451,5.327,4.993,5.512,5.198,1,0.171,0.588,0,0,3.113,5.096,-1.983,1.983,1.013,5.140,4.839
PME00059,low_stakes_research_context,3.303,3.171,3.073,3.954,3.562,4.525,5.094,4.826,4.070,5.393,1,0.387,2.221,1,0,3.498,4.782,-1.284,1.284,1.681,5.314,5.126
PME00060,low_stakes_research_context,2.590,3.550,3.968,2.925,2.831,4.614,5.699,4.793,4.978,5.296,1,0.543,0.771,1,0,3.078,5.076,-1.998,1.998,1.325,4.728,4.814
PME00061,low_stakes_research_context,4.762,5.140,5.255,,6.038,3.224,4.113,4.338,4.137,3.943,1,1.005,1.863,0,0,5.284,3.951,1.333,1.333,1.820,5.032,5.107
PME00062,low_stakes_research_context,4.689,5.106,5.387,4.401,4.509,4.623,5.521,4.108,5.355,3.852,1,0.928,1.042,0,0,4.819,4.692,0.127,0.127,0.454,5.240,5.274
PME00063,low_stakes_research_context,5.340,4.550,4.344,4.132,4.921,3.890,4.488,4.263,3.786,3.895,1,0.000,1.820,0,0,4.657,4.064,0.593,0.593,1.326,5.402,4.926
PME00064,low_stakes_research_context,4.791,4.137,5.729,4.262,4.836,,3.645,4.491,4.048,4.566,1,1.474,0.883,0,0,4.751,4.172,0.579,0.579,0.960,4.903,4.568
PME00065,low_stakes_research_context,5.663,3.969,4.280,5.238,4.877,3.992,2.110,3.612,3.466,3.413,1,1.371,0.755,0,0,4.805,3.319,1.487,1.487,1.921,4.918,5.043
PME00066,low_stakes_research_context,4.929,3.922,4.704,5.098,4.978,4.673,2.575,4.255,5.008,3.998,1,0.127,0.439,0,0,4.726,4.102,0.624,0.624,0.524,5.449,5.092
PME00067,low_stakes_research_context,4.513,4.769,4.587,4.390,5.084,3.851,4.228,4.227,,5.101,1,0.503,0.658,0,0,4.668,4.189,0.479,0.479,0.956,5.388,4.828
PME00068,low_stakes_research_context,3.829,4.650,4.932,6.474,5.174,3.950,2.953,4.037,3.847,3.355,1,0.610,1.028,0,0,5.012,3.628,1.383,1.383,1.404,4.922,5.510
PME00069,low_stakes_research_context,4.125,5.191,4.849,4.988,4.170,4.771,,3.592,4.481,3.839,1,1.439,0.732,1,0,4.533,4.220,0.313,0.313,1.191,5.291,4.500
PME00070,low_stakes_research_context,5.111,5.391,5.018,6.223,5.737,3.123,4.944,,4.245,4.557,1,0.869,1.646,0,0,5.496,4.449,1.047,1.047,1.626,5.359,5.249
PME00071,low_stakes_research_context,5.045,5.885,3.827,4.092,4.887,4.051,3.438,4.595,3.319,4.616,1,0.000,1.937,0,0,4.747,4.004,0.743,0.743,1.244,5.141,5.316
PME00072,low_stakes_research_context,4.399,5.315,4.644,5.436,5.167,4.246,4.639,3.380,3.820,4.676,1,1.555,1.686,1,0,4.912,4.152,0.759,0.759,1.515,4.629,5.524
PME00073,professional_workshop_context,6.247,6.482,6.060,5.452,6.606,5.767,5.149,4.874,5.678,5.582,1,1.372,2.553,0,1,6.169,5.321,0.848,0.848,1.597,4.462,4.698
PME00074,professional_workshop_context,5.196,5.564,5.701,5.697,,5.194,5.723,6.102,5.291,5.461,1,1.389,0.000,0,1,5.614,5.645,-0.030,0.030,0.719,4.688,4.460
PME00075,professional_workshop_context,5.703,5.800,5.548,5.813,6.288,5.268,,5.826,5.684,5.038,1,1.374,3.473,1,0,5.862,5.462,0.400,0.400,1.697,4.953,4.360
PME00076,professional_workshop_context,5.629,5.375,5.849,5.571,6.350,5.762,5.548,5.736,5.429,6.070,1,1.221,1.662,0,1,5.755,5.749,0.006,0.006,0.925,4.871,5.119
PME00077,professional_workshop_context,5.549,5.470,6.234,6.280,5.680,5.287,5.680,5.951,5.070,5.247,1,1.182,1.649,0,0,5.843,5.447,0.396,0.396,1.435,4.939,4.979
PME00078,professional_workshop_context,5.442,6.296,5.717,5.824,5.482,5.580,5.985,5.876,,,1,1.299,1.693,0,0,5.752,5.627,0.125,0.125,1.339,5.247,4.350
PME00079,professional_workshop_context,6.464,6.236,5.612,5.915,6.200,5.393,6.037,5.662,5.741,5.998,1,0.971,3.069,0,0,6.085,5.766,0.319,0.319,1.612,4.893,5.031
PME00080,professional_workshop_context,5.719,5.883,6.380,5.509,6.138,5.807,5.297,5.604,5.829,5.347,1,2.186,1.892,0,0,5.926,5.577,0.349,0.349,1.559,4.581,5.110
PME00081,professional_workshop_context,5.834,6.550,6.192,6.075,6.177,5.528,5.346,5.718,5.291,5.510,1,0.649,2.343,0,0,6.166,5.479,0.687,0.687,0.630,4.901,5.435
PME00082,professional_workshop_context,,5.955,6.082,5.219,5.840,5.386,5.698,5.731,5.536,,1,1.218,1.288,0,0,5.667,5.633,0.034,0.034,1.061,4.976,4.801
PME00083,professional_workshop_context,5.965,6.506,5.746,5.630,5.988,5.593,5.555,5.793,5.528,,1,1.505,1.535,0,0,5.967,5.588,0.379,0.379,1.647,4.806,4.757
PME00084,professional_workshop_context,5.866,6.199,5.999,6.045,6.418,5.148,5.464,5.760,5.472,5.164,1,1.102,2.253,0,0,6.106,5.402,0.704,0.704,1.509,4.745,4.873
PME00085,professional_workshop_context,5.012,4.207,,4.036,4.087,3.928,3.738,3.433,4.624,4.331,0,1.260,1.847,0,0,4.385,4.011,0.374,0.374,1.467,5.175,4.521
PME00086,professional_workshop_context,4.391,4.159,4.372,4.634,4.170,4.259,4.309,3.819,3.840,3.783,1,1.558,1.502,0,0,4.345,4.002,0.343,0.343,1.701,4.979,4.913
PME00087,professional_workshop_context,4.538,4.218,4.239,4.607,4.487,3.782,3.526,4.532,3.683,4.325,1,2.283,2.946,0,0,4.418,3.970,0.448,0.448,1.525,4.500,4.828
PME00088,professional_workshop_context,4.553,4.167,4.467,4.405,4.330,3.863,4.135,3.525,4.065,3.888,1,1.391,1.630,0,0,4.384,3.895,0.489,0.489,1.302,4.580,5.072
PME00089,professional_workshop_context,4.083,4.145,4.118,3.951,4.609,4.197,3.645,3.780,3.656,4.130,1,0.736,1.922,0,0,4.181,3.882,0.299,0.299,1.266,5.168,4.642
PME00090,professional_workshop_context,4.234,4.578,4.569,4.484,4.597,3.443,4.101,4.181,3.585,3.907,1,1.468,1.480,0,0,4.492,3.844,0.649,0.649,1.448,5.198,4.684
PME00091,professional_workshop_context,4.092,4.108,4.481,4.275,3.863,3.931,4.150,3.973,4.565,3.971,1,1.707,1.482,1,1,4.239,4.006,0.233,0.233,1.504,4.898,4.544
PME00092,professional_workshop_context,4.740,4.278,4.244,4.433,3.995,3.774,3.622,4.311,4.485,3.638,1,1.457,2.412,0,0,4.338,3.966,0.372,0.372,0.999,4.852,5.005
PME00093,professional_workshop_context,4.640,4.212,4.619,4.553,4.035,3.546,3.826,4.125,3.897,4.111,1,0.444,1.449,0,0,4.412,3.901,0.511,0.511,1.077,5.070,4.577
PME00094,professional_workshop_context,4.459,4.640,4.499,4.660,4.213,3.904,4.515,3.835,3.242,4.374,1,1.326,2.315,0,0,4.494,3.974,0.520,0.520,1.421,4.575,4.385
PME00095,professional_workshop_context,4.423,4.690,4.470,4.088,,3.924,4.394,3.991,3.482,3.770,1,0.850,2.293,0,0,4.308,3.912,0.396,0.396,0.744,5.541,4.778
PME00096,professional_workshop_context,4.370,4.919,3.723,4.186,4.541,4.202,3.994,4.419,,4.604,1,2.233,2.588,0,0,4.348,4.296,0.051,0.051,1.210,4.851,4.430
PME00097,professional_workshop_context,,2.952,2.721,,3.343,2.849,3.255,2.312,2.794,2.313,1,1.943,2.073,2,0,2.912,2.705,0.207,0.207,1.471,4.596,4.757
PME00098,professional_workshop_context,2.860,2.377,2.856,2.667,3.821,3.531,2.972,2.793,2.599,2.343,1,1.651,2.711,1,1,2.690,2.974,-0.284,0.284,1.444,5.018,4.729
PME00099,professional_workshop_context,2.774,3.266,2.487,3.317,2.835,2.883,2.297,2.031,2.560,2.869,1,1.573,2.090,0,0,2.936,2.528,0.408,0.408,1.451,4.815,4.904
PME00100,professional_workshop_context,3.022,3.680,2.843,2.968,2.429,2.491,2.849,,3.027,2.873,1,1.026,3.274,0,1,2.988,2.803,0.185,0.185,1.477,5.271,4.511
PME00101,professional_workshop_context,3.029,2.829,2.808,3.442,2.845,2.429,2.674,2.507,,3.257,1,0.887,2.386,0,0,2.990,2.615,0.376,0.376,0.857,5.024,4.525
PME00102,professional_workshop_context,3.006,2.371,2.882,2.740,3.012,3.039,3.177,2.374,2.696,2.696,1,1.055,1.316,0,1,2.802,2.821,-0.019,0.019,0.692,4.723,4.998
PME00103,professional_workshop_context,2.582,2.864,2.749,3.242,3.002,2.672,3.136,3.184,2.857,2.650,1,1.429,2.954,0,0,2.888,2.900,-0.012,0.012,0.836,4.731,4.569
PME00104,professional_workshop_context,2.916,3.059,2.716,2.825,2.892,2.295,2.966,2.263,2.265,3.744,1,0.339,1.979,0,0,2.881,2.706,0.175,0.175,1.039,5.718,4.696
PME00105,professional_workshop_context,2.750,2.593,2.507,3.050,2.568,2.639,2.330,2.573,2.388,2.848,1,1.461,1.139,0,1,2.694,2.612,0.082,0.082,0.837,4.658,4.724
PME00106,professional_workshop_context,2.926,,2.723,,3.581,2.870,2.204,2.764,2.676,2.165,1,1.843,2.651,0,0,2.993,2.536,0.458,0.458,1.821,4.731,4.502
PME00107,professional_workshop_context,2.666,2.698,2.485,3.008,2.548,2.515,3.181,2.335,2.803,2.477,1,2.318,1.631,0,0,2.681,2.662,0.019,0.019,0.888,4.773,4.286
PME00108,professional_workshop_context,2.690,2.602,2.834,3.006,2.095,2.997,2.490,2.710,2.331,2.945,1,1.501,1.694,0,0,2.645,2.695,-0.049,0.049,1.015,5.340,4.379
PME00109,professional_workshop_context,5.594,5.903,4.894,5.310,5.287,4.254,4.054,3.336,4.746,3.956,1,1.490,1.241,1,0,5.425,4.069,1.356,1.356,1.370,4.346,4.292
PME00110,professional_workshop_context,4.864,5.480,4.919,5.127,,3.552,3.049,3.956,2.694,3.962,1,0.725,0.462,0,0,5.165,3.443,1.722,1.722,1.151,5.026,4.855
PME00111,professional_workshop_context,5.887,4.535,5.859,5.179,6.274,3.242,4.011,3.763,2.786,4.387,1,1.208,2.912,1,0,5.639,3.638,2.001,2.001,2.602,4.352,5.305
PME00112,professional_workshop_context,5.184,5.614,4.879,5.963,5.108,4.181,4.048,4.328,3.473,3.626,1,1.176,2.819,0,0,5.350,3.931,1.419,1.419,1.844,4.535,5.030
PME00113,professional_workshop_context,5.510,5.807,5.553,4.246,5.505,4.191,3.817,4.327,3.270,3.200,1,1.502,0.944,0,0,5.324,3.761,1.563,1.563,1.891,4.143,5.086
PME00114,professional_workshop_context,5.935,6.109,4.768,5.766,5.553,4.307,3.149,3.596,3.946,3.280,1,0.000,2.159,0,1,5.626,3.493,2.134,2.134,1.382,5.211,5.278
PME00115,professional_workshop_context,6.819,6.002,5.427,5.907,6.536,4.472,3.469,3.978,3.762,3.307,1,1.477,2.850,0,0,6.138,3.798,2.341,2.341,2.818,4.360,5.170
PME00116,professional_workshop_context,5.421,5.060,5.767,4.915,5.036,3.842,4.393,4.014,2.677,2.382,1,1.463,1.128,0,0,5.240,3.462,1.778,1.778,1.922,4.872,4.694
PME00117,professional_workshop_context,6.003,5.704,5.152,5.094,5.097,3.078,3.660,2.931,3.812,3.660,0,0.399,2.071,0,0,5.410,3.428,1.982,1.982,1.981,4.290,4.366
PME00118,professional_workshop_context,5.804,6.086,5.553,5.738,5.550,3.098,3.672,2.982,4.406,4.370,1,2.423,1.901,0,0,5.746,3.706,2.040,2.040,2.403,3.735,5.241
PME00119,professional_workshop_context,4.510,5.395,5.577,5.839,5.931,4.119,2.412,3.060,4.156,4.171,1,1.519,2.157,0,0,5.450,3.584,1.867,1.867,2.215,4.782,5.135
PME00120,professional_workshop_context,5.640,5.683,5.408,5.737,5.928,3.984,3.020,4.182,3.543,3.617,1,1.428,1.470,0,0,5.679,3.669,2.010,2.010,1.543,4.787,4.153
PME00121,professional_workshop_context,4.203,3.134,3.403,2.731,3.344,5.132,4.881,5.417,5.933,4.557,1,1.440,1.723,0,0,3.363,5.184,-1.821,1.821,2.166,4.611,5.422
PME00122,professional_workshop_context,3.458,2.647,3.784,3.298,4.293,5.525,4.981,4.680,5.381,4.374,1,1.741,2.319,0,0,3.496,4.988,-1.492,1.492,1.964,4.590,4.548
PME00123,professional_workshop_context,3.632,3.852,3.304,3.351,4.359,4.963,5.124,5.515,4.940,5.877,1,2.248,2.076,0,0,3.700,5.284,-1.584,1.584,2.446,4.384,5.127
PME00124,professional_workshop_context,3.609,3.080,2.742,3.424,3.415,4.795,5.217,4.857,5.704,4.510,1,1.500,1.613,0,1,3.254,5.143,-1.889,1.889,2.232,4.178,4.891
PME00125,professional_workshop_context,4.258,3.852,3.338,3.704,3.237,4.513,5.266,5.270,5.378,4.697,1,0.879,1.751,0,0,3.678,5.025,-1.347,1.347,1.358,5.054,5.285
PME00126,professional_workshop_context,3.944,3.833,3.207,3.259,3.025,5.135,5.329,4.631,4.629,5.007,1,1.734,2.375,0,0,3.453,4.946,-1.493,1.493,2.586,4.664,4.789
PME00127,professional_workshop_context,3.324,3.357,3.157,3.272,2.676,4.971,5.440,5.255,4.744,3.922,1,1.378,1.848,0,0,3.157,4.866,-1.709,1.709,1.929,4.258,5.009
PME00128,professional_workshop_context,3.529,3.477,4.138,3.464,4.127,5.168,4.604,5.269,4.765,4.761,1,1.571,2.375,0,0,3.747,4.913,-1.166,1.166,1.793,4.283,5.162
PME00129,professional_workshop_context,3.178,3.819,4.454,3.159,2.900,5.087,4.811,4.903,5.067,4.837,1,1.368,2.077,0,0,3.502,4.941,-1.439,1.439,1.832,4.671,4.625
PME00130,professional_workshop_context,3.724,,3.646,3.316,3.403,4.731,4.533,4.668,4.815,5.656,1,0.108,1.889,0,0,3.386,4.881,-1.495,1.495,1.561,4.731,4.685
PME00131,professional_workshop_context,3.361,2.980,3.890,2.964,3.275,5.851,4.725,4.685,4.490,5.277,1,0.000,1.940,0,0,3.294,5.006,-1.712,1.712,1.594,5.038,4.806
PME00132,professional_workshop_context,3.828,3.528,2.883,3.445,3.106,4.150,4.735,4.964,5.108,4.807,1,1.311,2.256,1,0,3.315,4.753,-1.437,1.437,2.530,4.815,4.986
PME00133,professional_workshop_context,5.158,6.064,6.225,4.999,4.546,4.588,4.258,5.138,3.884,3.688,1,0.795,2.397,0,0,5.398,4.311,1.087,1.087,1.562,5.528,4.679
PME00134,professional_workshop_context,4.103,5.175,3.907,,4.102,3.696,3.892,5.502,4.092,3.536,1,1.432,1.672,0,1,4.449,4.156,0.293,0.293,0.633,4.927,5.102
PME00135,professional_workshop_context,3.508,4.024,5.390,,4.445,4.602,4.166,3.707,3.875,4.259,1,1.310,2.485,0,0,4.461,4.122,0.339,0.339,1.192,4.928,4.148
PME00136,professional_workshop_context,5.442,4.564,4.889,5.975,4.733,3.856,4.048,3.900,3.640,4.048,1,0.458,2.040,0,0,5.121,3.899,1.222,1.222,1.837,5.436,4.530
PME00137,professional_workshop_context,5.111,3.449,4.131,4.349,4.624,3.247,3.791,4.014,3.300,4.158,1,1.270,2.039,0,0,4.333,3.702,0.631,0.631,1.128,5.075,4.863
PME00138,professional_workshop_context,4.334,5.001,4.947,4.836,6.363,4.601,4.338,4.781,4.474,3.660,1,0.814,2.801,1,0,5.120,4.371,0.749,0.749,1.751,4.895,4.651
PME00139,professional_workshop_context,4.933,5.601,4.780,4.200,5.749,3.713,4.391,4.506,,4.659,1,1.198,2.118,0,0,5.053,4.224,0.829,0.829,1.378,4.850,4.973
PME00140,professional_workshop_context,4.122,4.997,5.508,5.220,5.219,4.729,2.894,4.368,3.865,3.186,1,0.920,1.950,0,1,5.013,3.964,1.049,1.049,1.169,4.744,5.073
PME00141,professional_workshop_context,4.630,4.585,5.528,5.764,4.511,3.911,4.492,3.643,4.009,4.128,1,0.264,2.159,1,0,4.872,4.037,0.836,0.836,1.162,4.944,4.469
PME00142,professional_workshop_context,4.744,4.433,4.473,4.819,5.063,3.523,4.714,3.033,3.405,4.261,0,1.494,1.634,0,0,4.706,3.787,0.919,0.919,1.265,4.703,4.752
PME00143,professional_workshop_context,4.763,5.013,4.491,5.349,5.815,3.718,3.304,3.867,4.859,3.802,1,1.169,3.105,0,0,5.086,3.910,1.176,1.176,1.635,4.614,5.134
PME00144,professional_workshop_context,4.495,5.184,5.347,5.723,3.952,3.681,3.136,4.551,4.057,4.099,1,0.683,1.166,0,0,4.940,3.905,1.035,1.035,1.037,5.040,4.781
PME00145,organizational_learning_context,6.358,5.926,,5.922,5.840,5.462,5.708,4.998,5.448,5.719,1,1.496,2.930,1,0,6.082,5.467,0.615,0.615,1.924,4.450,4.533
PME00146,organizational_learning_context,6.367,5.772,6.269,5.677,5.664,5.077,4.977,5.794,5.186,5.668,1,1.207,2.744,0,0,5.950,5.341,0.609,0.609,1.330,4.584,4.780
PME00147,organizational_learning_context,6.229,6.655,6.568,6.052,5.759,5.334,4.978,4.971,5.321,,1,1.649,3.263,1,0,6.303,5.250,1.053,1.053,2.233,4.276,4.384
PME00148,organizational_learning_context,6.123,6.032,6.062,6.305,6.066,5.762,5.317,5.620,5.697,5.298,1,1.066,2.500,0,1,6.117,5.599,0.518,0.518,1.345,4.977,4.300
PME00149,organizational_learning_context,5.651,6.059,5.598,5.919,5.823,5.802,5.406,4.837,6.218,5.833,1,0.528,3.088,0,0,5.810,5.619,0.191,0.191,1.187,5.017,4.725
PME00150,organizational_learning_context,6.152,6.350,6.039,5.944,6.269,5.588,5.283,5.143,5.657,5.199,1,1.252,3.874,0,0,6.151,5.374,0.776,0.776,1.969,4.905,4.915
PME00151,organizational_learning_context,6.161,6.483,5.283,5.517,6.272,5.942,5.724,5.558,5.329,6.017,1,1.510,2.811,0,0,5.943,5.714,0.229,0.229,1.443,4.958,4.673
PME00152,organizational_learning_context,5.959,5.921,5.999,5.970,5.887,5.585,5.779,5.966,6.015,5.411,1,0.980,2.051,0,0,5.947,5.751,0.196,0.196,0.753,4.640,4.004
PME00153,organizational_learning_context,6.229,5.515,5.953,6.274,5.544,5.776,4.988,5.422,5.543,5.095,1,1.024,2.581,1,0,5.810,5.365,0.445,0.445,1.567,4.528,4.808
PME00154,organizational_learning_context,6.516,5.959,5.639,6.505,6.571,,5.420,5.302,5.578,5.615,1,3.041,2.984,0,0,6.238,5.471,0.767,0.767,2.216,4.340,4.495
PME00155,organizational_learning_context,6.030,5.988,5.653,5.864,5.590,4.695,5.580,5.463,5.443,5.607,1,1.395,2.976,0,0,5.825,5.358,0.467,0.467,1.671,4.730,4.819
PME00156,organizational_learning_context,5.983,5.955,5.711,5.795,6.636,5.800,,5.686,5.717,5.598,1,1.775,2.091,0,0,6.016,5.725,0.291,0.291,1.333,4.678,4.905
PME00157,organizational_learning_context,4.385,4.080,4.795,,4.359,3.738,4.081,3.882,3.711,3.999,0,2.372,2.110,0,0,4.444,3.882,0.561,0.561,1.410,4.113,4.332
PME00158,organizational_learning_context,4.017,4.213,4.288,4.300,4.333,4.218,,3.537,4.097,3.958,1,1.511,2.254,0,0,4.230,3.944,0.286,0.286,1.212,4.594,3.972
PME00159,organizational_learning_context,4.496,4.336,4.440,4.288,4.270,4.324,3.844,4.182,3.905,4.294,1,1.213,2.842,0,0,4.366,4.110,0.256,0.256,0.648,4.871,3.926
PME00160,organizational_learning_context,3.903,4.184,4.473,4.594,4.323,3.920,4.471,4.307,4.342,3.837,1,1.926,2.747,0,0,4.296,4.175,0.120,0.120,1.729,4.221,4.047
PME00161,organizational_learning_context,4.316,4.616,4.040,3.717,4.488,3.819,3.665,3.555,4.007,4.227,1,1.604,2.468,0,0,4.236,3.855,0.381,0.381,1.891,4.652,4.972
PME00162,organizational_learning_context,4.611,5.001,4.385,4.777,4.468,4.026,3.713,4.230,3.810,3.998,1,1.800,4.203,0,0,4.648,3.955,0.693,0.693,2.238,4.094,4.196
PME00163,organizational_learning_context,4.583,4.142,4.406,4.618,4.611,4.340,4.064,4.288,3.670,4.068,1,1.053,3.124,0,0,4.472,4.086,0.386,0.386,1.479,4.319,4.391
PME00164,organizational_learning_context,4.208,4.512,4.744,4.320,4.362,3.911,4.106,4.035,4.080,4.146,1,1.545,2.768,0,0,4.429,4.056,0.374,0.374,1.418,4.308,4.249
PME00165,organizational_learning_context,4.837,4.548,4.813,4.386,4.910,4.270,3.706,4.547,4.063,4.366,1,1.024,3.276,1,0,4.646,4.190,0.455,0.455,1.495,4.423,4.304
PME00166,organizational_learning_context,4.869,4.681,4.602,4.486,4.551,4.347,4.242,3.907,4.505,3.833,1,0.413,3.551,0,0,4.638,4.167,0.471,0.471,1.607,5.215,4.389
PME00167,organizational_learning_context,4.362,4.752,4.870,4.290,4.286,3.739,4.192,4.646,4.429,3.373,0,1.716,2.991,0,0,4.512,4.076,0.436,0.436,1.728,4.551,4.686
PME00168,organizational_learning_context,4.153,5.022,4.487,4.310,4.196,3.370,4.441,3.936,3.755,3.686,1,1.381,1.592,0,0,4.434,3.837,0.596,0.596,1.400,4.432,4.580
PME00169,organizational_learning_context,2.927,2.911,2.057,3.275,2.781,2.876,2.816,2.251,3.032,2.032,1,1.116,1.866,1,0,2.792,2.602,0.191,0.191,1.096,4.405,4.303
PME00170,organizational_learning_context,3.016,2.836,2.931,2.579,2.972,3.359,3.079,3.105,2.731,3.113,1,1.242,3.114,0,0,2.867,3.077,-0.210,0.210,1.690,4.351,5.089
PME00171,organizational_learning_context,2.862,3.433,3.165,2.962,2.763,2.756,3.009,2.623,3.068,2.392,1,1.372,3.058,0,2,3.037,2.944,0.093,0.093,1.428,4.537,4.609
PME00172,organizational_learning_context,2.556,3.174,2.939,,2.729,2.676,,2.794,3.006,3.174,1,2.105,2.862,0,0,2.735,2.922,-0.187,0.187,1.118,4.097,4.309
PME00173,organizational_learning_context,2.706,2.623,,3.560,2.771,3.252,2.888,3.112,2.635,3.362,1,1.273,2.968,0,0,2.914,3.050,-0.135,0.135,0.826,5.275,4.558
PME00174,organizational_learning_context,3.002,2.997,2.930,3.081,2.678,2.513,2.487,2.636,3.212,2.617,1,1.666,2.868,1,0,2.923,2.693,0.230,0.230,1.403,4.811,4.128
PME00175,organizational_learning_context,3.769,3.491,2.846,3.295,2.599,2.375,3.367,3.000,2.795,3.043,1,1.715,3.307,0,0,3.200,2.916,0.284,0.284,1.464,4.695,4.097
PME00176,organizational_learning_context,2.814,2.902,2.832,2.561,2.867,3.017,2.726,3.028,2.585,2.246,1,1.535,2.601,0,0,2.795,2.720,0.075,0.075,1.233,4.315,4.827
PME00177,organizational_learning_context,2.682,2.507,2.952,3.397,3.109,2.579,2.674,2.734,2.354,3.065,0,0.914,1.964,0,0,2.929,2.681,0.248,0.248,0.635,5.051,4.299
PME00178,organizational_learning_context,2.636,2.908,2.991,3.336,3.490,2.262,2.702,2.385,2.450,2.184,1,1.269,3.588,0,0,3.072,2.397,0.676,0.676,1.882,4.573,4.941
PME00179,organizational_learning_context,3.153,2.492,2.661,2.839,2.851,2.715,2.304,2.797,2.890,2.369,1,1.317,3.484,0,0,2.799,2.615,0.185,0.185,1.432,4.621,4.525
PME00180,organizational_learning_context,,3.148,2.839,3.372,3.453,2.492,3.010,3.324,2.448,2.266,1,1.697,4.020,0,0,3.188,2.708,0.480,0.480,1.879,4.282,4.160
PME00181,organizational_learning_context,6.349,4.712,6.127,5.670,5.840,3.225,,3.330,3.910,3.677,1,1.726,2.969,0,1,5.739,3.440,2.300,2.300,2.700,3.856,5.174
PME00182,organizational_learning_context,5.119,5.681,5.143,5.428,5.869,3.531,3.070,3.572,3.747,3.674,1,2.267,2.242,0,1,5.448,3.462,1.986,1.986,2.897,4.034,4.553
PME00183,organizational_learning_context,6.181,,5.601,5.671,6.643,3.850,3.584,4.351,3.389,3.713,1,1.412,3.433,0,0,6.064,3.777,2.286,2.286,2.405,3.793,4.647
PME00184,organizational_learning_context,6.076,4.888,5.580,5.963,6.058,3.159,4.177,3.198,4.682,3.281,1,1.665,2.845,0,0,5.713,3.700,2.013,2.013,2.637,4.013,4.488
PME00185,organizational_learning_context,5.239,5.303,5.478,5.192,4.852,3.921,3.826,3.248,3.659,2.736,1,1.539,2.709,0,0,5.213,3.478,1.735,1.735,2.035,4.313,4.845
PME00186,organizational_learning_context,6.188,5.329,5.772,5.338,6.360,3.409,3.618,2.752,3.681,3.390,1,1.681,2.769,0,0,5.797,3.370,2.427,2.427,2.699,3.867,4.633
PME00187,organizational_learning_context,6.085,5.843,6.239,5.384,5.623,2.942,3.585,3.830,3.497,3.842,0,1.540,2.890,0,0,5.835,3.539,2.296,2.296,2.353,3.668,4.449
PME00188,organizational_learning_context,4.857,5.492,6.021,5.142,5.084,3.066,3.683,4.150,2.647,3.234,1,1.274,2.667,0,1,5.319,3.386,1.933,1.933,2.285,4.368,4.578
PME00189,organizational_learning_context,6.249,5.940,5.385,6.162,5.818,3.643,,3.977,4.224,3.297,1,2.055,2.809,1,0,5.848,3.753,2.095,2.095,2.608,3.916,4.467
PME00190,organizational_learning_context,5.029,6.149,6.510,,4.956,4.020,3.927,3.910,3.193,3.799,1,0.613,3.995,0,0,5.739,3.770,1.969,1.969,2.033,4.139,4.479
PME00191,organizational_learning_context,5.022,5.754,5.435,6.342,5.279,3.540,3.787,2.719,4.032,3.445,1,0.980,2.335,0,0,5.566,3.505,2.062,2.062,2.210,4.685,4.228
PME00192,organizational_learning_context,,6.166,5.167,4.910,5.005,3.300,4.233,3.771,3.761,4.237,1,1.442,3.487,1,0,5.226,3.860,1.365,1.365,2.269,4.163,4.229
PME00193,organizational_learning_context,3.642,3.400,3.317,3.377,4.051,4.589,5.531,5.403,5.592,4.911,1,1.147,3.221,0,0,3.557,5.205,-1.648,1.648,2.424,4.216,4.573
PME00194,organizational_learning_context,3.432,3.182,3.416,4.239,2.998,5.458,5.288,4.743,4.858,4.886,1,1.079,3.266,0,1,3.453,4.986,-1.533,1.533,1.980,4.398,4.754
PME00195,organizational_learning_context,3.922,3.763,3.815,3.696,3.684,,5.370,4.788,5.079,4.961,1,2.118,2.427,0,0,3.776,5.014,-1.238,1.238,2.024,4.284,4.133
PME00196,organizational_learning_context,3.749,3.445,3.454,3.271,,4.719,5.319,5.101,4.289,5.455,1,0.976,2.814,0,0,3.501,4.977,-1.476,1.476,1.919,4.334,4.763
PME00197,organizational_learning_context,3.210,3.482,2.959,,3.565,5.530,5.001,5.427,4.854,4.640,1,1.045,3.246,1,0,3.457,5.091,-1.634,1.634,1.802,4.280,4.437
PME00198,organizational_learning_context,3.149,2.741,2.621,3.812,3.411,5.294,4.118,5.077,5.227,5.121,1,1.888,2.195,0,0,3.147,4.967,-1.820,1.820,2.258,3.829,4.153
PME00199,organizational_learning_context,,3.104,3.903,3.035,3.427,4.025,,4.806,5.432,4.546,1,2.244,3.730,0,2,3.397,4.516,-1.118,1.118,2.811,4.394,4.420
PME00200,organizational_learning_context,3.891,3.264,3.138,,3.119,5.413,4.235,4.794,4.856,5.347,1,1.807,2.255,0,1,3.356,4.808,-1.452,1.452,1.895,4.293,4.899
PME00201,organizational_learning_context,3.310,3.362,3.548,3.633,3.091,4.514,4.992,4.550,4.813,4.836,1,1.619,2.960,0,0,3.389,4.741,-1.352,1.352,2.173,4.156,4.515
PME00202,organizational_learning_context,3.112,3.070,3.806,2.994,3.190,5.372,4.601,4.686,4.187,4.984,1,1.723,1.807,1,1,3.245,4.807,-1.562,1.562,1.702,4.180,4.465
PME00203,organizational_learning_context,3.240,3.368,3.306,3.744,3.610,5.203,4.403,4.834,4.505,5.564,1,0.963,2.431,1,0,3.475,4.902,-1.427,1.427,1.891,4.262,4.874
PME00204,organizational_learning_context,2.760,3.305,4.500,3.728,3.496,4.848,5.491,5.788,5.121,5.017,1,1.104,3.063,0,1,3.558,5.119,-1.562,1.562,2.252,4.454,4.338
PME00205,organizational_learning_context,4.987,5.346,5.133,5.098,,4.465,4.270,3.944,4.181,2.749,1,1.532,3.872,0,0,5.194,3.922,1.272,1.272,2.712,4.434,4.776
PME00206,organizational_learning_context,5.085,5.611,3.886,4.838,4.013,3.961,3.290,,4.213,4.588,1,1.315,2.655,0,0,4.687,3.926,0.761,0.761,2.001,4.776,5.229
PME00207,organizational_learning_context,3.661,4.676,5.636,4.987,5.289,4.689,4.353,4.132,4.089,,1,2.789,2.673,0,0,4.850,4.439,0.411,0.411,2.130,4.313,4.310
PME00208,organizational_learning_context,5.332,5.361,5.459,5.108,4.123,4.154,5.066,3.053,4.336,4.333,1,0.330,2.962,0,0,5.076,4.188,0.888,0.888,1.987,4.682,4.546
PME00209,organizational_learning_context,5.003,4.415,5.809,4.270,4.531,3.706,4.073,3.439,4.284,,1,1.317,2.391,0,0,4.805,4.031,0.775,0.775,1.357,3.804,4.398
PME00210,organizational_learning_context,4.357,4.295,5.345,5.025,,3.019,3.616,4.036,3.034,3.404,1,0.951,3.428,0,0,4.939,3.422,1.518,1.518,2.392,4.371,4.345
PME00211,organizational_learning_context,4.980,5.288,5.190,4.372,5.516,3.666,3.241,4.221,3.530,4.770,1,0.813,2.524,0,0,5.069,3.886,1.183,1.183,1.662,4.891,4.650
PME00212,organizational_learning_context,4.772,4.382,5.017,5.213,4.583,3.291,5.349,,4.689,4.026,1,1.659,3.018,1,0,4.896,4.448,0.448,0.448,1.553,3.925,4.847
PME00213,organizational_learning_context,5.487,4.708,4.588,4.100,4.987,4.828,4.887,3.460,,3.773,1,1.497,1.800,0,0,4.774,4.178,0.596,0.596,1.245,4.666,4.366
PME00214,organizational_learning_context,4.452,4.332,4.562,4.745,5.613,5.209,4.478,4.263,4.786,3.734,1,2.048,2.451,0,0,4.741,4.494,0.246,0.246,1.721,4.521,4.318
PME00215,organizational_learning_context,4.742,5.380,4.782,5.369,4.679,3.837,4.546,3.814,4.202,3.983,1,1.343,2.944,0,0,4.990,4.076,0.914,0.914,1.495,4.337,4.123
PME00216,organizational_learning_context,4.852,3.906,5.962,4.527,5.060,2.622,3.778,4.586,4.155,4.442,1,2.597,4.183,0,0,4.861,3.916,0.945,0.945,3.003,3.669,4.671
PME00217,high_stakes_selection_context,6.043,6.621,5.353,6.201,6.863,4.873,5.991,5.024,5.833,5.527,1,1.835,5.436,0,0,6.216,5.450,0.766,0.766,2.645,3.716,3.769
PME00218,high_stakes_selection_context,6.069,6.055,6.436,6.530,5.767,5.487,5.713,5.270,5.427,5.385,1,1.861,4.829,1,0,6.201,5.456,0.744,0.744,2.454,3.140,3.977
PME00219,high_stakes_selection_context,6.693,5.918,6.018,6.060,5.981,5.557,,5.855,5.067,5.795,1,2.287,4.833,0,1,6.134,5.589,0.545,0.545,2.550,3.288,3.913
PME00220,high_stakes_selection_context,6.232,6.168,6.684,6.118,5.950,5.233,5.998,5.719,5.749,5.631,1,2.060,5.494,1,0,6.117,5.666,0.451,0.451,2.370,3.301,4.052
PME00221,high_stakes_selection_context,6.546,6.328,5.966,6.175,5.981,5.386,5.530,5.483,5.793,5.811,1,1.261,5.770,0,0,6.199,5.600,0.599,0.599,2.279,3.604,4.249
PME00222,high_stakes_selection_context,6.198,6.410,6.784,6.028,6.225,5.821,5.083,5.646,5.510,5.907,1,2.081,4.994,0,1,6.329,5.721,0.608,0.608,2.503,3.128,3.849
PME00223,high_stakes_selection_context,6.235,6.614,6.429,5.841,6.408,,,5.375,5.630,5.900,1,1.761,5.312,0,0,6.306,5.678,0.627,0.627,2.305,3.385,3.638
PME00224,high_stakes_selection_context,6.357,5.699,6.372,6.734,5.788,5.726,5.624,,5.497,5.346,1,2.990,5.685,0,0,6.190,5.568,0.622,0.622,3.111,3.632,3.504
PME00225,high_stakes_selection_context,6.119,5.963,6.933,5.980,5.703,5.377,4.998,5.424,6.075,5.432,1,2.204,5.829,0,0,6.139,5.461,0.678,0.678,2.805,3.035,3.422
PME00226,high_stakes_selection_context,6.578,6.538,6.349,6.150,6.172,5.798,6.051,5.414,5.437,5.956,1,2.564,4.452,0,1,6.357,5.810,0.547,0.547,2.785,3.130,3.574
PME00227,high_stakes_selection_context,6.513,7.000,5.954,6.084,6.377,5.641,,5.451,5.762,5.516,1,1.610,5.949,0,0,6.386,5.636,0.750,0.750,2.934,3.413,3.681
PME00228,high_stakes_selection_context,6.140,5.835,6.224,6.395,5.779,,5.723,5.550,,5.138,1,2.143,4.561,0,0,6.075,5.434,0.641,0.641,1.963,3.588,3.735
PME00229,high_stakes_selection_context,,,4.957,4.809,4.920,3.765,4.394,4.409,4.423,4.267,1,2.315,6.381,1,0,4.775,4.252,0.524,0.524,3.214,3.728,3.714
PME00230,high_stakes_selection_context,4.358,4.838,4.265,4.534,4.338,3.783,4.123,3.767,4.083,3.810,1,2.727,5.037,0,0,4.466,3.913,0.553,0.553,2.357,2.876,3.096
PME00231,high_stakes_selection_context,5.012,4.609,4.555,4.257,5.137,4.454,3.802,3.589,4.136,4.074,1,2.737,5.675,0,1,4.714,4.063,0.651,0.651,2.521,2.737,3.663
PME00232,high_stakes_selection_context,4.267,4.320,4.601,5.195,5.087,3.803,3.622,3.610,4.194,3.788,1,2.177,5.207,0,0,4.694,3.803,0.891,0.891,2.809,3.297,3.642
PME00233,high_stakes_selection_context,4.641,5.026,5.107,4.328,4.546,4.110,4.038,4.319,3.923,4.353,1,2.174,5.522,0,0,4.730,4.149,0.581,0.581,2.005,3.365,3.999
PME00234,high_stakes_selection_context,4.711,4.565,4.838,4.377,4.859,3.923,4.010,3.914,3.845,3.865,1,1.940,4.701,0,0,4.670,3.911,0.759,0.759,2.161,3.297,3.930
PME00235,high_stakes_selection_context,4.385,4.941,4.784,4.315,4.995,3.719,3.546,4.039,,3.902,1,1.847,5.960,0,0,4.684,3.936,0.748,0.748,2.913,3.414,3.784
PME00236,high_stakes_selection_context,4.235,4.127,4.415,,3.979,3.801,4.138,3.910,4.067,4.380,1,2.160,5.031,0,2,4.274,4.002,0.272,0.272,2.232,3.299,3.814
PME00237,high_stakes_selection_context,4.770,,4.530,4.429,4.804,3.791,3.584,3.970,3.959,4.222,1,2.155,4.627,0,0,4.647,3.905,0.742,0.742,2.733,3.220,3.532
PME00238,high_stakes_selection_context,4.141,4.107,4.851,4.490,5.127,3.469,4.184,4.297,4.194,,1,2.948,5.490,2,1,4.494,4.089,0.405,0.405,3.085,3.621,3.647
PME00239,high_stakes_selection_context,4.405,,4.561,4.653,4.401,4.563,3.759,,4.060,4.141,0,2.509,5.593,0,0,4.459,4.069,0.390,0.390,2.595,3.111,4.492
PME00240,high_stakes_selection_context,4.220,4.828,4.890,4.565,,3.511,3.611,3.873,3.864,4.231,1,2.259,5.855,0,1,4.672,3.870,0.802,0.802,2.841,3.563,3.723
PME00241,high_stakes_selection_context,3.041,3.691,3.719,2.779,3.448,3.150,2.477,2.833,2.094,2.950,1,1.919,5.530,0,0,3.336,2.701,0.635,0.635,2.726,3.525,3.438
PME00242,high_stakes_selection_context,,2.986,2.449,3.089,3.305,2.778,2.630,2.868,2.731,2.171,1,3.290,6.384,0,0,3.060,2.636,0.424,0.424,3.188,2.900,4.044
PME00243,high_stakes_selection_context,3.448,2.649,3.183,3.422,3.215,2.678,2.843,2.245,2.726,2.824,1,1.535,5.507,1,0,3.124,2.663,0.461,0.461,1.994,3.490,4.077
PME00244,high_stakes_selection_context,3.473,3.916,2.577,4.015,2.867,3.349,2.713,2.804,3.171,2.693,1,1.764,5.975,0,0,3.370,2.946,0.424,0.424,2.267,3.935,3.216
PME00245,high_stakes_selection_context,3.883,3.280,2.925,3.455,3.460,3.093,,3.447,2.942,1.966,1,1.734,5.675,0,1,3.401,2.862,0.538,0.538,2.203,3.188,4.285
PME00246,high_stakes_selection_context,,3.008,3.467,3.646,3.066,3.178,2.784,3.220,3.138,2.480,1,2.061,5.081,1,0,3.136,2.960,0.176,0.176,2.294,3.710,3.882
PME00247,high_stakes_selection_context,2.233,2.820,3.189,2.711,2.941,3.507,2.448,2.522,3.272,3.136,1,2.262,4.790,1,0,2.915,2.977,-0.061,0.061,2.575,3.171,3.869
PME00248,high_stakes_selection_context,3.201,3.184,3.313,,3.057,2.921,2.824,2.235,3.024,2.972,1,2.099,4.426,0,1,3.145,2.738,0.407,0.407,2.005,3.114,3.802
PME00249,high_stakes_selection_context,2.853,2.582,3.004,3.141,2.829,2.608,2.765,2.955,2.786,3.057,1,2.087,4.647,0,0,2.882,2.834,0.048,0.048,1.951,3.029,3.320
PME00250,high_stakes_selection_context,3.068,3.121,3.182,3.801,3.331,2.617,2.814,2.599,2.553,2.901,0,1.634,6.036,0,0,3.301,2.697,0.604,0.604,2.723,3.662,4.174
PME00251,high_stakes_selection_context,3.047,3.636,2.865,,3.153,2.336,2.725,2.731,2.696,2.575,1,2.567,5.449,0,1,3.198,2.591,0.607,0.607,2.310,3.188,3.057
PME00252,high_stakes_selection_context,3.567,3.355,3.089,3.317,2.907,2.556,2.667,2.802,3.063,2.945,1,1.860,5.162,0,0,3.247,2.807,0.440,0.440,2.161,3.744,3.962
PME00253,high_stakes_selection_context,5.706,6.641,5.966,5.533,,3.809,3.584,3.332,3.255,2.998,1,2.503,5.271,0,0,6.129,3.396,2.733,2.733,3.779,2.663,4.505
PME00254,high_stakes_selection_context,,5.643,5.275,6.390,,3.306,3.459,2.940,3.316,3.815,1,2.392,4.497,0,1,5.678,3.474,2.204,2.204,3.342,2.724,3.716
PME00255,high_stakes_selection_context,5.830,5.183,5.456,5.961,5.479,3.602,3.628,,3.782,4.094,1,3.548,5.254,0,1,5.582,3.888,1.694,1.694,3.550,2.826,3.415
PME00256,high_stakes_selection_context,5.416,5.499,6.595,,5.595,2.702,3.425,3.031,3.550,3.705,1,2.308,4.869,0,0,5.697,3.283,2.414,2.414,3.319,3.210,3.908
PME00257,high_stakes_selection_context,5.366,6.554,5.011,6.288,4.608,2.982,3.190,3.638,3.226,4.158,1,1.797,5.817,0,1,5.565,3.501,2.064,2.064,3.326,3.008,3.963
PME00258,high_stakes_selection_context,5.929,,6.552,7.000,5.761,3.980,3.811,3.672,3.760,3.012,1,1.712,4.974,0,0,6.227,3.647,2.580,2.580,3.538,2.630,4.416
PME00259,high_stakes_selection_context,6.589,6.431,5.244,5.366,6.143,3.724,3.713,4.308,3.874,4.145,1,3.120,4.888,2,0,6.033,3.953,2.080,2.080,3.345,2.684,3.086
PME00260,high_stakes_selection_context,5.596,5.259,5.094,5.440,,3.713,3.731,3.702,3.636,2.742,1,1.811,7.000,0,0,5.460,3.505,1.955,1.955,3.578,3.182,4.207
PME00261,high_stakes_selection_context,,6.293,5.504,6.140,6.424,3.104,2.991,4.498,3.159,3.975,1,1.255,5.428,0,0,6.079,3.545,2.534,2.534,3.666,3.024,4.478
PME00262,high_stakes_selection_context,5.796,5.936,5.687,6.315,6.223,3.123,3.164,3.456,3.764,4.658,1,1.716,6.346,0,0,5.991,3.633,2.358,2.358,3.594,2.564,4.107
PME00263,high_stakes_selection_context,5.838,6.165,6.535,5.459,5.866,3.697,5.074,3.082,3.518,,1,2.355,4.928,1,0,6.006,3.679,2.327,2.327,3.201,2.872,4.599
PME00264,high_stakes_selection_context,5.189,5.772,5.853,5.779,5.015,3.578,3.316,4.296,,4.000,1,1.724,4.987,0,2,5.522,3.958,1.563,1.563,2.544,3.296,4.156
PME00265,high_stakes_selection_context,3.220,3.393,3.610,4.212,4.227,4.416,4.575,5.438,5.280,4.686,1,1.772,4.162,0,0,3.733,4.879,-1.146,1.146,2.798,3.523,4.443
PME00266,high_stakes_selection_context,3.292,3.906,4.087,3.253,3.612,4.488,4.834,5.126,4.776,5.272,1,1.934,5.049,0,0,3.630,4.899,-1.269,1.269,2.926,3.330,3.769
PME00267,high_stakes_selection_context,3.854,4.114,3.311,4.019,4.736,5.089,4.498,4.987,3.678,,1,2.096,5.846,0,1,4.007,4.386,-0.380,0.380,2.525,3.224,3.945
PME00268,high_stakes_selection_context,2.758,4.093,3.731,3.898,3.067,,5.683,4.918,5.317,4.687,1,2.035,5.243,0,0,3.509,5.163,-1.654,1.654,2.740,3.164,3.918
PME00269,high_stakes_selection_context,4.350,3.882,3.675,4.329,3.930,4.381,5.064,4.502,4.493,,1,1.784,6.324,0,0,4.033,4.664,-0.631,0.631,3.151,3.266,3.645
PME00270,high_stakes_selection_context,3.613,3.547,3.320,2.723,3.425,5.355,5.179,5.413,5.475,4.740,1,2.323,6.348,0,0,3.326,5.232,-1.907,1.907,3.726,3.140,4.366
PME00271,high_stakes_selection_context,3.437,3.875,3.511,3.262,3.480,4.957,5.716,5.310,5.980,4.372,1,1.824,5.574,1,0,3.576,5.267,-1.691,1.691,3.150,3.156,3.762
PME00272,high_stakes_selection_context,3.507,3.578,3.485,3.697,4.193,4.587,5.085,5.004,5.165,5.150,1,2.113,5.301,0,0,3.692,4.998,-1.306,1.306,3.424,3.161,3.437
PME00273,high_stakes_selection_context,3.880,,3.780,4.183,3.249,,5.057,,5.018,5.447,1,2.061,4.482,0,0,3.672,5.038,-1.366,1.366,2.923,3.051,4.366
PME00274,high_stakes_selection_context,3.468,3.230,4.211,,3.550,6.220,4.878,5.090,5.017,4.562,1,2.504,4.643,0,0,3.508,5.153,-1.645,1.645,3.479,2.753,4.099
PME00275,high_stakes_selection_context,3.704,3.722,3.324,4.429,,4.793,5.376,4.517,4.249,5.184,1,2.286,6.156,0,0,3.876,4.824,-0.948,0.948,3.128,3.354,3.962
PME00276,high_stakes_selection_context,3.945,3.699,3.863,,3.998,5.292,5.494,,5.055,5.655,1,2.133,5.078,0,0,3.805,5.321,-1.515,1.515,2.705,2.825,4.259
PME00277,high_stakes_selection_context,5.397,5.184,4.985,5.024,5.512,5.278,4.900,3.776,5.244,3.827,1,1.416,6.154,0,0,5.221,4.605,0.616,0.616,2.710,3.494,4.129
PME00278,high_stakes_selection_context,4.376,,4.899,4.050,4.969,3.991,4.845,4.218,,2.632,1,3.272,5.371,0,0,4.497,4.063,0.434,0.434,2.946,2.829,3.741
PME00279,high_stakes_selection_context,4.675,4.691,6.006,4.547,5.307,5.469,4.833,4.215,5.073,,1,1.948,5.655,0,0,5.045,4.762,0.283,0.283,2.330,3.570,4.245
PME00280,high_stakes_selection_context,5.064,4.832,5.227,4.033,5.690,4.901,3.559,4.750,2.927,3.833,0,2.275,5.392,0,0,4.969,3.994,0.975,0.975,2.683,3.105,3.999
PME00281,high_stakes_selection_context,4.406,5.009,4.579,5.563,5.095,4.832,4.030,4.192,4.556,,1,2.342,4.652,0,0,4.930,4.510,0.420,0.420,2.554,3.318,4.188
PME00282,high_stakes_selection_context,5.405,5.414,4.828,5.933,5.352,5.524,4.029,4.826,4.346,4.762,1,2.715,6.098,0,0,5.386,4.697,0.689,0.689,2.647,2.947,4.264
PME00283,high_stakes_selection_context,,4.827,4.979,5.378,5.250,3.549,4.736,4.114,4.095,4.261,0,2.161,5.575,0,0,5.041,4.151,0.890,0.890,2.593,3.202,3.333
PME00284,high_stakes_selection_context,5.242,6.006,4.905,3.644,5.797,2.889,3.891,3.661,4.386,,1,1.348,7.000,0,0,5.119,3.545,1.574,1.574,3.669,3.594,4.109
PME00285,high_stakes_selection_context,,5.369,5.738,4.258,5.495,2.775,4.640,4.302,4.603,2.969,1,1.795,4.466,0,1,5.194,4.129,1.065,1.065,2.457,4.066,3.790
PME00286,high_stakes_selection_context,6.479,5.169,5.432,5.042,,3.759,4.963,4.354,,2.799,1,0.671,6.118,1,0,5.210,3.964,1.246,1.246,3.022,3.416,4.183
PME00287,high_stakes_selection_context,5.927,4.894,6.088,4.965,5.826,4.209,3.731,3.789,4.482,3.210,1,3.057,6.729,0,0,5.540,3.884,1.656,1.656,4.263,2.785,4.143
PME00288,high_stakes_selection_context,4.535,4.831,5.290,5.282,4.870,,,4.176,3.920,4.700,0,2.068,6.207,0,0,4.962,4.280,0.682,0.682,2.826,3.552,3.525
PME00289,clinical_intake_context,5.906,6.229,6.825,6.008,6.240,5.991,5.876,,5.611,5.943,1,1.511,3.762,0,0,6.242,5.766,0.476,0.476,1.861,4.119,4.248
PME00290,clinical_intake_context,6.449,5.646,5.927,5.887,5.949,5.779,5.926,4.727,5.586,5.674,0,2.260,3.697,1,0,5.983,5.538,0.444,0.444,2.071,3.896,4.064
PME00291,clinical_intake_context,6.151,6.135,5.869,6.010,6.224,5.697,5.735,5.740,5.299,5.350,0,1.448,3.451,0,1,6.078,5.522,0.556,0.556,1.375,4.085,4.234
PME00292,clinical_intake_context,6.212,6.271,6.133,6.463,5.346,,5.280,5.457,4.975,5.649,1,1.893,4.400,0,0,6.085,5.417,0.668,0.668,2.177,4.163,4.342
PME00293,clinical_intake_context,5.412,6.647,5.784,6.418,5.897,5.109,5.351,4.847,6.114,6.014,1,1.020,3.510,0,0,6.032,5.487,0.545,0.545,1.192,4.124,3.937
PME00294,clinical_intake_context,5.981,5.820,6.140,5.793,6.331,5.428,5.089,5.797,5.918,5.356,1,1.651,1.985,0,0,6.013,5.518,0.495,0.495,2.116,4.367,4.091
PME00295,clinical_intake_context,6.746,6.619,6.243,5.688,6.344,5.985,5.818,5.506,5.827,5.241,1,1.677,3.680,0,0,6.328,5.675,0.653,0.653,1.808,4.247,4.194
PME00296,clinical_intake_context,5.665,5.740,5.874,6.003,6.468,,5.589,5.619,5.447,5.947,0,0.812,2.270,0,0,5.950,5.667,0.283,0.283,1.159,4.472,4.494
PME00297,clinical_intake_context,6.053,6.052,6.223,5.915,6.357,5.542,5.437,5.484,5.590,,1,0.145,3.676,0,0,6.120,5.578,0.542,0.542,1.135,4.612,4.380
PME00298,clinical_intake_context,5.872,6.553,6.016,5.573,5.837,,5.621,5.490,5.480,5.208,1,2.306,3.155,1,0,5.994,5.485,0.510,0.510,2.453,3.384,3.772
PME00299,clinical_intake_context,5.674,6.399,5.845,6.004,6.232,5.640,5.864,5.732,6.130,5.743,1,1.343,2.835,0,0,6.031,5.822,0.209,0.209,1.517,4.290,4.098
PME00300,clinical_intake_context,6.464,6.629,6.176,5.623,5.839,5.744,5.434,5.621,,5.869,1,0.856,3.899,0,0,6.146,5.642,0.505,0.505,1.136,4.078,3.824
PME00301,clinical_intake_context,3.887,4.205,4.828,,4.471,4.177,3.990,4.218,3.895,3.998,1,1.913,3.018,1,0,4.305,4.056,0.250,0.250,2.410,4.143,4.123
PME00302,clinical_intake_context,4.553,4.522,4.344,4.754,,3.897,4.389,4.233,3.736,3.878,1,1.624,3.526,1,0,4.460,4.027,0.434,0.434,1.780,3.796,3.602
PME00303,clinical_intake_context,4.404,4.538,,4.744,4.429,4.197,4.575,4.214,4.154,4.358,1,1.702,2.841,0,0,4.483,4.300,0.184,0.184,1.412,3.825,3.820
PME00304,clinical_intake_context,4.403,4.408,3.872,4.260,4.633,3.666,3.891,3.836,4.438,4.161,1,1.751,2.666,0,1,4.315,3.889,0.426,0.426,1.464,3.863,3.963
PME00305,clinical_intake_context,4.299,4.239,4.527,4.816,4.403,3.875,4.467,4.372,3.916,4.187,1,1.375,3.649,0,0,4.457,4.163,0.293,0.293,1.530,4.446,4.493
PME00306,clinical_intake_context,4.288,4.266,3.791,3.996,3.796,3.921,3.922,3.619,3.676,3.925,1,1.666,1.927,1,0,4.086,3.813,0.274,0.274,1.043,4.278,3.981
PME00307,clinical_intake_context,4.139,4.541,4.450,4.194,4.600,3.798,3.853,3.636,3.826,4.554,1,1.473,3.407,1,0,4.346,3.934,0.412,0.412,1.848,3.650,3.791
PME00308,clinical_intake_context,4.817,,4.291,4.221,4.631,4.222,4.137,3.492,4.065,4.653,1,2.738,3.863,0,0,4.377,4.114,0.263,0.263,2.121,3.397,4.412
PME00309,clinical_intake_context,4.980,4.128,5.042,4.636,4.260,3.567,,4.143,3.761,3.904,1,1.710,3.164,0,0,4.609,3.857,0.752,0.752,2.349,3.911,4.218
PME00310,clinical_intake_context,4.167,4.687,4.368,4.345,4.600,,4.126,4.020,4.308,4.195,1,2.231,2.824,0,1,4.433,4.267,0.167,0.167,1.553,3.735,4.205
PME00311,clinical_intake_context,4.778,4.490,4.194,3.834,4.679,3.557,3.835,4.228,4.228,4.334,1,2.278,3.281,0,1,4.395,4.156,0.239,0.239,1.583,3.625,4.452
PME00312,clinical_intake_context,4.668,4.680,4.783,3.993,4.312,3.918,4.410,4.094,4.120,4.146,1,1.956,3.452,0,0,4.487,4.137,0.350,0.350,1.901,3.474,5.000
PME00313,clinical_intake_context,3.468,2.848,3.203,3.092,2.802,3.093,2.678,3.197,,2.734,1,1.396,4.308,1,2,2.986,3.001,-0.015,0.015,1.721,4.328,4.010
PME00314,clinical_intake_context,3.116,3.261,3.101,2.838,2.940,2.916,2.412,3.225,1.736,2.970,1,1.265,3.442,0,0,3.051,2.652,0.399,0.399,1.257,4.538,4.314
PME00315,clinical_intake_context,2.622,2.312,2.920,2.923,2.641,2.862,2.695,2.717,3.495,2.379,1,1.977,2.570,0,2,2.684,2.645,0.038,0.038,1.291,3.833,4.147
PME00316,clinical_intake_context,3.323,2.816,3.080,2.807,3.548,2.603,2.798,2.829,3.216,2.880,0,1.852,3.559,1,0,3.124,2.865,0.258,0.258,1.898,3.708,3.981
PME00317,clinical_intake_context,2.909,2.849,3.019,2.579,3.183,2.785,2.873,2.683,2.918,,1,1.858,3.778,0,0,2.908,2.846,0.062,0.062,1.836,3.872,4.865
PME00318,clinical_intake_context,2.765,2.828,3.470,2.991,2.637,2.892,3.281,2.612,2.754,2.811,1,1.448,3.098,0,0,2.938,2.870,0.068,0.068,1.306,4.510,3.743
PME00319,clinical_intake_context,3.387,2.278,3.078,2.934,2.515,,2.542,2.642,2.571,2.291,1,1.385,2.210,0,0,2.839,2.597,0.242,0.242,1.148,4.414,4.152
PME00320,clinical_intake_context,3.218,2.863,3.087,2.886,3.338,2.462,2.960,3.241,2.747,2.255,1,2.293,3.275,0,0,3.078,2.733,0.345,0.345,2.127,3.570,4.076
PME00321,clinical_intake_context,2.319,2.526,2.358,,3.010,3.302,2.468,2.458,3.231,2.515,1,2.888,2.503,0,0,2.631,2.795,-0.164,0.164,1.933,3.385,3.904
PME00322,clinical_intake_context,2.724,2.998,2.116,2.923,3.001,3.217,3.142,2.557,2.309,2.269,1,2.387,3.598,0,0,2.752,2.699,0.053,0.053,2.541,3.823,4.189
PME00323,clinical_intake_context,3.150,2.479,3.364,2.839,2.770,3.063,2.664,2.381,2.971,2.763,1,2.284,3.217,0,0,2.920,2.768,0.152,0.152,1.741,3.936,3.715
PME00324,clinical_intake_context,3.098,2.712,2.779,2.637,3.109,2.736,2.365,3.061,2.686,2.310,1,1.177,3.365,1,0,2.809,2.632,0.178,0.178,1.790,4.204,4.556
PME00325,clinical_intake_context,4.949,5.847,4.849,5.829,6.153,4.018,4.837,3.883,3.398,3.855,1,1.811,2.650,0,0,5.525,3.998,1.527,1.527,2.616,3.855,3.901
PME00326,clinical_intake_context,6.275,6.064,5.787,5.913,5.693,3.744,3.808,4.153,3.528,3.992,1,1.089,4.003,0,0,5.947,3.845,2.102,2.102,2.726,3.811,4.485
PME00327,clinical_intake_context,6.315,5.454,6.053,6.334,5.722,4.093,3.803,3.672,3.938,3.070,1,1.730,3.540,0,0,5.976,3.715,2.260,2.260,2.898,3.907,4.139
PME00328,clinical_intake_context,5.948,4.997,5.603,5.496,5.183,4.278,4.555,3.381,3.534,3.634,1,1.493,3.987,0,0,5.445,3.876,1.569,1.569,2.587,3.370,3.950
PME00329,clinical_intake_context,4.803,5.160,5.416,6.000,4.386,3.226,3.328,3.276,3.852,,1,1.553,3.175,0,0,5.153,3.454,1.699,1.699,2.424,3.647,4.325
PME00330,clinical_intake_context,6.281,5.504,5.856,6.281,6.162,3.647,3.611,4.041,4.362,4.269,0,1.534,4.314,0,1,6.017,4.071,1.946,1.946,3.219,3.581,4.514
PME00331,clinical_intake_context,5.471,5.862,,5.432,4.899,3.808,3.775,3.327,3.337,3.514,1,1.728,3.095,0,1,5.388,3.496,1.892,1.892,2.775,3.591,4.388
PME00332,clinical_intake_context,5.883,,5.508,5.874,5.953,,2.788,3.030,3.387,4.007,1,1.744,3.359,0,0,5.928,3.362,2.566,2.566,3.331,3.036,4.464
PME00333,clinical_intake_context,5.621,5.474,5.580,4.605,4.899,2.368,4.122,4.279,4.395,4.013,1,1.302,3.106,0,0,5.236,3.835,1.400,1.400,2.041,3.700,4.769
PME00334,clinical_intake_context,5.920,5.381,5.274,4.925,5.713,3.269,2.919,4.295,4.191,4.084,1,2.508,2.708,0,0,5.442,3.752,1.691,1.691,2.380,3.448,4.194
PME00335,clinical_intake_context,5.084,5.803,5.508,6.104,5.000,4.493,3.502,3.639,,3.646,1,1.523,3.241,0,1,5.500,3.820,1.680,1.680,2.218,4.088,4.742
PME00336,clinical_intake_context,6.435,6.094,5.713,4.995,6.568,2.626,3.903,3.201,3.752,2.618,1,2.344,3.253,0,0,5.961,3.220,2.741,2.741,3.359,3.089,4.966
PME00337,clinical_intake_context,4.468,2.565,,,4.177,4.787,5.518,4.427,5.592,4.947,1,2.298,3.218,0,0,3.605,5.054,-1.450,1.450,2.216,3.399,4.196
PME00338,clinical_intake_context,3.316,3.648,3.249,4.217,3.406,5.219,4.709,4.625,4.968,4.715,1,1.941,2.524,0,0,3.567,4.847,-1.280,1.280,2.309,3.749,3.928
PME00339,clinical_intake_context,3.636,3.571,3.446,2.990,4.254,4.884,5.204,4.154,4.472,4.521,1,1.394,3.264,0,0,3.579,4.647,-1.068,1.068,1.831,4.203,4.144
PME00340,clinical_intake_context,3.347,3.191,2.853,3.268,3.917,4.615,5.093,4.413,4.922,5.426,1,1.726,3.038,0,0,3.315,4.894,-1.578,1.578,2.434,3.623,4.433
PME00341,clinical_intake_context,3.810,2.927,3.524,2.982,3.589,5.041,4.430,4.736,5.078,4.584,1,2.000,3.230,1,0,3.311,4.774,-1.463,1.463,2.368,3.423,4.399
PME00342,clinical_intake_context,4.050,3.069,3.820,3.592,3.315,,4.655,5.317,5.746,4.531,1,1.552,3.585,0,1,3.569,5.062,-1.493,1.493,2.397,3.738,4.039
PME00343,clinical_intake_context,3.256,3.950,3.308,3.234,3.738,5.146,3.936,4.857,4.789,5.492,1,1.692,2.238,0,1,3.497,4.858,-1.361,1.361,1.862,3.740,4.136
PME00344,clinical_intake_context,3.547,4.189,3.642,3.350,3.714,5.105,5.167,5.126,4.879,4.400,1,1.289,3.294,0,0,3.688,4.936,-1.247,1.247,2.251,4.871,4.571
PME00345,clinical_intake_context,4.376,4.078,3.427,4.004,3.624,6.075,4.908,5.347,5.066,,1,1.938,3.925,0,0,3.902,5.288,-1.386,1.386,2.352,3.407,4.046
PME00346,clinical_intake_context,3.670,3.079,3.826,,3.722,4.222,4.843,5.468,4.490,5.577,1,2.434,4.211,0,1,3.546,5.027,-1.482,1.482,2.485,3.320,3.973
PME00347,clinical_intake_context,4.382,3.414,3.522,3.466,3.261,4.190,,5.499,4.830,5.526,1,1.108,3.159,1,0,3.631,4.941,-1.311,1.311,1.906,3.982,4.739
PME00348,clinical_intake_context,3.006,2.426,3.659,,3.449,5.340,4.643,4.857,5.620,4.988,1,1.874,2.219,0,0,3.315,5.090,-1.775,1.775,2.171,3.447,4.810
PME00349,clinical_intake_context,3.768,5.014,5.454,5.249,4.089,,4.231,4.515,3.799,3.364,1,1.444,3.589,0,0,4.715,4.098,0.617,0.617,2.417,3.862,4.543
PME00350,clinical_intake_context,4.513,4.490,4.264,5.028,5.890,,4.777,,3.898,3.684,1,1.673,1.377,0,0,4.837,4.145,0.692,0.692,1.879,3.266,4.104
PME00351,clinical_intake_context,5.822,5.269,5.717,4.403,5.761,4.278,3.397,4.988,4.306,3.983,1,0.670,3.053,1,0,5.303,4.190,1.113,1.113,1.435,4.149,3.655
PME00352,clinical_intake_context,5.207,4.323,4.509,5.581,4.505,3.912,3.113,3.600,3.658,3.849,1,1.230,2.751,0,0,4.825,3.626,1.199,1.199,1.555,4.439,3.999
PME00353,clinical_intake_context,5.970,4.586,3.474,4.657,4.205,3.602,3.826,4.232,4.126,3.468,1,1.442,3.028,0,0,4.578,3.851,0.728,0.728,2.399,3.678,4.591
PME00354,clinical_intake_context,5.290,4.544,5.465,5.658,4.568,3.764,3.177,4.486,4.831,3.517,1,1.008,3.033,0,0,5.105,3.955,1.150,1.150,1.851,4.168,5.104
PME00355,clinical_intake_context,5.105,3.965,5.479,5.899,4.389,3.749,4.000,3.630,4.611,2.780,1,1.853,1.988,1,0,5.112,3.754,1.358,1.358,1.969,3.845,3.860
PME00356,clinical_intake_context,4.878,4.397,5.454,4.415,4.626,5.015,4.126,4.422,,3.698,1,2.998,3.869,0,0,4.754,4.311,0.443,0.443,2.737,3.565,4.072
PME00357,clinical_intake_context,5.011,5.487,4.331,,5.547,3.197,2.044,3.728,2.569,3.549,1,1.664,3.338,0,0,5.236,3.017,2.219,2.219,2.422,3.899,3.933
PME00358,clinical_intake_context,4.959,4.694,4.351,4.970,4.911,,4.187,3.299,5.450,,1,1.217,2.502,0,0,4.777,4.192,0.585,0.585,1.198,3.728,4.834
PME00359,clinical_intake_context,4.417,,5.152,5.253,4.970,4.568,3.539,3.843,4.509,3.805,1,3.059,2.876,0,0,4.958,4.053,0.905,0.905,2.484,3.393,3.732
PME00360,clinical_intake_context,4.212,4.543,4.511,6.069,5.127,3.287,5.190,,3.598,2.962,1,1.382,3.586,0,1,4.893,3.416,1.476,1.476,2.611,3.742,5.030
PME00361,digital_measurement_reflection_context,6.184,6.326,6.071,6.319,5.657,5.286,5.365,6.054,5.677,5.369,1,2.049,2.678,0,1,6.111,5.424,0.688,0.688,1.692,3.280,3.541
PME00362,digital_measurement_reflection_context,,6.042,5.542,6.084,6.022,5.310,5.176,5.823,5.529,6.145,1,2.240,2.753,0,0,5.928,5.597,0.332,0.332,1.532,3.745,3.783
PME00363,digital_measurement_reflection_context,5.699,5.973,5.690,6.404,6.212,5.478,5.464,4.823,5.628,5.524,1,1.276,2.763,0,0,5.996,5.383,0.612,0.612,1.272,4.114,3.912
PME00364,digital_measurement_reflection_context,6.102,6.315,5.860,5.586,6.236,5.389,5.349,5.659,5.215,5.590,1,1.172,3.461,0,0,6.020,5.441,0.579,0.579,1.375,4.162,4.112
PME00365,digital_measurement_reflection_context,6.397,6.047,6.125,6.002,6.316,5.900,5.777,5.659,6.067,5.879,1,1.495,3.120,0,0,6.177,5.856,0.321,0.321,1.577,3.839,4.049
PME00366,digital_measurement_reflection_context,6.130,,6.010,6.210,6.256,5.487,5.498,5.759,5.621,5.542,1,1.826,4.032,1,0,6.152,5.581,0.570,0.570,2.045,3.335,4.200
PME00367,digital_measurement_reflection_context,6.366,6.393,6.108,6.129,6.085,5.889,5.182,5.882,6.080,5.082,1,2.184,2.918,0,0,6.216,5.623,0.593,0.593,1.491,3.991,2.896
PME00368,digital_measurement_reflection_context,5.736,5.638,5.756,,5.689,5.802,5.360,5.669,5.356,6.068,1,1.664,2.185,0,0,5.692,5.651,0.041,0.041,1.132,3.817,4.738
PME00369,digital_measurement_reflection_context,6.055,6.864,6.035,5.900,5.980,5.531,5.779,5.653,5.152,5.387,1,1.861,1.805,0,0,6.166,5.500,0.666,0.666,1.866,4.044,4.305
PME00370,digital_measurement_reflection_context,6.012,,6.308,5.873,6.406,5.607,5.436,5.421,5.953,5.766,1,1.905,3.051,0,1,6.227,5.687,0.540,0.540,1.895,3.547,3.976
PME00371,digital_measurement_reflection_context,6.081,5.323,5.489,5.736,6.117,5.645,5.534,5.925,5.628,5.493,1,2.063,2.426,0,1,5.749,5.649,0.100,0.100,1.699,3.768,4.385
PME00372,digital_measurement_reflection_context,5.656,6.106,6.105,,,5.485,5.237,5.745,5.817,5.292,1,1.368,1.472,0,0,5.902,5.515,0.386,0.386,1.135,3.661,3.722
PME00373,digital_measurement_reflection_context,,3.936,3.532,4.718,4.426,3.880,3.846,4.062,4.216,4.225,1,2.188,2.538,1,1,4.249,4.087,0.161,0.161,1.673,3.543,3.823
PME00374,digital_measurement_reflection_context,4.778,4.557,4.403,4.461,4.004,3.876,4.147,3.818,4.315,3.863,1,1.652,2.190,0,1,4.441,3.968,0.473,0.473,1.664,3.542,3.326
PME00375,digital_measurement_reflection_context,,4.211,4.096,4.606,3.885,3.970,,4.096,4.513,3.993,1,1.908,1.921,0,0,4.212,4.051,0.161,0.161,1.410,3.903,3.594
PME00376,digital_measurement_reflection_context,4.325,4.325,4.281,4.325,3.758,4.080,,4.022,3.988,3.987,1,1.219,2.544,0,0,4.203,4.016,0.187,0.187,1.231,4.683,4.105
PME00377,digital_measurement_reflection_context,4.068,4.170,4.039,4.281,4.498,,,3.682,4.045,3.975,1,2.360,1.251,0,1,4.211,3.942,0.269,0.269,1.520,3.512,4.096
PME00378,digital_measurement_reflection_context,4.121,4.307,4.390,4.714,4.228,3.960,3.637,3.492,4.120,4.596,1,1.914,2.863,0,0,4.352,3.961,0.391,0.391,1.956,3.867,4.159
PME00379,digital_measurement_reflection_context,4.324,4.119,4.058,4.530,,4.101,3.842,4.604,4.221,4.274,1,2.443,3.807,0,0,4.388,4.208,0.179,0.179,1.957,3.717,3.468
PME00380,digital_measurement_reflection_context,,4.170,4.689,4.373,4.347,4.242,3.559,4.338,3.668,4.127,1,1.971,1.663,1,0,4.395,3.987,0.408,0.408,1.300,4.153,4.253
PME00381,digital_measurement_reflection_context,3.920,4.412,4.247,4.075,,4.214,4.267,4.152,4.425,3.976,1,1.104,1.351,1,0,4.169,4.207,-0.038,0.038,0.280,4.127,4.322
PME00382,digital_measurement_reflection_context,4.180,4.530,4.407,3.874,4.518,4.215,4.251,3.546,4.050,4.227,1,2.259,2.638,0,0,4.302,4.058,0.244,0.244,1.510,3.341,3.329
PME00383,digital_measurement_reflection_context,4.445,,4.317,4.418,4.402,4.100,3.846,4.034,3.445,4.176,1,2.917,3.105,1,0,4.321,3.920,0.400,0.400,2.014,3.795,4.100
PME00384,digital_measurement_reflection_context,4.671,4.352,4.520,4.778,3.794,3.764,3.901,3.407,4.122,3.875,1,0.974,2.441,0,0,4.423,3.814,0.609,0.609,1.169,4.058,4.077
PME00385,digital_measurement_reflection_context,3.008,2.575,2.532,3.547,3.023,3.414,2.905,2.469,,2.114,1,2.945,3.192,0,0,2.937,2.688,0.249,0.249,2.096,3.825,4.131
PME00386,digital_measurement_reflection_context,2.722,3.147,3.544,2.847,3.462,3.093,2.699,3.205,2.776,2.729,1,1.228,2.883,0,1,3.144,2.943,0.201,0.201,1.703,4.418,4.177
PME00387,digital_measurement_reflection_context,3.005,3.038,3.666,2.455,3.013,2.695,3.192,,2.931,3.109,1,1.791,3.633,1,0,3.041,3.001,0.040,0.040,1.314,3.854,3.545
PME00388,digital_measurement_reflection_context,2.603,3.610,2.321,2.528,3.069,,2.452,2.794,3.108,,1,1.901,2.533,0,0,2.826,2.826,0.000,0.000,1.032,3.844,3.771
PME00389,digital_measurement_reflection_context,2.762,2.959,2.836,2.841,3.252,2.999,2.346,2.867,2.883,2.913,1,1.593,3.251,0,0,2.930,2.802,0.128,0.128,1.233,3.793,4.092
PME00390,digital_measurement_reflection_context,2.315,3.563,2.618,2.841,2.310,3.214,3.340,3.115,3.194,2.477,1,1.352,1.557,1,0,2.833,3.068,-0.235,0.235,0.816,4.035,3.972
PME00391,digital_measurement_reflection_context,2.593,2.934,3.703,2.887,2.717,2.914,3.715,2.672,2.701,3.106,1,1.429,3.460,0,0,2.967,3.022,-0.055,0.055,1.468,3.922,4.531
PME00392,digital_measurement_reflection_context,2.811,3.100,3.103,,3.029,3.061,3.052,2.760,3.188,2.324,1,1.833,1.541,1,0,2.886,2.877,0.009,0.009,1.245,3.734,4.279
PME00393,digital_measurement_reflection_context,2.939,2.978,2.550,3.558,3.486,2.366,2.898,2.329,2.266,2.956,1,0.661,2.786,0,0,3.102,2.563,0.539,0.539,1.721,4.389,4.218
PME00394,digital_measurement_reflection_context,2.409,2.869,2.748,2.491,2.648,2.890,2.765,3.558,3.077,2.971,1,2.355,2.108,0,0,2.633,3.052,-0.419,0.419,1.657,3.952,4.088
PME00395,digital_measurement_reflection_context,2.556,2.829,2.836,3.183,2.934,2.767,2.743,3.397,2.169,2.891,1,1.972,2.246,2,0,2.776,2.793,-0.018,0.018,1.376,3.749,3.964
PME00396,digital_measurement_reflection_context,2.753,3.123,3.173,2.587,2.877,2.372,2.675,2.224,2.913,2.231,1,1.696,2.132,1,0,2.909,2.483,0.426,0.426,0.912,4.454,4.074
PME00397,digital_measurement_reflection_context,5.579,5.719,4.528,5.674,5.232,,,3.782,4.027,3.908,1,1.661,2.798,0,0,5.346,3.771,1.575,1.575,2.168,3.527,4.582
PME00398,digital_measurement_reflection_context,,4.948,6.331,6.048,5.713,3.769,3.600,,3.273,,1,2.851,2.737,0,0,5.844,3.617,2.227,2.227,3.187,2.765,4.005
PME00399,digital_measurement_reflection_context,5.610,5.069,5.698,5.169,5.324,3.923,4.155,4.039,3.597,4.206,1,1.651,2.412,0,0,5.374,3.984,1.390,1.390,2.395,3.429,4.095
PME00400,digital_measurement_reflection_context,6.360,6.212,4.973,5.999,6.483,4.008,3.785,3.210,3.434,3.522,1,2.074,2.531,0,0,6.005,3.592,2.414,2.414,2.429,3.052,4.080
PME00401,digital_measurement_reflection_context,5.761,5.600,6.167,6.251,5.019,4.282,3.420,3.978,2.545,3.493,1,2.034,3.201,1,0,5.658,3.544,2.114,2.114,2.669,3.705,4.106
PME00402,digital_measurement_reflection_context,5.756,5.706,6.055,5.134,6.372,2.846,4.001,4.026,3.635,3.327,1,2.125,3.107,0,0,5.805,3.567,2.238,2.238,2.766,2.891,4.610
PME00403,digital_measurement_reflection_context,5.648,5.473,5.994,5.445,5.163,4.009,3.401,3.497,4.289,,1,2.188,2.039,0,0,5.545,3.825,1.719,1.719,2.099,3.484,3.528
PME00404,digital_measurement_reflection_context,5.522,6.056,5.447,5.733,4.621,3.600,3.743,3.597,3.422,3.240,1,2.784,2.592,1,0,5.331,3.520,1.811,1.811,2.611,3.324,4.232
PME00405,digital_measurement_reflection_context,5.393,5.565,,5.281,6.018,3.715,2.896,3.874,3.779,3.690,1,2.432,3.456,0,0,5.533,3.591,1.942,1.942,2.996,3.232,4.134
PME00406,digital_measurement_reflection_context,5.592,4.729,5.611,5.865,5.376,3.491,2.993,4.638,4.226,3.733,1,2.286,1.977,0,0,5.435,3.817,1.618,1.618,2.310,3.281,3.555
PME00407,digital_measurement_reflection_context,5.142,5.566,5.660,5.111,5.237,2.955,3.339,4.209,2.359,3.020,1,1.918,3.188,0,0,5.343,3.176,2.167,2.167,2.822,3.434,4.577
PME00408,digital_measurement_reflection_context,5.526,4.996,5.119,,5.486,3.486,4.220,4.137,3.745,3.572,1,2.196,2.364,1,0,5.096,3.832,1.264,1.264,2.096,3.508,3.871
PME00409,digital_measurement_reflection_context,2.692,3.588,4.385,3.522,4.367,5.067,5.302,5.083,5.006,4.373,1,1.904,3.806,0,2,3.711,4.914,-1.203,1.203,2.735,3.915,4.445
PME00410,digital_measurement_reflection_context,3.891,,3.657,4.029,3.365,4.091,5.315,4.694,,4.513,1,2.327,3.190,1,1,3.589,4.677,-1.088,1.088,2.423,3.455,3.633
PME00411,digital_measurement_reflection_context,4.248,,3.700,4.409,3.572,4.942,4.985,5.339,5.120,3.858,1,1.692,4.092,0,1,3.997,4.815,-0.818,0.818,2.027,4.342,3.805
PME00412,digital_measurement_reflection_context,3.379,3.457,3.436,3.557,4.320,5.315,5.609,4.953,4.778,5.117,0,2.180,3.453,0,1,3.630,5.041,-1.411,1.411,2.569,3.326,3.703
PME00413,digital_measurement_reflection_context,3.279,3.492,3.550,2.786,2.911,4.642,5.222,4.727,4.970,4.289,1,2.351,2.024,0,1,3.204,4.657,-1.453,1.453,2.263,3.196,4.286
PME00414,digital_measurement_reflection_context,3.665,3.597,4.902,,2.843,5.466,4.949,4.787,5.339,4.469,1,1.915,2.012,0,0,3.804,5.002,-1.198,1.198,1.655,3.872,3.590
PME00415,digital_measurement_reflection_context,3.564,3.461,3.155,4.289,3.863,4.504,5.061,,5.524,5.191,1,2.864,2.161,0,0,3.666,4.972,-1.306,1.306,2.270,3.402,4.212
PME00416,digital_measurement_reflection_context,3.039,,2.883,3.029,3.436,4.972,4.724,5.009,4.969,,1,2.211,3.266,0,0,3.223,4.861,-1.638,1.638,2.329,3.134,4.535
PME00417,digital_measurement_reflection_context,3.809,3.540,3.375,3.350,3.470,4.880,5.111,5.331,5.771,5.154,1,1.588,2.473,0,0,3.509,5.249,-1.740,1.740,2.131,3.557,4.337
PME00418,digital_measurement_reflection_context,3.574,3.237,3.286,3.596,3.118,5.498,4.905,5.317,,4.358,1,2.339,1.503,1,1,3.304,4.853,-1.549,1.549,2.184,3.672,3.699
PME00419,digital_measurement_reflection_context,2.883,3.525,3.896,3.710,3.053,4.905,5.570,5.177,5.219,5.000,1,1.549,2.200,0,0,3.413,5.174,-1.761,1.761,2.432,3.849,3.773
PME00420,digital_measurement_reflection_context,3.421,2.391,3.604,3.007,3.377,4.825,4.842,4.608,4.888,5.400,1,1.810,2.537,0,0,3.160,4.913,-1.753,1.753,2.203,3.652,4.280
PME00421,digital_measurement_reflection_context,4.655,4.196,5.482,4.348,4.399,3.428,3.474,3.145,5.584,5.186,1,1.681,2.911,0,0,4.616,4.163,0.453,0.453,1.840,3.785,4.707
PME00422,digital_measurement_reflection_context,5.747,5.607,4.583,4.150,5.034,4.048,3.820,3.795,4.178,4.391,1,2.651,1.489,0,0,5.024,4.046,0.978,0.978,1.740,3.160,3.583
PME00423,digital_measurement_reflection_context,3.549,4.261,4.962,4.867,5.162,3.474,4.284,3.330,,4.249,1,2.570,1.927,1,0,4.483,3.953,0.531,0.531,1.787,3.163,4.197
PME00424,digital_measurement_reflection_context,3.837,5.787,4.825,4.850,6.122,3.740,3.075,4.289,3.770,4.936,1,2.552,1.938,0,2,5.084,3.712,1.372,1.372,2.145,2.871,4.098
PME00425,digital_measurement_reflection_context,5.170,4.017,5.111,5.301,4.632,4.987,3.045,4.967,4.644,4.138,1,1.887,2.903,0,1,4.846,4.199,0.648,0.648,1.763,3.638,4.913
PME00426,digital_measurement_reflection_context,,5.159,4.208,4.477,4.942,4.453,3.564,3.520,4.552,4.412,1,2.296,2.402,1,1,4.933,4.234,0.699,0.699,1.877,3.933,3.900
PME00427,digital_measurement_reflection_context,5.054,4.209,5.832,4.755,4.640,4.386,3.533,4.404,3.701,,1,1.814,2.891,0,3,4.898,3.960,0.938,0.938,1.895,3.967,4.302
PME00428,digital_measurement_reflection_context,5.261,4.285,5.664,4.851,4.518,5.071,3.772,4.278,3.595,4.550,1,2.348,2.794,0,0,4.916,4.253,0.663,0.663,1.620,3.382,3.110
PME00429,digital_measurement_reflection_context,5.707,4.959,5.631,5.360,4.622,3.068,5.203,3.390,4.567,4.939,1,1.851,2.628,1,0,5.162,4.233,0.929,0.929,1.760,3.821,3.974
PME00430,digital_measurement_reflection_context,4.309,4.828,3.903,4.742,3.974,4.934,3.439,3.992,3.807,3.498,1,1.692,2.625,1,0,4.361,3.934,0.428,0.428,1.543,3.644,3.459
PME00431,digital_measurement_reflection_context,4.765,4.699,6.420,5.441,5.855,4.086,4.421,3.996,3.265,3.336,1,2.360,2.679,1,0,5.190,3.821,1.369,1.369,2.163,3.595,3.927
PME00432,digital_measurement_reflection_context,4.406,6.025,4.724,6.060,4.445,3.320,3.288,3.717,4.426,3.976,1,2.212,2.842,1,1,5.313,3.688,1.626,1.626,2.599,3.686,3.859
