participant_id,country_context,political_system_type,extraversion,agreeableness,conscientiousness,neuroticism,openness,political_interest,political_efficacy,group_identity_strength,perceived_threat,media_exposure,civic_opportunity,ideology_score,political_participation,affective_polarization,trust_in_institutions,leadership_authority_preference
PB0001,context_A_pluralist,multiparty_parliamentary,4.032,4.616,5.804,3.189,2.690,4.071,4.242,5.003,3.566,2.526,4.208,4.700,5.885,3.466,3.307,4.140
PB0002,context_A_pluralist,multiparty_parliamentary,5.204,3.455,5.177,4.620,3.473,5.778,3.627,4.340,3.911,4.161,4.837,3.567,7.000,3.746,3.160,3.729
PB0003,context_A_pluralist,multiparty_parliamentary,4.078,5.487,4.188,5.058,5.588,4.926,3.136,5.563,3.526,2.395,4.727,4.866,5.430,4.144,2.921,2.761
PB0004,context_A_pluralist,multiparty_parliamentary,4.796,3.189,3.582,3.059,3.350,4.704,3.973,2.925,3.956,3.325,4.306,5.233,5.780,3.670,2.362,3.488
PB0005,context_A_pluralist,multiparty_parliamentary,4.328,3.977,3.937,3.328,4.507,4.669,3.312,4.584,2.050,4.232,4.704,5.146,5.936,3.196,2.679,2.000
PB0006,context_A_pluralist,multiparty_parliamentary,4.846,3.420,4.376,3.137,3.502,5.229,3.222,5.121,3.781,3.756,4.903,4.938,6.488,4.617,2.589,3.614
PB0007,context_A_pluralist,multiparty_parliamentary,4.172,4.217,3.999,4.234,4.299,4.047,3.399,4.493,1.945,3.288,4.589,3.095,5.148,1.992,3.197,3.532
PB0008,context_A_pluralist,multiparty_parliamentary,3.592,2.964,3.599,4.737,2.693,4.507,2.705,5.014,3.764,3.084,4.311,3.716,5.085,2.799,2.950,2.939
PB0009,context_A_pluralist,multiparty_parliamentary,4.301,4.146,4.257,3.953,4.614,4.397,4.154,4.799,3.413,3.883,4.234,5.082,6.772,3.835,3.091,2.857
PB0010,context_A_pluralist,multiparty_parliamentary,5.635,3.439,4.274,2.287,4.739,5.347,3.833,3.466,2.002,3.374,4.181,4.418,6.167,2.378,2.895,2.756
PB0011,context_A_pluralist,multiparty_parliamentary,3.578,3.889,3.011,3.828,3.532,4.465,3.491,4.242,3.302,3.436,4.085,6.024,5.006,2.445,2.950,2.162
PB0012,context_A_pluralist,multiparty_parliamentary,4.289,4.306,4.002,3.718,2.687,5.197,3.062,4.024,2.618,3.336,4.622,5.969,6.491,2.913,3.393,2.405
PB0013,context_A_pluralist,multiparty_parliamentary,4.803,4.879,4.617,4.026,4.664,4.542,2.960,4.264,3.224,2.286,5.271,5.310,5.825,3.213,3.027,2.216
PB0014,context_A_pluralist,multiparty_parliamentary,3.296,3.852,4.286,3.371,6.136,5.084,3.649,4.757,2.988,3.445,4.935,4.591,6.565,3.695,3.044,2.578
PB0015,context_A_pluralist,multiparty_parliamentary,3.103,4.714,4.378,3.739,4.680,3.837,3.900,4.061,3.098,2.597,4.647,3.427,5.764,3.118,2.651,3.379
PB0016,context_A_pluralist,multiparty_parliamentary,5.261,5.114,4.319,3.414,3.788,3.950,3.751,3.887,3.256,4.239,4.913,4.816,6.303,2.542,3.624,2.403
PB0017,context_A_pluralist,multiparty_parliamentary,2.644,3.892,5.183,3.702,3.258,3.213,2.655,3.878,4.311,2.698,4.590,6.702,4.835,2.938,3.458,4.026
PB0018,context_A_pluralist,multiparty_parliamentary,3.027,3.903,4.268,3.877,4.278,3.929,3.634,4.191,3.908,3.273,5.091,5.731,5.641,3.473,2.416,3.846
PB0019,context_A_pluralist,multiparty_parliamentary,2.834,5.028,4.345,4.165,5.270,4.466,3.556,4.561,2.951,1.738,4.346,3.465,5.107,2.676,2.879,2.624
PB0020,context_A_pluralist,multiparty_parliamentary,3.999,4.642,5.220,2.620,3.926,4.559,4.185,4.064,3.371,5.507,5.005,5.201,5.987,3.417,2.369,2.584
PB0021,context_A_pluralist,multiparty_parliamentary,4.670,3.062,3.833,2.855,3.824,5.439,3.563,4.016,2.621,2.550,4.769,4.202,6.939,3.285,3.048,2.067
PB0022,context_A_pluralist,multiparty_parliamentary,3.669,4.497,4.816,4.260,4.085,3.223,4.288,5.105,3.311,3.122,4.998,4.810,5.198,3.749,3.348,3.603
PB0023,context_A_pluralist,multiparty_parliamentary,4.234,4.688,3.418,4.926,3.947,3.655,4.068,4.672,3.515,3.867,5.145,5.226,6.040,2.991,3.174,3.127
PB0024,context_A_pluralist,multiparty_parliamentary,4.413,3.585,5.328,3.540,3.235,4.987,3.585,4.562,2.639,3.104,4.448,4.847,6.425,3.398,2.809,3.325
PB0025,context_A_pluralist,multiparty_parliamentary,2.037,4.152,3.844,5.108,4.198,4.141,3.086,4.797,3.872,3.804,4.709,4.472,5.706,3.293,3.175,4.000
PB0026,context_A_pluralist,multiparty_parliamentary,5.082,4.178,4.308,3.834,3.959,4.794,3.901,4.470,3.790,3.043,4.240,5.819,6.083,2.483,2.980,4.025
PB0027,context_A_pluralist,multiparty_parliamentary,5.672,3.979,5.047,3.105,2.756,3.747,3.793,4.031,3.444,3.897,4.489,5.498,5.340,3.533,2.086,3.292
PB0028,context_A_pluralist,multiparty_parliamentary,4.152,3.686,4.364,3.774,4.267,5.865,3.674,4.622,3.389,4.162,5.095,5.911,6.436,3.247,3.943,3.837
PB0029,context_A_pluralist,multiparty_parliamentary,2.473,4.348,5.144,3.599,5.681,3.734,3.749,4.653,2.933,2.789,4.104,4.390,5.208,2.358,3.260,3.207
PB0030,context_A_pluralist,multiparty_parliamentary,4.121,4.626,4.292,3.814,4.074,4.472,2.678,4.610,2.004,2.290,4.018,5.673,5.379,2.409,3.022,2.788
PB0031,context_A_pluralist,multiparty_parliamentary,3.402,3.850,4.723,3.701,4.808,3.979,2.700,4.193,3.667,3.744,4.574,5.076,6.103,2.913,2.037,3.218
PB0032,context_A_pluralist,multiparty_parliamentary,3.236,3.045,4.224,2.913,3.928,3.470,3.297,4.137,2.863,1.871,4.953,5.089,5.735,2.641,2.439,3.268
PB0033,context_A_pluralist,multiparty_parliamentary,3.750,3.725,3.228,3.576,3.694,3.544,3.067,4.025,2.461,2.955,4.384,4.033,4.338,2.527,2.923,2.731
PB0034,context_A_pluralist,multiparty_parliamentary,4.187,4.229,3.452,3.397,3.570,4.141,3.659,4.460,1.904,1.952,4.382,5.785,6.616,2.880,2.890,1.984
PB0035,context_A_pluralist,multiparty_parliamentary,5.860,4.340,5.317,2.872,2.442,4.202,3.746,3.595,3.534,3.454,5.019,5.572,6.372,3.672,2.910,3.334
PB0036,context_A_pluralist,multiparty_parliamentary,4.389,4.464,4.496,2.445,3.464,4.306,4.134,4.373,2.830,2.476,4.353,6.608,6.314,3.672,3.360,2.331
PB0037,context_A_pluralist,multiparty_parliamentary,4.034,4.875,4.830,3.726,3.972,4.262,3.596,4.513,3.098,3.430,4.753,5.432,5.951,3.504,2.897,3.705
PB0038,context_A_pluralist,multiparty_parliamentary,4.725,3.980,4.330,3.802,2.880,4.316,3.344,3.563,3.998,3.347,4.475,4.007,6.742,3.280,1.699,4.708
PB0039,context_A_pluralist,multiparty_parliamentary,4.176,4.336,5.289,3.565,5.155,3.706,3.509,4.751,2.574,3.270,4.799,5.067,6.005,2.414,3.520,3.695
PB0040,context_A_pluralist,multiparty_parliamentary,4.519,3.850,3.290,2.608,4.543,5.148,4.729,3.636,1.396,3.920,4.530,2.295,6.019,3.561,2.955,1.599
PB0041,context_A_pluralist,multiparty_parliamentary,5.456,4.361,4.637,4.263,4.727,5.329,4.007,4.163,2.952,3.739,4.324,4.665,6.355,2.167,3.492,3.471
PB0042,context_A_pluralist,multiparty_parliamentary,3.915,4.563,4.060,3.170,4.632,5.632,4.286,4.061,2.836,3.473,4.836,4.396,6.233,2.238,3.744,2.992
PB0043,context_A_pluralist,multiparty_parliamentary,4.867,4.303,3.574,3.243,5.336,4.912,3.637,4.514,2.977,3.567,4.411,4.406,6.417,3.465,2.448,2.838
PB0044,context_A_pluralist,multiparty_parliamentary,4.258,3.344,4.273,2.976,2.175,3.031,3.594,4.137,2.875,2.924,4.069,3.557,4.795,2.877,2.800,2.893
PB0045,context_A_pluralist,multiparty_parliamentary,3.856,4.002,5.264,4.473,4.012,3.850,4.046,4.763,3.016,3.831,4.879,4.205,6.409,2.465,3.078,3.025
PB0046,context_A_pluralist,multiparty_parliamentary,4.882,5.042,3.770,3.958,3.338,3.913,2.666,4.227,3.412,3.580,4.183,3.552,5.281,2.434,2.864,4.023
PB0047,context_A_pluralist,multiparty_parliamentary,3.037,5.757,2.961,3.234,4.565,4.405,2.710,4.089,2.763,3.202,4.154,4.756,4.376,2.246,2.482,2.053
PB0048,context_A_pluralist,multiparty_parliamentary,3.329,3.776,5.168,2.215,2.764,3.448,3.702,5.254,2.855,2.650,4.880,5.662,5.582,4.296,1.609,3.784
PB0049,context_B_majoritarian,two_party_majoritarian,4.943,3.639,3.964,3.514,3.892,4.251,3.793,4.777,2.915,3.161,4.021,3.986,6.416,3.280,2.695,3.533
PB0050,context_B_majoritarian,two_party_majoritarian,5.249,3.812,4.032,2.664,3.789,4.396,4.276,3.361,2.858,3.017,4.100,3.619,5.592,2.373,2.895,3.590
PB0051,context_B_majoritarian,two_party_majoritarian,3.605,5.651,2.609,4.206,5.272,4.532,3.712,2.769,3.341,4.000,4.128,4.131,5.110,3.513,3.382,2.441
PB0052,context_B_majoritarian,two_party_majoritarian,3.505,4.202,3.693,3.315,3.150,4.419,4.106,4.627,2.079,3.356,4.058,4.171,6.490,2.721,3.136,3.309
PB0053,context_B_majoritarian,two_party_majoritarian,3.406,4.335,3.110,3.677,3.781,4.763,3.549,4.950,2.757,3.437,4.302,4.287,5.233,3.012,3.090,2.861
PB0054,context_B_majoritarian,two_party_majoritarian,4.781,5.033,4.671,2.588,4.880,4.686,4.322,4.563,2.535,2.579,3.859,4.918,6.048,3.456,3.002,3.197
PB0055,context_B_majoritarian,two_party_majoritarian,3.906,4.719,4.868,3.778,5.138,4.698,4.060,4.718,2.866,3.456,3.809,4.220,6.079,2.783,2.996,4.246
PB0056,context_B_majoritarian,two_party_majoritarian,4.251,3.683,3.000,2.938,4.292,4.292,3.597,3.897,2.008,3.807,4.393,4.106,5.501,2.582,3.627,2.400
PB0057,context_B_majoritarian,two_party_majoritarian,3.419,4.298,3.909,3.551,4.693,5.708,3.248,4.203,3.648,3.811,4.433,3.340,6.216,3.409,3.148,3.838
PB0058,context_B_majoritarian,two_party_majoritarian,3.541,5.583,4.286,2.800,5.389,3.558,3.727,5.071,2.373,3.721,4.064,4.484,4.480,4.010,3.271,2.958
PB0059,context_B_majoritarian,two_party_majoritarian,4.506,3.910,3.876,2.674,3.678,5.426,4.125,3.882,2.521,3.255,3.567,4.002,6.311,3.282,3.418,1.854
PB0060,context_B_majoritarian,two_party_majoritarian,4.134,4.487,5.229,3.351,3.887,4.672,3.381,4.789,2.755,4.121,4.019,5.284,7.000,2.842,3.097,2.805
PB0061,context_B_majoritarian,two_party_majoritarian,4.534,3.809,5.515,3.459,3.164,4.622,4.465,5.157,3.392,3.094,4.034,3.722,6.540,4.246,2.335,2.751
PB0062,context_B_majoritarian,two_party_majoritarian,4.778,3.869,4.995,3.528,5.147,5.185,3.455,4.119,3.020,4.015,4.264,5.263,7.000,2.595,2.313,2.831
PB0063,context_B_majoritarian,two_party_majoritarian,3.460,4.011,3.917,3.646,4.260,4.283,3.144,3.761,3.235,2.856,4.337,3.420,6.239,3.536,2.636,3.510
PB0064,context_B_majoritarian,two_party_majoritarian,3.541,3.916,4.089,3.461,4.210,5.288,2.931,3.812,2.191,4.411,4.521,5.110,5.417,2.858,2.540,3.570
PB0065,context_B_majoritarian,two_party_majoritarian,3.835,4.691,5.375,4.458,4.591,5.537,2.069,5.841,3.494,3.991,4.226,4.455,6.208,2.390,1.643,3.585
PB0066,context_B_majoritarian,two_party_majoritarian,4.383,3.744,4.960,3.777,3.657,4.292,3.043,5.402,4.012,2.928,3.993,6.569,6.022,3.411,2.417,2.882
PB0067,context_B_majoritarian,two_party_majoritarian,2.769,3.432,4.532,2.952,5.326,5.058,2.810,3.827,2.369,3.337,4.803,4.701,4.553,2.472,3.025,1.988
PB0068,context_B_majoritarian,two_party_majoritarian,3.168,3.062,5.917,3.609,3.991,5.381,4.156,4.440,3.873,3.870,4.083,5.541,5.564,4.046,2.664,3.791
PB0069,context_B_majoritarian,two_party_majoritarian,4.293,2.793,2.981,3.290,3.533,3.753,2.843,3.999,2.529,3.263,4.366,4.749,5.328,2.799,1.943,2.937
PB0070,context_B_majoritarian,two_party_majoritarian,5.079,5.141,5.919,2.680,3.585,4.186,3.757,4.193,2.741,3.107,4.138,3.385,6.785,2.817,2.980,3.086
PB0071,context_B_majoritarian,two_party_majoritarian,3.352,5.012,4.155,3.623,3.712,4.072,2.886,3.518,3.526,3.188,4.041,4.595,4.178,1.915,2.635,4.410
PB0072,context_B_majoritarian,two_party_majoritarian,3.545,5.308,3.617,3.881,4.583,4.337,3.459,4.396,3.328,3.247,4.142,4.804,4.579,2.885,2.952,2.586
PB0073,context_B_majoritarian,two_party_majoritarian,4.391,3.683,3.905,3.720,2.529,3.321,3.258,4.573,3.206,3.029,3.727,5.569,5.568,3.180,1.882,4.354
PB0074,context_B_majoritarian,two_party_majoritarian,3.879,5.703,4.242,4.061,4.770,4.641,2.851,3.933,4.288,4.100,4.128,4.801,5.593,2.954,2.850,3.302
PB0075,context_B_majoritarian,two_party_majoritarian,2.655,3.428,3.086,3.314,5.440,4.510,3.153,4.792,2.523,2.555,4.031,5.220,5.379,3.694,2.017,1.940
PB0076,context_B_majoritarian,two_party_majoritarian,4.092,4.030,3.720,4.548,3.871,3.737,4.118,4.064,3.361,3.373,3.783,3.740,4.944,3.061,2.309,2.515
PB0077,context_B_majoritarian,two_party_majoritarian,3.966,4.231,4.556,3.673,3.593,4.919,4.346,3.956,3.283,2.645,3.939,6.006,5.896,3.450,3.717,2.632
PB0078,context_B_majoritarian,two_party_majoritarian,4.118,3.825,5.001,3.627,3.857,3.964,3.218,5.804,3.366,3.090,4.400,5.433,5.882,3.663,2.320,2.663
PB0079,context_B_majoritarian,two_party_majoritarian,5.554,4.777,4.538,5.062,4.370,5.105,4.846,4.327,2.574,2.985,4.615,4.254,6.704,3.428,2.961,3.439
PB0080,context_B_majoritarian,two_party_majoritarian,4.984,4.026,4.615,4.206,4.143,4.815,4.132,4.339,2.832,3.418,4.321,6.161,7.000,2.842,2.549,3.320
PB0081,context_B_majoritarian,two_party_majoritarian,3.002,4.652,3.083,3.650,3.946,4.072,2.459,3.972,2.654,2.790,4.442,4.210,4.811,2.734,3.370,2.991
PB0082,context_B_majoritarian,two_party_majoritarian,4.150,3.001,3.665,3.969,4.044,4.177,2.498,3.297,3.219,4.054,3.911,4.826,6.519,3.250,2.458,3.737
PB0083,context_B_majoritarian,two_party_majoritarian,4.058,4.670,3.482,4.228,5.204,4.413,2.306,3.011,2.314,2.692,3.953,4.961,5.245,1.313,3.630,1.624
PB0084,context_B_majoritarian,two_party_majoritarian,4.967,4.533,4.416,3.370,3.360,3.623,4.966,4.210,2.954,2.871,4.203,4.818,6.388,3.196,3.511,3.798
PB0085,context_B_majoritarian,two_party_majoritarian,4.552,3.712,2.629,1.817,4.009,4.381,2.706,3.932,1.972,3.303,4.105,4.438,5.451,3.291,3.119,1.922
PB0086,context_B_majoritarian,two_party_majoritarian,3.888,3.322,4.508,4.185,4.412,3.761,2.689,5.592,2.911,2.534,3.784,6.893,4.912,3.611,2.781,3.280
PB0087,context_B_majoritarian,two_party_majoritarian,3.879,5.229,3.875,3.817,4.277,3.975,3.237,5.495,4.669,3.733,4.410,5.374,4.858,3.511,2.683,2.938
PB0088,context_B_majoritarian,two_party_majoritarian,2.350,3.516,4.639,3.800,3.011,2.799,3.515,4.303,3.473,2.766,3.459,3.715,5.173,4.186,2.037,3.345
PB0089,context_B_majoritarian,two_party_majoritarian,4.433,4.367,3.798,3.648,5.288,4.624,2.774,3.112,3.472,2.560,3.928,4.174,5.495,3.191,2.470,3.430
PB0090,context_B_majoritarian,two_party_majoritarian,5.411,3.486,3.328,4.572,3.750,4.529,2.746,3.904,3.987,3.330,4.200,4.995,5.779,3.582,3.461,3.227
PB0091,context_B_majoritarian,two_party_majoritarian,2.951,5.395,4.139,3.541,3.941,4.318,3.357,4.273,2.763,3.916,4.146,5.943,4.697,2.527,2.451,4.226
PB0092,context_B_majoritarian,two_party_majoritarian,3.585,3.372,4.693,3.593,3.953,5.625,3.423,4.412,3.678,3.873,3.652,5.474,5.839,3.059,2.640,3.127
PB0093,context_B_majoritarian,two_party_majoritarian,4.866,4.843,4.286,2.410,4.575,4.714,3.453,3.832,1.745,3.042,3.555,4.470,6.127,3.467,2.157,2.367
PB0094,context_B_majoritarian,two_party_majoritarian,4.196,3.666,3.637,2.963,4.653,4.612,3.509,4.389,2.367,3.615,3.905,5.009,6.441,3.368,3.012,1.786
PB0095,context_B_majoritarian,two_party_majoritarian,4.845,3.412,4.659,3.375,4.709,4.230,3.510,4.128,4.257,3.877,4.050,4.164,6.713,2.860,1.889,3.491
PB0096,context_B_majoritarian,two_party_majoritarian,4.138,3.142,4.729,3.222,5.427,4.615,3.556,4.120,1.785,4.172,4.144,3.959,6.181,2.273,2.411,2.844
PB0097,context_C_low_trust,fragmented_low_trust,4.323,3.538,4.134,3.738,3.169,3.830,2.898,4.110,4.284,3.275,3.639,5.880,5.594,3.638,1.113,3.670
PB0098,context_C_low_trust,fragmented_low_trust,4.037,5.297,4.222,3.476,4.048,3.552,3.387,4.551,3.575,3.148,2.957,5.437,4.811,1.920,3.746,3.301
PB0099,context_C_low_trust,fragmented_low_trust,3.380,4.932,5.398,2.959,2.845,3.907,3.721,4.552,2.941,3.271,3.226,4.388,6.021,2.608,3.001,3.212
PB0100,context_C_low_trust,fragmented_low_trust,1.761,4.318,3.125,2.139,3.639,3.010,2.584,4.382,2.347,2.645,3.284,4.908,3.861,2.561,1.736,2.414
PB0101,context_C_low_trust,fragmented_low_trust,3.815,5.256,4.155,4.584,3.725,3.949,4.076,3.583,4.203,2.501,2.944,4.453,6.219,3.457,2.388,3.553
PB0102,context_C_low_trust,fragmented_low_trust,4.191,3.899,2.709,2.985,3.832,4.785,3.377,3.459,3.388,3.414,2.790,3.759,5.630,2.501,2.249,2.659
PB0103,context_C_low_trust,fragmented_low_trust,3.228,4.839,3.984,4.427,4.461,4.687,3.831,3.826,3.286,3.730,3.459,4.147,5.275,3.149,3.216,1.882
PB0104,context_C_low_trust,fragmented_low_trust,4.261,4.426,4.361,3.783,4.107,4.593,3.778,4.678,3.292,3.673,2.570,5.740,5.811,3.633,2.272,3.592
PB0105,context_C_low_trust,fragmented_low_trust,3.627,3.633,4.053,5.768,3.722,4.203,3.600,4.887,3.747,3.647,2.978,6.251,6.259,3.837,2.608,2.987
PB0106,context_C_low_trust,fragmented_low_trust,2.970,3.829,3.263,4.149,4.063,3.628,3.150,5.303,4.131,3.346,3.284,4.860,4.610,3.980,1.786,2.553
PB0107,context_C_low_trust,fragmented_low_trust,4.723,4.039,4.671,3.364,5.384,4.650,3.185,4.940,2.872,3.506,3.078,4.100,4.647,2.597,2.163,3.063
PB0108,context_C_low_trust,fragmented_low_trust,4.920,3.759,3.615,2.378,4.302,4.375,2.612,3.975,2.365,4.336,3.404,4.520,5.734,3.398,2.198,3.039
PB0109,context_C_low_trust,fragmented_low_trust,2.075,3.548,3.526,3.682,4.324,4.304,2.234,4.080,2.813,3.512,2.979,3.591,4.410,2.003,3.036,2.678
PB0110,context_C_low_trust,fragmented_low_trust,3.998,3.035,4.182,3.245,4.657,5.160,4.180,4.670,3.797,4.045,3.437,4.597,6.253,3.400,2.177,4.180
PB0111,context_C_low_trust,fragmented_low_trust,2.475,5.128,5.061,2.897,4.556,4.676,3.905,4.457,2.944,2.253,2.301,6.367,4.924,2.054,2.588,2.812
PB0112,context_C_low_trust,fragmented_low_trust,3.227,5.448,4.343,2.776,4.768,4.639,2.170,5.260,3.420,3.530,3.275,5.476,3.997,3.524,1.686,2.957
PB0113,context_C_low_trust,fragmented_low_trust,2.074,4.335,4.168,4.500,4.290,4.999,3.445,4.704,5.267,3.329,3.489,5.030,6.206,4.159,2.080,3.166
PB0114,context_C_low_trust,fragmented_low_trust,2.806,5.192,4.398,3.668,3.854,4.565,3.195,5.532,2.948,2.770,3.232,4.287,6.748,1.842,3.450,2.516
PB0115,context_C_low_trust,fragmented_low_trust,3.383,4.940,4.370,2.945,5.232,4.769,3.635,4.623,2.699,2.981,3.078,4.753,5.492,2.292,4.130,2.727
PB0116,context_C_low_trust,fragmented_low_trust,4.957,3.485,4.490,3.247,4.597,4.569,4.266,4.806,3.400,4.191,2.916,5.392,5.939,3.095,3.013,3.455
PB0117,context_C_low_trust,fragmented_low_trust,4.374,3.558,4.478,4.785,3.972,4.020,3.904,4.764,3.240,2.794,3.108,5.439,5.747,4.632,1.799,4.827
PB0118,context_C_low_trust,fragmented_low_trust,3.956,3.677,3.323,2.880,3.853,4.060,3.185,4.753,3.291,3.745,3.389,4.640,5.785,2.863,2.214,3.411
PB0119,context_C_low_trust,fragmented_low_trust,4.586,3.891,4.702,4.133,2.859,4.771,3.559,4.580,3.341,3.011,3.553,4.046,6.387,2.803,2.834,3.567
PB0120,context_C_low_trust,fragmented_low_trust,4.445,3.264,4.131,2.500,4.155,4.325,3.670,4.436,3.516,2.995,3.375,4.019,5.522,4.308,1.525,2.492
PB0121,context_C_low_trust,fragmented_low_trust,4.488,4.440,4.749,3.921,4.043,4.166,2.740,4.144,3.230,3.018,3.107,4.387,5.402,4.028,2.041,3.836
PB0122,context_C_low_trust,fragmented_low_trust,3.685,4.713,4.756,4.989,3.104,3.949,3.128,5.526,3.386,3.145,3.741,6.024,5.665,4.033,1.608,3.077
PB0123,context_C_low_trust,fragmented_low_trust,4.146,4.248,4.645,3.037,3.917,4.430,3.428,4.443,3.277,3.616,3.493,3.582,5.295,3.776,3.640,3.194
PB0124,context_C_low_trust,fragmented_low_trust,2.754,4.054,3.965,3.452,3.659,4.481,3.638,4.248,3.086,4.248,3.667,4.846,6.749,3.230,2.301,3.179
PB0125,context_C_low_trust,fragmented_low_trust,3.806,5.578,4.491,2.857,4.246,4.421,2.927,4.678,4.225,2.307,3.412,5.003,5.857,2.693,2.768,3.278
PB0126,context_C_low_trust,fragmented_low_trust,2.974,4.146,3.379,4.638,3.350,4.662,1.625,4.973,3.609,3.072,3.502,5.015,4.256,3.409,1.629,3.955
PB0127,context_C_low_trust,fragmented_low_trust,4.888,4.254,4.082,3.814,4.534,4.920,4.295,3.881,3.608,3.445,3.120,5.359,5.912,3.512,2.512,2.586
PB0128,context_C_low_trust,fragmented_low_trust,3.334,3.620,3.886,2.805,4.744,5.131,3.141,4.621,3.034,4.366,2.862,4.603,5.923,4.155,1.513,3.132
PB0129,context_C_low_trust,fragmented_low_trust,4.395,3.983,4.273,3.274,4.518,4.313,3.269,4.309,3.357,4.133,2.980,4.380,5.122,3.230,1.848,3.725
PB0130,context_C_low_trust,fragmented_low_trust,4.306,4.280,4.415,4.133,5.084,4.970,3.876,4.305,3.899,3.519,3.379,4.870,6.236,2.389,2.994,3.366
PB0131,context_C_low_trust,fragmented_low_trust,4.312,3.914,3.913,4.538,2.569,5.016,2.873,3.772,3.508,2.901,3.257,4.229,4.698,2.835,2.629,4.040
PB0132,context_C_low_trust,fragmented_low_trust,4.274,4.407,4.807,2.884,4.150,4.602,3.910,4.933,4.286,3.831,3.260,4.979,6.274,3.318,2.469,2.257
PB0133,context_C_low_trust,fragmented_low_trust,4.596,4.061,5.038,4.261,3.094,3.087,3.506,4.694,2.154,3.806,2.289,4.611,6.193,3.310,2.104,3.764
PB0134,context_C_low_trust,fragmented_low_trust,3.400,3.711,4.752,3.405,5.382,4.694,2.697,4.496,3.419,4.996,2.795,3.341,5.244,3.012,2.038,2.645
PB0135,context_C_low_trust,fragmented_low_trust,3.433,4.885,3.770,4.851,2.911,4.164,2.628,3.874,3.856,3.009,2.932,4.710,3.812,2.257,2.726,4.028
PB0136,context_C_low_trust,fragmented_low_trust,2.961,4.560,2.956,2.976,3.690,3.931,2.595,4.406,3.462,2.629,3.321,4.801,4.699,4.164,2.162,3.054
PB0137,context_C_low_trust,fragmented_low_trust,1.746,4.678,3.422,4.415,3.284,3.951,1.682,4.351,3.783,3.138,3.911,5.311,4.128,3.271,2.955,3.671
PB0138,context_C_low_trust,fragmented_low_trust,4.857,4.191,4.825,2.990,4.081,4.316,4.225,4.006,3.125,2.909,2.919,5.320,6.692,3.043,2.173,3.430
PB0139,context_C_low_trust,fragmented_low_trust,3.894,4.950,4.461,3.799,3.005,3.842,2.891,4.722,2.804,3.314,3.885,5.435,5.238,2.641,2.583,3.168
PB0140,context_C_low_trust,fragmented_low_trust,3.942,5.062,5.928,3.784,4.010,4.091,4.128,4.669,2.427,3.145,2.788,4.475,5.945,3.247,3.043,3.440
PB0141,context_C_low_trust,fragmented_low_trust,5.400,3.914,4.367,2.524,3.855,5.089,4.205,4.570,3.033,3.011,2.695,6.171,6.232,3.193,1.789,3.357
PB0142,context_C_low_trust,fragmented_low_trust,2.721,2.442,5.795,2.468,3.605,3.566,4.314,5.084,2.151,2.996,3.963,4.400,5.718,4.664,3.532,3.297
PB0143,context_C_low_trust,fragmented_low_trust,4.130,3.857,3.187,2.245,3.665,5.197,3.870,4.125,2.950,4.402,3.296,5.360,5.492,4.423,2.750,1.765
PB0144,context_C_low_trust,fragmented_low_trust,3.979,4.090,3.751,3.208,3.514,4.645,2.711,4.706,3.659,3.236,3.706,6.789,3.876,2.926,2.330,3.093
PB0145,context_D_high_civic,consensus_civic,3.785,5.257,3.862,4.710,4.898,6.015,3.788,4.579,2.770,2.808,4.983,3.815,7.000,3.056,3.653,3.571
PB0146,context_D_high_civic,consensus_civic,4.575,3.831,4.940,2.611,3.670,4.913,3.873,4.232,1.841,3.875,5.768,5.048,6.347,2.704,3.954,3.218
PB0147,context_D_high_civic,consensus_civic,3.976,5.118,4.580,3.664,3.496,4.057,3.518,4.029,3.453,2.927,4.934,4.794,5.649,1.655,3.597,2.920
PB0148,context_D_high_civic,consensus_civic,3.954,3.688,3.663,3.696,5.695,5.058,3.883,3.463,3.268,2.983,5.093,4.568,6.739,2.968,2.862,2.340
PB0149,context_D_high_civic,consensus_civic,3.635,3.860,3.424,2.929,4.581,5.210,3.229,4.773,2.214,4.033,4.941,4.612,5.933,3.181,2.782,1.820
PB0150,context_D_high_civic,consensus_civic,4.572,4.271,4.023,3.463,5.657,5.676,2.949,3.405,3.438,3.501,4.293,5.433,6.380,2.377,3.333,2.432
PB0151,context_D_high_civic,consensus_civic,4.456,4.188,4.938,3.875,4.390,5.563,3.526,4.687,1.981,3.425,4.818,4.838,5.877,2.882,4.028,2.174
PB0152,context_D_high_civic,consensus_civic,4.724,4.846,2.988,2.527,4.307,4.228,2.886,4.072,2.226,3.822,5.099,3.202,6.004,2.980,2.304,2.893
PB0153,context_D_high_civic,consensus_civic,4.046,3.703,4.155,4.649,2.673,3.074,3.639,3.863,3.088,3.257,4.852,6.478,5.512,2.954,3.107,2.402
PB0154,context_D_high_civic,consensus_civic,2.905,4.619,3.028,3.436,3.506,4.170,2.565,3.998,4.186,3.201,5.109,4.672,4.920,2.959,2.136,2.610
PB0155,context_D_high_civic,consensus_civic,3.296,4.221,3.312,3.985,3.044,4.070,3.068,4.061,2.932,3.046,4.745,3.718,4.197,2.739,2.233,3.484
PB0156,context_D_high_civic,consensus_civic,3.868,3.966,4.486,2.866,3.307,4.681,4.016,4.881,3.763,4.012,5.031,5.381,6.377,4.310,2.076,2.653
PB0157,context_D_high_civic,consensus_civic,2.162,4.481,4.263,3.972,4.068,3.607,3.061,5.122,3.744,3.367,5.208,5.452,5.052,2.704,2.810,3.217
PB0158,context_D_high_civic,consensus_civic,3.466,4.774,4.355,3.344,4.619,4.458,4.402,3.391,2.898,3.141,5.131,5.203,6.702,2.193,4.098,2.589
PB0159,context_D_high_civic,consensus_civic,3.500,4.608,5.290,3.165,3.951,4.411,3.561,4.408,3.417,3.556,5.016,3.846,7.000,3.097,2.543,1.980
PB0160,context_D_high_civic,consensus_civic,3.539,4.000,2.865,3.421,4.825,5.106,2.411,3.661,2.772,4.153,4.645,4.506,4.670,2.716,2.789,2.976
PB0161,context_D_high_civic,consensus_civic,3.110,4.772,3.765,4.819,4.661,4.940,2.436,3.894,2.881,2.757,4.590,3.892,5.081,2.837,2.950,2.259
PB0162,context_D_high_civic,consensus_civic,4.033,2.668,4.935,4.405,3.031,5.256,3.113,5.439,2.302,2.581,5.560,6.001,5.911,3.818,2.688,3.324
PB0163,context_D_high_civic,consensus_civic,4.490,3.186,3.875,4.471,4.393,5.376,4.054,3.910,2.892,2.600,4.798,3.501,7.000,2.130,2.616,2.850
PB0164,context_D_high_civic,consensus_civic,4.108,5.336,3.989,2.903,4.693,4.944,3.103,3.964,3.184,4.069,4.511,5.419,5.274,2.275,3.698,2.367
PB0165,context_D_high_civic,consensus_civic,4.874,4.124,2.915,3.288,3.660,3.849,3.345,3.823,3.253,3.067,5.495,4.799,6.773,3.445,3.844,3.316
PB0166,context_D_high_civic,consensus_civic,3.958,3.412,4.886,3.349,5.371,3.904,2.677,2.691,1.967,2.405,5.001,4.624,5.485,2.921,2.949,3.025
PB0167,context_D_high_civic,consensus_civic,4.553,5.577,5.061,2.992,4.749,3.936,3.713,3.588,2.508,2.972,5.489,5.378,6.358,2.201,4.193,2.002
PB0168,context_D_high_civic,consensus_civic,3.677,4.884,4.510,3.941,4.227,4.708,3.549,4.454,3.424,3.134,4.817,4.548,7.000,2.849,3.075,3.247
PB0169,context_D_high_civic,consensus_civic,3.987,4.209,4.251,2.530,4.212,4.608,4.289,4.327,4.339,3.758,5.382,3.626,6.839,3.069,3.832,4.249
PB0170,context_D_high_civic,consensus_civic,5.238,6.129,3.877,3.964,3.807,4.850,3.419,4.661,3.382,4.005,4.624,4.383,6.009,2.872,2.448,2.904
PB0171,context_D_high_civic,consensus_civic,5.022,4.667,5.145,1.274,3.861,4.693,3.730,4.100,2.880,2.725,4.810,5.028,6.440,2.965,2.660,2.784
PB0172,context_D_high_civic,consensus_civic,3.185,5.903,3.209,3.339,3.800,4.201,2.957,4.232,2.243,3.662,4.936,4.567,5.417,2.645,2.392,1.765
PB0173,context_D_high_civic,consensus_civic,5.159,4.954,5.243,3.628,5.095,5.243,5.298,4.931,2.878,3.174,5.236,4.744,7.000,2.721,3.787,2.465
PB0174,context_D_high_civic,consensus_civic,4.193,4.418,4.638,2.409,3.064,4.996,3.113,4.252,2.428,3.751,5.387,5.298,5.911,2.277,3.330,3.129
PB0175,context_D_high_civic,consensus_civic,4.731,3.709,3.212,3.341,5.154,4.745,2.435,4.022,2.213,3.195,5.192,5.059,4.857,2.795,4.183,2.132
PB0176,context_D_high_civic,consensus_civic,4.937,3.117,3.745,3.372,4.138,5.103,2.952,4.300,2.448,3.928,5.158,4.905,5.027,2.274,3.165,2.982
PB0177,context_D_high_civic,consensus_civic,3.347,4.012,3.900,1.605,4.177,3.638,3.220,3.368,2.232,3.292,4.990,4.916,5.614,2.060,2.999,3.533
PB0178,context_D_high_civic,consensus_civic,3.527,3.514,4.681,3.583,4.236,4.564,4.471,4.836,3.478,3.311,5.346,4.995,5.100,3.060,3.497,4.078
PB0179,context_D_high_civic,consensus_civic,2.533,4.490,4.986,4.233,3.679,4.665,2.668,3.343,3.859,3.482,5.572,4.925,5.449,3.888,2.685,2.435
PB0180,context_D_high_civic,consensus_civic,4.580,5.131,4.291,4.672,3.758,4.080,3.297,4.044,3.100,3.297,5.502,3.994,5.664,3.423,3.923,3.672
PB0181,context_D_high_civic,consensus_civic,2.985,3.320,5.065,3.542,4.479,4.124,3.333,3.815,2.748,3.304,4.588,3.260,6.642,2.728,3.732,2.480
PB0182,context_D_high_civic,consensus_civic,4.641,3.514,4.730,4.776,4.071,3.776,3.750,4.242,3.916,3.499,4.670,4.478,6.289,2.922,3.284,2.330
PB0183,context_D_high_civic,consensus_civic,4.394,3.937,3.323,3.404,3.408,5.280,4.426,4.200,3.594,3.826,4.718,4.335,6.036,3.788,3.301,3.189
PB0184,context_D_high_civic,consensus_civic,3.553,4.440,3.911,4.178,4.611,5.038,3.377,5.558,3.439,3.817,4.794,4.304,6.461,2.846,2.529,2.979
PB0185,context_D_high_civic,consensus_civic,4.380,3.969,4.513,4.035,3.816,4.567,3.533,4.546,3.617,3.069,5.319,4.824,6.325,4.008,2.883,3.597
PB0186,context_D_high_civic,consensus_civic,2.471,3.076,3.379,4.822,3.144,3.513,4.093,4.093,3.224,2.894,5.135,4.571,4.766,4.448,2.737,3.299
PB0187,context_D_high_civic,consensus_civic,3.210,3.679,5.052,3.202,4.175,4.592,2.962,4.195,2.326,3.110,5.171,4.697,6.123,2.553,2.881,3.399
PB0188,context_D_high_civic,consensus_civic,2.956,5.085,4.182,1.518,4.274,4.233,3.177,3.750,1.574,2.701,4.611,4.179,5.127,1.819,3.734,1.631
PB0189,context_D_high_civic,consensus_civic,3.773,4.852,5.278,3.981,4.222,5.035,3.784,4.631,2.811,3.217,5.365,5.732,5.727,3.483,3.699,3.168
PB0190,context_D_high_civic,consensus_civic,3.766,1.892,4.658,3.418,4.840,3.646,3.384,4.709,2.520,2.520,4.752,3.131,4.669,3.317,2.861,2.578
PB0191,context_D_high_civic,consensus_civic,3.076,4.777,3.294,2.152,4.965,5.331,3.255,3.369,2.274,3.751,4.986,4.345,5.318,2.811,2.770,1.434
PB0192,context_D_high_civic,consensus_civic,3.549,4.444,3.762,3.364,2.978,3.283,3.197,3.415,2.598,3.554,4.895,5.007,6.369,3.135,2.649,2.949
PB0193,context_E_polarized,polarized_presidential,4.268,2.804,5.137,3.189,3.704,4.418,3.399,5.072,1.979,4.149,3.716,6.180,5.998,3.673,2.936,3.167
PB0194,context_E_polarized,polarized_presidential,5.174,5.532,3.245,3.610,3.615,3.419,3.673,4.256,3.562,2.959,3.989,4.438,5.211,3.745,2.246,4.073
PB0195,context_E_polarized,polarized_presidential,4.503,5.000,4.066,3.375,3.712,4.389,3.989,4.221,3.786,3.985,3.119,4.940,5.891,2.781,2.734,3.492
PB0196,context_E_polarized,polarized_presidential,3.523,4.124,3.479,3.322,3.833,4.245,2.477,3.860,3.204,4.654,3.369,3.950,5.386,3.110,2.987,3.504
PB0197,context_E_polarized,polarized_presidential,5.041,5.001,3.756,4.105,5.085,4.591,2.541,4.718,3.178,3.706,2.970,5.306,5.256,3.600,1.676,2.591
PB0198,context_E_polarized,polarized_presidential,3.453,3.783,3.527,3.600,5.516,4.812,3.330,6.106,2.629,3.133,3.235,4.072,5.514,3.300,3.040,1.763
PB0199,context_E_polarized,polarized_presidential,4.807,4.340,4.178,2.349,2.888,4.197,3.990,5.370,2.381,3.278,2.984,3.586,6.688,3.373,1.785,2.472
PB0200,context_E_polarized,polarized_presidential,4.940,3.026,4.121,3.751,2.869,3.912,4.449,4.886,3.698,2.594,3.589,5.368,6.541,2.960,2.477,2.925
PB0201,context_E_polarized,polarized_presidential,4.007,3.840,3.087,3.225,5.053,3.721,3.135,4.792,3.106,3.769,3.620,3.651,4.831,2.710,2.479,3.751
PB0202,context_E_polarized,polarized_presidential,3.894,4.302,4.249,3.508,4.138,4.159,2.971,4.300,3.117,4.437,3.817,3.727,5.227,3.695,3.540,1.272
PB0203,context_E_polarized,polarized_presidential,4.812,3.696,3.460,4.433,4.258,4.088,3.313,4.124,3.498,3.450,3.206,5.528,5.324,3.461,2.054,2.878
PB0204,context_E_polarized,polarized_presidential,3.907,3.857,4.997,2.507,4.695,4.727,2.699,4.022,1.956,2.918,3.814,3.611,6.047,2.961,3.140,1.559
PB0205,context_E_polarized,polarized_presidential,4.420,5.017,4.987,3.001,4.882,4.808,3.963,4.420,2.417,3.505,3.962,4.785,6.388,3.393,2.512,2.712
PB0206,context_E_polarized,polarized_presidential,4.525,2.353,3.856,3.193,4.573,4.938,3.399,4.257,2.867,4.452,3.941,4.873,6.373,3.797,1.946,3.147
PB0207,context_E_polarized,polarized_presidential,4.321,3.885,4.782,1.641,3.997,4.381,3.496,4.789,2.236,2.722,4.185,4.892,5.728,3.570,2.904,2.736
PB0208,context_E_polarized,polarized_presidential,3.975,4.874,2.899,4.083,4.122,4.653,3.602,4.148,4.045,3.305,3.844,3.070,5.369,3.912,2.796,3.413
PB0209,context_E_polarized,polarized_presidential,3.262,5.431,3.801,3.958,4.062,4.567,2.664,4.216,2.832,3.268,3.180,5.681,4.231,3.172,2.396,3.766
PB0210,context_E_polarized,polarized_presidential,3.985,4.176,3.958,3.750,3.295,5.761,3.819,4.555,2.816,3.714,3.122,4.494,5.693,3.074,2.122,2.543
PB0211,context_E_polarized,polarized_presidential,3.859,5.162,3.359,3.149,5.054,4.657,3.277,4.283,3.644,3.345,3.230,5.007,6.130,2.843,3.252,1.509
PB0212,context_E_polarized,polarized_presidential,3.914,4.590,2.344,4.634,2.800,3.019,3.295,3.467,3.473,3.143,3.572,5.171,3.930,3.567,3.459,2.761
PB0213,context_E_polarized,polarized_presidential,4.374,4.510,5.578,3.711,4.360,4.167,3.970,5.039,2.635,4.379,3.657,5.408,6.259,3.108,2.537,4.235
PB0214,context_E_polarized,polarized_presidential,2.570,3.852,4.691,4.275,5.598,4.308,2.691,4.941,2.402,3.858,3.214,4.597,5.686,1.664,2.902,3.402
PB0215,context_E_polarized,polarized_presidential,3.496,4.626,3.952,1.908,6.044,4.119,5.035,4.275,1.368,4.849,3.495,3.124,5.878,3.110,3.103,1.000
PB0216,context_E_polarized,polarized_presidential,4.096,5.115,4.689,4.466,3.261,3.986,3.604,5.283,3.963,3.033,3.345,5.428,5.520,2.732,3.659,3.492
PB0217,context_E_polarized,polarized_presidential,3.933,4.196,4.210,2.784,4.955,5.711,2.954,3.546,1.632,4.118,3.766,3.108,5.871,2.210,3.167,2.464
PB0218,context_E_polarized,polarized_presidential,4.907,4.609,3.699,2.226,3.725,4.005,3.735,4.311,2.710,2.555,2.981,4.674,5.655,2.148,2.718,1.521
PB0219,context_E_polarized,polarized_presidential,4.255,4.894,4.674,3.757,4.487,4.186,3.360,4.589,2.831,2.999,3.004,3.919,4.466,2.584,3.713,2.248
PB0220,context_E_polarized,polarized_presidential,5.158,3.779,4.806,3.223,4.744,4.553,3.900,4.927,2.491,2.617,3.527,4.075,5.493,2.796,2.735,2.815
PB0221,context_E_polarized,polarized_presidential,3.173,3.824,4.791,2.778,3.943,4.547,3.216,5.041,3.599,3.903,3.391,5.306,5.051,4.045,2.934,2.924
PB0222,context_E_polarized,polarized_presidential,3.335,4.843,4.091,4.511,3.963,3.722,3.716,4.861,2.101,2.437,3.435,4.423,5.469,2.344,3.022,3.090
PB0223,context_E_polarized,polarized_presidential,3.690,4.070,4.104,4.383,3.077,3.372,3.501,4.529,3.225,2.972,3.386,4.662,5.414,3.873,3.273,3.470
PB0224,context_E_polarized,polarized_presidential,3.491,4.648,3.812,2.811,3.871,4.543,2.994,4.239,3.974,2.105,3.048,4.032,5.514,3.731,2.292,2.406
PB0225,context_E_polarized,polarized_presidential,3.638,5.005,3.380,5.376,5.634,4.241,3.406,4.218,3.935,3.508,3.586,3.635,5.574,2.598,2.126,2.513
PB0226,context_E_polarized,polarized_presidential,4.767,5.146,4.079,4.739,3.708,3.326,2.901,4.533,3.193,3.100,4.093,3.947,6.571,3.022,3.367,3.225
PB0227,context_E_polarized,polarized_presidential,3.792,4.122,4.294,3.979,4.230,5.121,3.135,4.433,2.989,3.143,3.615,4.515,5.263,3.660,2.820,3.341
PB0228,context_E_polarized,polarized_presidential,3.007,4.137,5.092,3.660,4.967,4.809,3.832,3.941,4.275,3.496,3.196,4.436,5.690,3.722,2.073,4.330
PB0229,context_E_polarized,polarized_presidential,2.616,3.768,4.625,3.429,4.129,5.087,2.458,5.052,3.066,2.415,2.665,4.482,5.086,3.361,2.776,4.408
PB0230,context_E_polarized,polarized_presidential,3.476,4.075,5.305,4.445,5.210,4.972,3.337,4.661,3.540,4.147,2.942,4.276,5.542,3.733,2.143,4.263
PB0231,context_E_polarized,polarized_presidential,4.213,4.233,4.442,4.073,2.672,4.376,4.170,4.342,3.576,3.936,2.846,4.880,5.183,3.842,2.793,3.866
PB0232,context_E_polarized,polarized_presidential,3.586,4.874,6.392,5.007,2.612,3.917,4.292,5.151,3.654,3.892,2.551,6.422,6.679,3.141,2.751,4.177
PB0233,context_E_polarized,polarized_presidential,4.752,4.903,4.556,3.723,4.272,4.120,4.456,4.152,2.866,3.741,3.546,4.238,5.884,3.179,3.351,3.109
PB0234,context_E_polarized,polarized_presidential,3.763,4.876,4.297,3.593,4.888,4.290,2.181,5.222,3.588,3.423,3.569,3.956,4.645,3.472,2.646,3.501
PB0235,context_E_polarized,polarized_presidential,3.641,3.755,4.589,3.296,4.085,4.613,1.679,4.324,3.304,2.640,2.790,4.130,4.466,2.347,1.369,3.976
PB0236,context_E_polarized,polarized_presidential,3.753,4.065,4.735,3.703,4.031,4.706,2.314,4.782,3.542,3.787,3.041,4.360,5.969,3.198,1.889,1.761
PB0237,context_E_polarized,polarized_presidential,5.502,3.435,3.754,3.777,4.480,5.891,3.530,5.268,3.303,3.193,3.307,4.992,6.094,2.957,1.658,2.283
PB0238,context_E_polarized,polarized_presidential,3.339,4.322,4.673,2.244,4.097,2.885,4.437,3.573,1.240,3.550,3.647,4.877,4.878,2.668,3.525,2.622
PB0239,context_E_polarized,polarized_presidential,3.812,4.135,3.173,4.184,2.632,4.400,3.251,5.392,3.646,3.675,3.625,6.210,4.674,4.667,2.188,3.105
PB0240,context_E_polarized,polarized_presidential,4.554,3.804,4.184,4.572,4.173,4.177,3.459,4.310,4.156,3.831,4.343,6.896,6.824,3.802,2.393,2.771
PB0241,context_F_transitional,transitional_mixed,2.078,3.738,4.445,4.318,4.634,4.804,2.520,3.532,2.775,4.424,3.532,3.831,6.117,3.478,1.761,4.236
PB0242,context_F_transitional,transitional_mixed,3.856,4.515,4.253,2.224,3.129,4.769,2.845,4.736,3.386,3.150,4.288,5.075,5.865,3.567,2.887,4.403
PB0243,context_F_transitional,transitional_mixed,4.679,3.330,4.038,3.430,2.744,4.017,3.449,3.724,3.022,3.316,3.789,6.232,5.576,2.850,2.928,3.065
PB0244,context_F_transitional,transitional_mixed,3.899,3.733,4.123,3.047,4.445,5.345,3.563,4.711,2.803,4.312,3.826,4.540,6.160,2.456,2.275,2.953
PB0245,context_F_transitional,transitional_mixed,3.494,4.477,4.577,2.392,4.547,4.837,3.389,3.881,3.802,4.891,4.155,3.471,5.040,4.146,2.798,2.719
PB0246,context_F_transitional,transitional_mixed,3.919,5.111,4.718,3.392,3.869,5.177,1.664,4.994,3.130,3.367,4.047,4.175,5.152,2.559,2.238,3.501
PB0247,context_F_transitional,transitional_mixed,3.852,4.855,3.855,3.433,4.535,3.766,3.680,4.680,3.242,3.332,3.503,4.392,4.420,3.680,2.767,3.168
PB0248,context_F_transitional,transitional_mixed,4.008,3.470,2.994,3.316,4.210,4.518,2.216,3.602,3.457,4.146,3.516,5.572,5.776,2.678,2.623,2.092
PB0249,context_F_transitional,transitional_mixed,3.154,2.746,4.000,4.484,2.102,3.822,2.671,4.926,4.094,2.085,3.925,6.197,6.161,4.774,1.593,4.736
PB0250,context_F_transitional,transitional_mixed,5.234,4.224,5.544,2.731,5.368,4.865,4.376,4.860,4.267,3.944,4.434,4.416,5.680,2.109,4.347,3.262
PB0251,context_F_transitional,transitional_mixed,3.036,4.106,3.997,4.612,4.454,4.741,2.920,4.417,3.800,3.960,3.077,6.215,6.065,3.601,2.319,3.477
PB0252,context_F_transitional,transitional_mixed,3.077,3.606,3.343,4.060,3.117,3.341,2.678,4.686,3.316,3.693,3.552,5.303,4.501,4.046,1.409,4.008
PB0253,context_F_transitional,transitional_mixed,5.281,3.981,3.893,4.274,3.872,4.071,3.351,4.279,3.541,3.198,3.678,4.936,5.178,3.491,1.931,3.480
PB0254,context_F_transitional,transitional_mixed,4.004,5.126,3.482,3.882,4.947,5.102,3.972,4.016,4.055,3.915,3.901,4.788,6.684,3.839,2.275,2.862
PB0255,context_F_transitional,transitional_mixed,5.413,4.302,4.884,3.758,4.585,6.123,3.930,5.108,4.024,3.727,3.603,5.251,6.750,3.415,2.577,2.138
PB0256,context_F_transitional,transitional_mixed,4.317,3.634,4.669,4.330,4.423,4.775,3.056,4.291,3.030,3.506,3.170,3.232,6.046,2.439,1.155,3.347
PB0257,context_F_transitional,transitional_mixed,2.521,3.479,3.284,3.243,3.594,4.739,2.844,4.564,3.487,3.588,3.583,6.050,5.741,3.761,1.474,3.259
PB0258,context_F_transitional,transitional_mixed,3.670,5.190,3.587,4.523,3.508,4.090,2.669,4.180,3.787,4.150,3.935,4.051,4.955,3.552,2.403,2.293
PB0259,context_F_transitional,transitional_mixed,3.577,4.780,3.580,3.054,4.367,4.066,3.000,3.973,2.432,2.871,3.693,3.105,5.399,2.093,2.298,2.448
PB0260,context_F_transitional,transitional_mixed,3.332,3.345,4.278,4.300,3.806,4.053,3.231,4.310,4.003,4.596,4.331,5.314,6.061,3.581,2.691,3.032
PB0261,context_F_transitional,transitional_mixed,4.068,5.729,4.215,3.835,1.827,4.640,2.864,4.814,4.634,4.445,3.959,6.085,5.620,3.898,2.296,3.782
PB0262,context_F_transitional,transitional_mixed,4.770,4.026,4.553,3.066,3.978,4.040,5.159,4.787,2.216,3.380,3.969,4.186,5.653,3.593,3.830,3.186
PB0263,context_F_transitional,transitional_mixed,4.373,3.871,4.466,3.341,4.561,4.140,3.926,4.188,4.215,3.136,4.014,4.896,6.028,3.843,2.471,2.153
PB0264,context_F_transitional,transitional_mixed,2.971,5.142,4.556,4.064,4.071,3.931,3.360,5.129,3.272,4.069,3.532,5.167,5.018,3.658,2.777,3.340
PB0265,context_F_transitional,transitional_mixed,3.209,3.808,4.491,4.061,4.132,4.901,2.952,5.087,3.605,3.470,3.146,5.283,5.678,3.968,2.097,3.672
PB0266,context_F_transitional,transitional_mixed,5.091,3.609,3.731,3.086,6.652,5.135,2.855,5.535,2.275,4.261,3.253,3.111,6.116,3.002,1.775,2.250
PB0267,context_F_transitional,transitional_mixed,4.335,3.814,3.212,5.205,3.049,4.101,3.200,5.018,3.217,2.842,3.514,5.760,5.708,3.267,3.122,2.018
PB0268,context_F_transitional,transitional_mixed,3.100,5.153,3.563,4.203,4.708,4.701,1.878,4.411,3.376,4.170,4.061,5.471,5.072,3.761,2.168,4.118
PB0269,context_F_transitional,transitional_mixed,4.799,4.545,5.618,5.133,4.031,5.335,2.989,4.652,3.405,2.921,4.248,4.888,5.680,2.910,3.445,4.781
PB0270,context_F_transitional,transitional_mixed,4.717,2.885,4.192,3.056,4.570,5.413,3.557,3.929,3.395,4.254,4.369,4.469,6.144,3.408,2.491,2.581
PB0271,context_F_transitional,transitional_mixed,3.625,3.231,4.887,4.816,5.025,4.810,3.662,4.649,3.848,4.297,2.897,5.653,4.413,3.837,1.794,3.534
PB0272,context_F_transitional,transitional_mixed,3.388,4.745,3.644,2.007,3.663,4.701,4.602,3.263,2.730,3.458,4.247,4.762,5.927,2.277,3.168,2.895
PB0273,context_F_transitional,transitional_mixed,4.797,4.701,4.680,3.549,2.491,3.840,3.966,6.133,3.518,3.074,3.457,5.424,6.732,3.636,2.643,3.298
PB0274,context_F_transitional,transitional_mixed,4.714,5.111,4.960,2.385,2.857,3.825,2.969,4.550,2.831,2.114,3.900,5.522,5.702,2.779,3.094,2.413
PB0275,context_F_transitional,transitional_mixed,4.417,4.196,4.033,3.587,4.141,4.096,3.823,4.002,4.392,2.561,4.000,4.481,5.104,2.495,1.844,3.089
PB0276,context_F_transitional,transitional_mixed,4.408,4.130,2.871,3.424,4.202,4.558,3.011,4.540,4.023,3.965,3.753,4.483,5.655,4.010,2.089,2.626
PB0277,context_F_transitional,transitional_mixed,3.781,4.820,4.041,3.744,4.407,3.807,4.138,4.283,3.519,2.855,3.761,5.192,5.410,4.066,2.534,4.020
PB0278,context_F_transitional,transitional_mixed,3.057,3.371,4.361,4.062,3.271,4.826,3.702,4.357,2.825,3.378,3.702,3.984,5.954,2.825,2.916,3.190
PB0279,context_F_transitional,transitional_mixed,3.283,3.742,1.981,3.589,3.924,3.630,2.927,4.525,3.838,4.050,3.595,5.524,4.542,4.024,2.804,2.082
PB0280,context_F_transitional,transitional_mixed,4.123,2.412,4.930,3.528,4.259,5.583,4.639,5.440,2.720,3.650,3.956,4.938,7.000,4.263,3.182,3.673
PB0281,context_F_transitional,transitional_mixed,3.720,3.791,4.189,4.870,5.332,5.229,3.437,2.704,3.404,3.791,3.461,4.053,4.958,2.617,2.647,2.929
PB0282,context_F_transitional,transitional_mixed,4.065,3.574,4.611,4.623,5.071,4.459,3.208,5.501,2.740,3.474,3.568,4.206,5.704,2.899,2.082,3.102
PB0283,context_F_transitional,transitional_mixed,4.039,2.822,5.124,2.366,4.002,4.809,3.635,4.352,2.695,2.477,3.345,4.307,6.066,3.197,2.427,2.473
PB0284,context_F_transitional,transitional_mixed,4.613,5.287,4.376,3.364,3.717,4.814,3.288,3.845,3.328,3.544,3.809,5.008,5.123,2.495,2.874,2.500
PB0285,context_F_transitional,transitional_mixed,4.660,3.186,3.187,4.358,4.343,5.066,2.860,4.426,2.833,1.993,3.621,4.139,4.648,3.043,2.094,2.743
PB0286,context_F_transitional,transitional_mixed,4.374,5.154,3.730,2.623,3.586,4.382,3.121,4.591,3.174,2.908,2.956,5.230,5.896,2.253,2.468,2.241
PB0287,context_F_transitional,transitional_mixed,3.522,3.545,3.181,4.753,3.634,4.230,2.794,3.238,3.809,2.410,3.500,4.194,5.504,2.903,2.091,3.189
PB0288,context_F_transitional,transitional_mixed,3.621,3.536,3.147,3.707,5.722,5.061,3.682,3.977,2.661,3.044,3.897,3.805,5.949,2.719,2.388,3.710
