pair_id,zygosity,genetic_relatedness,twin1_trait,twin2_trait,twin1_temperament_reactivity,twin2_temperament_reactivity,twin1_effortful_control,twin2_effortful_control,family_stress,social_support,socioeconomic_security,educational_stability,shared_environment_index,nonshared_environment_index,trait_mean,trait_difference,gxe_marker,rge_marker,developmental_context_score
BGP00001,MZ,1.000,3.105,2.912,2.360,2.592,4.092,4.767,3.652,5.111,2.935,5.320,4.354,2.317,3.008,0.193,0.866,2.777,4.661
BGP00002,MZ,1.000,4.911,4.982,4.009,4.114,6.029,4.971,4.604,5.487,6.799,4.831,5.114,1.341,4.947,0.071,0.823,4.341,5.502
BGP00003,MZ,1.000,3.918,3.789,4.123,2.610,4.154,2.825,4.195,3.738,4.403,6.077,4.547,1.783,3.854,0.129,1.147,3.099,4.707
BGP00004,MZ,1.000,2.786,2.906,2.733,1.624,3.470,3.881,2.074,4.210,4.428,4.168,4.679,1.363,2.846,0.121,0.640,3.064,4.681
BGP00005,MZ,1.000,3.336,3.847,2.903,4.661,4.544,4.198,2.659,3.603,3.702,4.207,4.320,2.467,3.591,0.510,1.336,2.681,3.875
BGP00006,MZ,1.000,3.912,4.524,4.816,5.122,4.132,4.569,4.376,2.768,3.784,5.926,4.007,2.938,4.218,0.613,1.420,2.805,3.893
BGP00007,MZ,1.000,4.218,4.812,5.687,6.044,3.628,4.004,4.975,2.697,4.199,4.179,3.421,2.300,4.515,0.594,2.116,2.900,3.695
BGP00008,MZ,1.000,4.332,4.203,4.208,3.249,4.624,4.637,3.319,4.248,3.828,5.163,4.452,2.085,4.267,0.129,1.118,3.703,4.406
BGP00009,MZ,1.000,3.439,3.767,4.750,4.099,3.636,4.320,3.434,1.375,2.841,5.126,3.097,1.428,3.603,0.328,1.654,2.308,2.948
BGP00010,MZ,1.000,5.535,5.909,5.781,5.293,5.320,5.644,3.233,3.010,4.694,5.481,4.523,2.385,5.722,0.373,1.498,3.983,4.400
BGP00011,MZ,1.000,4.520,5.704,4.705,4.105,5.230,5.824,3.438,5.258,4.287,2.907,3.999,3.767,5.112,1.184,1.463,3.842,4.292
BGP00012,MZ,1.000,2.923,2.974,3.480,3.114,1.907,2.600,4.257,3.001,5.800,3.061,3.893,1.483,2.949,0.051,1.840,2.439,3.831
BGP00013,MZ,1.000,5.344,6.278,4.422,4.975,4.851,5.176,2.269,4.415,6.060,1.746,4.722,3.677,5.811,0.934,1.243,4.508,4.516
BGP00014,MZ,1.000,5.137,4.461,3.047,2.326,4.709,4.543,3.424,5.705,6.328,2.095,4.778,3.043,4.799,0.676,1.102,4.081,4.641
BGP00015,MZ,1.000,4.320,3.494,2.523,2.947,2.802,3.278,1.000,2.397,5.974,3.760,4.598,3.217,3.907,0.826,1.536,3.608,4.273
BGP00016,MZ,1.000,3.425,3.431,4.733,5.419,2.796,2.541,5.603,3.259,5.831,4.056,3.917,1.598,3.428,0.006,2.324,3.096,4.065
BGP00017,MZ,1.000,5.592,5.159,4.509,4.633,3.364,5.092,3.433,3.145,4.102,4.725,4.131,1.931,5.376,0.433,1.158,2.995,4.112
BGP00018,MZ,1.000,3.307,4.119,4.380,4.052,3.220,3.714,4.292,2.890,2.459,3.959,3.345,3.025,3.713,0.812,1.888,2.229,3.193
BGP00019,MZ,1.000,5.199,4.829,4.650,4.501,4.893,5.164,3.910,3.757,2.262,5.110,3.579,2.597,5.014,0.370,1.173,2.716,3.779
BGP00020,MZ,1.000,4.001,3.791,5.532,4.318,3.566,3.738,6.945,4.482,3.800,4.110,3.429,2.000,3.896,0.210,2.830,2.715,3.493
BGP00021,MZ,1.000,2.372,2.810,2.183,3.487,4.352,3.863,4.575,4.657,3.222,6.650,4.328,2.457,2.591,0.438,1.036,2.725,4.196
BGP00022,MZ,1.000,4.200,4.831,4.894,4.200,3.949,4.303,4.071,3.141,4.043,5.605,4.072,3.092,4.515,0.631,1.317,3.016,4.501
BGP00023,MZ,1.000,3.523,4.482,4.153,2.653,4.669,3.949,4.540,5.399,4.319,3.308,4.101,3.525,4.003,0.960,1.607,3.017,4.185
BGP00024,MZ,1.000,5.077,4.932,4.017,5.494,4.654,4.570,5.000,3.548,6.625,5.603,4.379,1.579,5.004,0.145,1.902,3.325,4.759
BGP00025,MZ,1.000,3.241,2.969,3.018,4.199,4.252,4.123,3.552,3.621,3.413,4.580,4.061,1.830,3.105,0.272,1.116,3.097,4.174
BGP00026,MZ,1.000,4.316,3.996,4.680,3.449,4.782,4.713,3.069,4.013,4.943,3.932,4.314,2.163,4.156,0.319,0.725,3.362,4.283
BGP00027,MZ,1.000,3.849,3.664,3.517,3.784,4.719,4.261,3.957,5.190,4.748,3.808,4.543,1.784,3.757,0.185,1.366,3.438,4.185
BGP00028,MZ,1.000,5.313,5.152,5.552,5.499,4.787,5.327,4.388,4.060,5.384,5.057,4.481,1.976,5.233,0.161,0.952,3.539,4.822
BGP00029,MZ,1.000,4.432,4.611,4.449,4.360,4.395,4.966,6.178,5.893,4.562,5.041,4.197,2.123,4.521,0.180,2.370,2.825,4.575
BGP00030,MZ,1.000,3.479,3.472,3.005,3.260,4.423,4.860,3.912,5.743,4.654,5.376,5.399,1.410,3.475,0.006,0.451,3.576,5.508
BGP00031,MZ,1.000,3.035,3.307,3.801,3.066,2.663,2.670,4.552,3.131,3.706,3.216,3.212,2.374,3.171,0.271,1.729,2.879,3.536
BGP00032,MZ,1.000,5.172,3.902,4.392,3.774,5.463,5.883,4.103,5.778,3.860,5.352,4.937,3.251,4.537,1.271,1.104,3.928,4.657
BGP00033,MZ,1.000,3.743,3.874,1.445,2.398,4.543,5.075,2.849,6.252,5.593,4.975,5.927,2.276,3.809,0.131,1.047,3.738,5.516
BGP00034,MZ,1.000,3.754,3.189,2.348,1.443,4.092,3.561,1.000,4.697,6.503,2.645,5.690,2.527,3.471,0.565,0.816,4.070,5.159
BGP00035,MZ,1.000,3.224,3.217,4.632,5.622,3.169,3.113,6.877,2.917,4.820,4.363,3.437,1.233,3.221,0.007,2.916,2.109,3.299
BGP00036,MZ,1.000,4.166,3.955,5.131,3.705,3.180,3.061,5.559,4.481,2.717,2.784,3.248,1.382,4.060,0.212,2.397,2.753,3.576
BGP00037,MZ,1.000,2.459,2.985,3.044,2.810,3.237,2.808,3.832,3.736,3.986,2.923,3.379,3.068,2.722,0.526,1.199,2.422,3.861
BGP00038,MZ,1.000,3.436,3.371,3.648,4.410,3.389,2.732,4.669,3.434,2.907,3.971,3.171,1.105,3.403,0.065,1.317,2.722,3.669
BGP00039,MZ,1.000,5.483,5.025,4.368,5.817,4.137,4.827,4.412,5.326,4.098,3.986,4.562,2.584,5.254,0.458,1.559,3.646,4.148
BGP00040,MZ,1.000,5.111,4.185,2.032,2.940,5.060,5.734,2.797,6.608,5.248,4.660,5.161,4.378,4.648,0.926,1.095,4.311,5.344
BGP00041,MZ,1.000,4.507,5.423,5.488,4.183,6.055,5.975,4.517,6.116,5.219,4.828,5.141,3.515,4.965,0.916,1.640,3.597,5.049
BGP00042,MZ,1.000,3.948,3.943,2.124,2.772,3.254,4.018,2.765,4.350,3.734,3.772,4.297,1.731,3.945,0.005,1.335,3.672,4.165
BGP00043,MZ,1.000,4.817,4.233,4.554,4.215,4.733,4.282,4.679,5.001,5.409,4.688,4.546,2.793,4.525,0.584,1.340,3.691,4.609
BGP00044,MZ,1.000,5.131,5.502,5.225,5.552,4.763,4.938,5.318,5.591,4.707,3.559,4.340,1.719,5.317,0.372,2.026,3.970,4.537
BGP00045,MZ,1.000,3.940,4.702,3.814,3.343,5.348,4.445,3.095,3.499,3.271,5.108,4.174,3.402,4.321,0.762,1.383,3.328,4.273
BGP00046,MZ,1.000,3.083,3.502,3.275,3.252,4.389,4.016,3.312,3.786,3.026,3.969,3.576,2.503,3.292,0.419,1.269,2.577,3.448
BGP00047,MZ,1.000,3.674,4.687,5.005,5.571,2.173,2.192,5.578,3.423,5.557,2.526,3.579,3.476,4.180,1.013,2.220,2.762,3.862
BGP00048,MZ,1.000,4.209,4.271,3.713,3.715,4.530,3.830,4.798,6.745,5.472,2.285,4.680,1.976,4.240,0.062,1.648,3.524,4.694
BGP00049,MZ,1.000,4.269,4.387,3.786,4.759,3.972,2.960,4.067,2.154,3.709,4.637,3.115,2.208,4.328,0.117,1.426,2.750,3.386
BGP00050,MZ,1.000,3.880,3.620,5.401,5.311,3.229,3.065,6.367,1.782,2.991,4.475,2.732,1.104,3.750,0.260,3.090,2.385,2.775
BGP00051,MZ,1.000,4.123,3.956,4.443,3.416,4.709,4.675,4.086,4.341,5.626,5.373,4.629,2.402,4.040,0.167,0.868,3.551,5.148
BGP00052,MZ,1.000,4.418,4.248,4.339,4.660,3.848,4.293,5.170,3.656,5.133,5.167,3.690,1.032,4.333,0.170,1.658,3.101,4.553
BGP00053,MZ,1.000,4.037,3.582,3.588,3.349,3.491,4.185,3.140,2.591,5.612,5.738,4.634,2.471,3.810,0.455,1.399,2.963,4.615
BGP00054,MZ,1.000,2.598,3.409,1.436,2.115,3.059,2.958,1.063,4.045,5.435,3.464,4.796,2.919,3.004,0.811,1.553,3.772,4.686
BGP00055,MZ,1.000,3.817,3.542,4.984,3.548,4.462,4.232,2.476,2.595,2.937,5.181,3.943,1.767,3.680,0.276,1.564,2.740,3.858
BGP00056,MZ,1.000,4.901,5.323,3.415,3.982,4.632,4.779,1.675,2.681,3.801,6.030,4.668,2.174,5.112,0.422,1.508,4.278,4.536
BGP00057,MZ,1.000,4.385,4.820,3.263,4.441,4.983,5.379,3.666,4.325,3.875,4.625,4.104,2.513,4.602,0.434,1.531,3.018,4.149
BGP00058,MZ,1.000,4.499,3.805,2.651,2.802,3.534,3.008,3.176,4.523,4.701,3.121,4.572,2.876,4.152,0.694,0.941,3.605,4.392
BGP00059,MZ,1.000,4.419,4.419,3.902,3.617,4.456,4.825,4.827,5.328,3.612,4.033,4.171,1.220,4.419,0.000,1.335,3.664,4.118
BGP00060,MZ,1.000,3.555,2.291,3.229,2.432,2.258,3.070,2.614,2.807,3.164,4.838,4.178,3.664,2.923,1.264,1.730,2.690,3.993
BGP00061,MZ,1.000,5.454,5.485,4.406,4.721,6.468,6.291,3.708,7.000,5.873,4.501,5.457,1.524,5.470,0.031,1.327,4.500,5.783
BGP00062,MZ,1.000,4.399,3.908,5.332,4.536,3.464,3.841,5.559,1.389,4.659,5.383,3.037,3.531,4.153,0.491,2.819,2.067,3.174
BGP00063,MZ,1.000,4.002,4.006,4.110,3.927,3.430,4.321,2.776,4.784,5.719,5.365,5.071,2.330,4.004,0.004,1.330,4.008,5.029
BGP00064,MZ,1.000,3.042,3.370,4.648,3.946,3.548,4.337,5.363,7.000,4.747,1.563,4.265,2.546,3.206,0.328,1.674,3.593,4.446
BGP00065,MZ,1.000,3.001,2.664,2.841,2.858,4.049,3.466,4.269,3.850,3.270,4.341,3.591,1.968,2.832,0.338,1.307,2.087,3.685
BGP00066,MZ,1.000,4.002,4.550,4.447,3.742,4.496,4.572,4.831,3.598,3.326,5.651,3.817,2.414,4.276,0.548,1.490,2.712,3.390
BGP00067,MZ,1.000,2.651,3.080,3.080,3.373,1.643,2.152,5.792,4.114,3.662,1.938,2.922,1.866,2.865,0.429,1.857,2.194,3.019
BGP00068,MZ,1.000,3.818,3.655,3.425,4.501,3.980,3.912,5.171,4.672,4.508,4.423,4.289,1.924,3.736,0.163,1.635,2.830,4.205
BGP00069,MZ,1.000,4.140,3.471,4.205,4.658,3.856,2.750,4.043,2.518,4.744,4.562,4.153,2.633,3.805,0.669,2.006,2.875,4.135
BGP00070,MZ,1.000,3.019,2.647,2.313,3.504,4.232,3.149,3.215,3.827,2.248,4.290,4.009,3.035,2.833,0.371,1.195,2.504,3.666
BGP00071,MZ,1.000,4.186,4.527,3.471,3.151,4.469,4.790,3.167,4.660,3.235,5.430,4.672,2.142,4.357,0.341,1.010,3.310,4.747
BGP00072,MZ,1.000,6.124,5.599,4.265,5.015,5.550,4.879,1.955,3.427,4.031,3.565,4.504,1.847,5.862,0.525,1.118,3.795,3.989
BGP00073,MZ,1.000,4.317,4.472,4.154,3.033,5.092,4.901,3.513,3.097,2.595,6.741,4.017,2.601,4.395,0.155,1.615,3.105,4.513
BGP00074,MZ,1.000,3.533,3.491,2.970,2.535,2.624,2.901,4.160,4.197,4.986,3.378,4.250,1.278,3.512,0.042,1.009,3.177,4.342
BGP00075,MZ,1.000,2.486,2.361,2.386,2.019,3.547,2.887,2.486,3.441,4.937,3.732,4.630,1.406,2.424,0.125,1.349,2.905,4.514
BGP00076,MZ,1.000,3.968,4.083,3.969,3.687,4.573,5.768,3.286,4.546,5.258,5.138,5.133,2.505,4.026,0.115,0.722,3.688,5.073
BGP00077,MZ,1.000,3.034,3.399,2.099,1.721,3.887,4.887,2.067,6.278,4.447,3.350,5.287,1.743,3.216,0.364,1.043,3.365,5.232
BGP00078,MZ,1.000,4.300,4.423,5.016,5.105,2.915,4.032,5.093,2.403,2.844,4.621,3.218,2.131,4.362,0.122,1.844,2.209,3.171
BGP00079,MZ,1.000,4.400,4.221,3.111,2.901,3.343,3.083,2.734,4.070,4.797,3.697,4.850,1.491,4.311,0.178,0.975,3.628,4.350
BGP00080,MZ,1.000,4.980,4.474,4.500,4.071,4.715,4.670,4.158,4.444,5.083,3.340,4.361,2.768,4.727,0.506,1.414,3.534,4.585
BGP00081,MZ,1.000,5.950,5.125,4.041,4.512,5.978,6.011,2.485,3.771,4.424,6.146,4.766,2.508,5.537,0.825,1.020,3.753,4.813
BGP00082,MZ,1.000,4.036,4.253,2.724,2.757,5.143,4.653,2.970,4.890,4.074,6.150,4.789,2.031,4.144,0.217,0.884,3.493,5.172
BGP00083,MZ,1.000,3.626,3.631,3.539,2.700,3.391,4.100,3.837,5.727,3.815,4.734,4.535,1.730,3.628,0.005,1.419,3.333,4.454
BGP00084,MZ,1.000,5.199,5.373,3.484,3.821,5.392,4.447,1.162,4.906,5.393,4.344,5.498,1.979,5.286,0.174,1.126,4.723,5.496
BGP00085,MZ,1.000,5.728,5.777,6.025,4.869,4.823,4.936,4.171,4.239,5.871,4.981,5.053,1.297,5.753,0.049,0.993,4.110,4.755
BGP00086,MZ,1.000,3.514,4.086,3.708,4.230,2.465,3.354,4.555,4.319,4.555,2.996,3.819,2.378,3.800,0.572,1.460,3.251,4.154
BGP00087,MZ,1.000,4.955,3.806,3.989,3.782,4.643,4.024,3.534,3.804,3.731,4.136,3.726,3.658,4.381,1.149,1.579,3.197,3.765
BGP00088,MZ,1.000,4.941,4.004,4.600,4.561,2.504,3.273,4.628,1.525,5.950,3.703,3.871,3.745,4.473,0.937,2.323,3.287,3.684
BGP00089,MZ,1.000,3.783,4.226,4.532,3.324,3.467,4.204,4.186,4.056,5.429,3.017,3.872,2.418,4.005,0.444,0.997,2.917,3.934
BGP00090,MZ,1.000,4.371,4.748,2.986,3.103,5.470,5.873,1.455,6.210,3.473,4.437,5.520,1.583,4.560,0.377,0.954,3.698,5.778
BGP00091,MZ,1.000,3.497,3.887,4.660,4.280,2.735,3.012,4.557,3.373,4.995,4.497,4.136,1.799,3.692,0.390,1.801,2.466,4.132
BGP00092,MZ,1.000,4.051,3.530,3.676,2.885,3.371,3.672,3.157,5.838,3.308,3.742,4.629,2.339,3.791,0.522,1.313,3.846,4.985
BGP00093,MZ,1.000,2.575,3.260,3.966,3.345,3.071,2.979,4.808,3.783,4.079,3.680,3.763,2.243,2.918,0.685,1.489,2.387,3.807
BGP00094,MZ,1.000,4.486,4.774,2.863,3.704,4.771,5.073,3.500,6.001,5.131,3.864,5.194,2.311,4.630,0.289,1.162,4.265,4.475
BGP00095,MZ,1.000,4.084,3.230,3.983,3.703,3.269,2.505,5.004,3.332,2.989,3.790,2.969,2.848,3.657,0.854,2.050,2.565,3.407
BGP00096,MZ,1.000,3.523,3.362,4.033,3.393,4.401,4.625,2.156,3.831,3.856,4.204,4.369,2.218,3.442,0.161,0.795,3.143,4.411
BGP00097,MZ,1.000,4.266,4.003,4.157,4.857,4.292,4.697,3.459,1.492,3.913,5.698,3.663,2.073,4.135,0.263,1.839,3.281,3.046
BGP00098,MZ,1.000,5.153,3.873,4.246,4.339,3.922,3.097,4.967,3.749,3.435,3.802,3.902,3.704,4.513,1.280,1.896,2.655,3.342
BGP00099,MZ,1.000,4.255,3.971,4.236,4.264,4.455,4.753,2.636,3.718,3.960,4.860,4.490,2.030,4.113,0.284,1.745,3.325,4.466
BGP00100,MZ,1.000,4.023,4.036,4.599,3.718,2.102,1.295,4.468,2.352,3.946,2.727,2.904,1.463,4.030,0.014,1.692,2.461,3.273
BGP00101,MZ,1.000,2.858,4.049,4.284,3.718,4.981,3.382,4.605,2.896,4.281,4.861,3.534,3.982,3.453,1.190,1.789,2.541,3.939
BGP00102,MZ,1.000,5.501,5.131,3.931,4.700,4.357,5.221,2.448,4.481,4.295,3.855,4.767,2.345,5.316,0.371,1.427,3.935,4.495
BGP00103,MZ,1.000,5.024,5.114,5.855,5.013,4.472,3.944,4.788,3.906,5.439,3.119,4.006,1.252,5.069,0.090,1.298,3.687,4.037
BGP00104,MZ,1.000,4.501,5.085,4.943,4.815,4.694,4.175,4.243,3.480,5.741,3.255,3.776,3.148,4.793,0.584,1.368,3.167,4.261
BGP00105,MZ,1.000,3.403,3.899,3.989,3.700,4.350,3.124,3.700,3.996,3.794,3.723,4.072,2.727,3.651,0.496,0.884,2.767,3.951
BGP00106,MZ,1.000,4.952,4.806,5.019,4.150,5.003,5.589,5.930,4.617,4.349,6.135,3.918,2.055,4.879,0.146,2.353,3.546,4.386
BGP00107,MZ,1.000,3.893,4.257,3.994,3.426,3.423,4.219,4.460,3.912,3.586,4.238,3.654,2.250,4.075,0.364,1.615,2.860,3.664
BGP00108,MZ,1.000,4.826,4.951,3.917,4.774,4.818,5.571,2.411,3.863,3.307,6.693,4.882,2.020,4.888,0.125,1.558,3.311,4.600
BGP00109,MZ,1.000,4.108,5.378,3.131,2.842,4.478,5.072,2.760,5.145,5.663,6.085,5.178,4.092,4.743,1.271,1.311,4.337,5.745
BGP00110,MZ,1.000,4.393,5.287,5.378,6.207,4.687,4.608,6.986,5.344,4.058,4.624,3.747,2.839,4.840,0.894,3.187,3.293,4.043
BGP00111,MZ,1.000,4.196,4.578,4.593,4.120,4.714,4.324,3.725,4.463,3.759,3.943,4.571,2.681,4.387,0.382,1.080,2.904,4.429
BGP00112,MZ,1.000,4.715,3.652,4.838,4.809,4.085,4.013,4.457,3.953,3.132,3.081,3.725,3.532,4.184,1.063,1.039,2.042,3.794
BGP00113,MZ,1.000,3.410,3.119,2.969,4.120,3.798,2.322,4.708,2.782,4.276,6.422,4.054,1.834,3.265,0.291,2.059,2.459,3.897
BGP00114,MZ,1.000,3.969,4.363,2.554,3.391,4.807,4.909,1.807,4.889,4.706,4.900,5.531,2.228,4.166,0.394,1.023,4.011,5.158
BGP00115,MZ,1.000,3.853,3.202,5.272,5.311,2.788,4.226,7.000,5.075,4.852,5.499,3.897,2.373,3.528,0.651,2.829,2.847,4.564
BGP00116,MZ,1.000,4.995,4.789,4.162,3.357,5.420,4.837,2.758,4.681,5.454,4.826,4.778,1.349,4.892,0.206,1.319,4.470,5.119
BGP00117,MZ,1.000,2.869,3.274,1.939,3.058,3.660,3.317,3.131,3.512,4.051,3.910,4.063,2.520,3.072,0.405,1.258,2.668,4.632
BGP00118,MZ,1.000,3.948,3.341,5.433,5.180,3.423,3.710,6.795,4.801,3.626,3.777,3.083,2.479,3.644,0.606,3.010,2.398,3.632
BGP00119,MZ,1.000,3.453,3.217,2.044,2.967,4.314,3.239,1.345,3.684,5.525,2.787,4.832,2.018,3.335,0.237,1.342,3.867,4.572
BGP00120,MZ,1.000,3.011,2.681,3.767,3.002,4.294,3.469,5.494,5.294,3.024,4.014,3.848,1.909,2.846,0.330,2.009,2.677,3.719
BGP00121,MZ,1.000,3.535,4.398,3.239,3.899,4.915,6.131,3.415,6.316,2.739,4.657,4.750,3.298,3.967,0.863,1.294,3.849,4.518
BGP00122,MZ,1.000,3.733,4.972,3.971,4.663,4.955,4.161,3.201,4.068,4.319,3.964,4.627,3.759,4.352,1.239,1.090,3.457,4.556
BGP00123,MZ,1.000,5.502,4.813,4.220,4.397,5.254,5.580,2.725,4.372,4.419,3.236,4.264,3.048,5.157,0.689,0.897,3.774,4.095
BGP00124,MZ,1.000,3.421,2.795,4.035,4.266,3.650,3.229,4.838,4.124,2.925,4.810,3.811,3.433,3.108,0.626,1.539,2.704,4.063
BGP00125,MZ,1.000,4.139,4.238,5.048,5.319,4.174,4.328,4.764,4.001,5.078,5.723,4.432,1.802,4.188,0.100,1.659,3.211,4.925
BGP00126,MZ,1.000,4.257,5.181,4.836,4.690,3.777,3.974,3.567,2.949,4.492,3.826,4.049,3.144,4.719,0.924,1.513,3.170,3.868
BGP00127,MZ,1.000,3.642,4.002,3.795,3.328,4.264,3.056,4.004,3.469,4.094,4.475,4.050,1.990,3.822,0.359,0.866,2.898,4.220
BGP00128,MZ,1.000,4.204,4.665,6.006,5.352,4.098,3.545,6.002,2.558,5.474,5.182,3.160,3.174,4.434,0.461,2.455,2.419,3.907
BGP00129,MZ,1.000,6.394,5.882,4.277,5.075,5.313,5.450,1.000,3.475,2.770,3.108,4.111,2.708,6.138,0.512,1.053,4.053,3.798
BGP00130,MZ,1.000,4.722,4.033,4.332,5.288,4.420,4.707,5.551,5.539,4.598,3.640,4.046,2.181,4.377,0.689,2.078,3.275,4.011
BGP00131,MZ,1.000,4.398,5.055,4.161,4.888,4.201,3.884,3.006,4.142,3.320,3.331,4.291,2.659,4.726,0.657,1.248,3.006,4.070
BGP00132,MZ,1.000,2.760,2.572,1.644,2.646,2.705,3.142,3.841,2.387,4.129,5.560,3.489,1.985,2.666,0.187,1.553,1.986,3.596
BGP00133,MZ,1.000,3.400,4.294,5.573,5.163,3.077,3.456,6.183,1.841,5.167,4.750,3.067,3.311,3.847,0.895,3.287,2.611,3.684
BGP00134,MZ,1.000,4.106,3.971,3.981,4.697,3.782,4.555,3.279,3.948,3.875,3.427,3.707,1.519,4.038,0.135,1.103,3.480,3.859
BGP00135,MZ,1.000,4.005,4.884,3.944,5.358,5.164,4.923,3.239,4.592,2.969,4.395,4.165,2.946,4.445,0.879,1.159,3.300,3.892
BGP00136,MZ,1.000,4.436,3.382,4.528,3.860,4.670,4.758,3.719,2.850,5.590,5.195,4.473,3.897,3.909,1.054,2.158,3.229,4.625
BGP00137,MZ,1.000,3.687,4.095,4.128,3.437,5.095,5.952,2.909,3.777,3.746,6.378,4.682,2.370,3.891,0.409,1.315,3.120,4.920
BGP00138,MZ,1.000,4.507,4.210,5.033,4.215,4.652,4.009,2.227,2.460,2.764,4.982,3.858,1.525,4.359,0.297,0.946,3.097,3.792
BGP00139,MZ,1.000,4.055,3.339,4.217,3.162,4.354,4.831,3.569,5.111,3.002,3.540,4.283,2.928,3.697,0.716,1.640,3.198,4.100
BGP00140,MZ,1.000,2.185,2.553,4.353,5.026,3.130,3.091,6.195,3.132,4.951,4.566,3.384,1.480,2.369,0.367,3.086,2.111,3.661
BGP00141,MZ,1.000,2.554,2.549,3.635,3.682,3.576,2.966,3.920,2.376,3.529,4.541,3.741,2.298,2.552,0.005,1.728,1.728,3.512
BGP00142,MZ,1.000,4.633,5.111,4.610,5.138,4.041,3.831,4.094,2.962,4.785,4.386,3.995,2.446,4.872,0.478,1.695,2.920,3.706
BGP00143,MZ,1.000,4.122,3.928,4.428,5.462,3.608,5.359,4.417,3.769,3.094,3.692,3.371,2.743,4.025,0.194,1.710,3.015,3.696
BGP00144,MZ,1.000,4.436,4.781,4.362,4.218,3.822,4.496,4.623,5.195,5.186,3.892,4.887,2.231,4.609,0.345,0.904,3.940,4.462
BGP00145,MZ,1.000,2.904,2.686,3.036,2.123,2.931,2.821,3.709,4.495,3.986,4.201,4.152,1.827,2.795,0.218,1.202,3.280,4.315
BGP00146,MZ,1.000,3.224,3.464,2.004,3.921,3.687,2.872,4.800,4.874,5.116,3.475,4.414,2.610,3.344,0.240,1.000,3.011,4.480
BGP00147,MZ,1.000,3.929,3.249,2.992,4.054,3.264,3.501,4.529,3.400,3.303,3.591,3.243,2.950,3.589,0.679,1.568,2.387,3.572
BGP00148,MZ,1.000,6.028,5.595,4.247,4.573,5.299,6.110,2.015,5.486,2.923,4.822,5.027,2.766,5.811,0.433,0.746,3.940,4.880
BGP00149,MZ,1.000,4.791,3.581,3.964,3.148,4.828,3.795,4.625,4.850,3.472,6.158,4.548,3.608,4.186,1.210,1.795,2.786,4.725
BGP00150,MZ,1.000,4.053,3.308,3.818,2.152,3.849,3.589,2.443,4.036,5.778,4.643,4.971,3.268,3.681,0.744,0.799,3.866,4.933
BGP00151,MZ,1.000,4.741,4.126,2.529,1.874,4.773,5.594,1.965,5.594,5.615,5.080,5.532,2.783,4.433,0.615,1.059,4.387,5.582
BGP00152,MZ,1.000,3.387,2.890,2.756,2.727,3.945,4.118,4.365,4.802,3.855,5.441,4.429,1.591,3.138,0.497,1.319,2.507,4.360
BGP00153,MZ,1.000,2.805,3.401,3.729,3.927,4.306,3.802,2.982,3.292,3.860,6.038,4.444,2.583,3.103,0.596,1.190,3.748,4.349
BGP00154,MZ,1.000,5.268,4.891,4.434,5.103,4.205,4.337,3.677,4.383,4.534,4.803,4.573,2.337,5.080,0.377,1.218,4.333,4.619
BGP00155,MZ,1.000,3.727,4.441,3.573,3.561,3.727,2.898,5.342,4.282,5.799,4.806,4.135,2.829,4.084,0.713,1.888,3.300,4.454
BGP00156,MZ,1.000,4.333,3.743,4.704,4.396,4.124,4.263,3.598,2.926,3.498,4.796,4.088,2.003,4.038,0.590,1.475,2.821,3.917
BGP00157,MZ,1.000,5.020,4.811,5.920,7.000,3.906,4.706,5.009,2.352,6.045,3.858,3.606,1.490,4.916,0.210,2.215,3.223,3.471
BGP00158,MZ,1.000,2.594,2.743,3.596,3.936,2.467,2.460,4.561,3.681,1.477,3.757,2.939,2.036,2.669,0.150,1.366,2.356,2.844
BGP00159,MZ,1.000,4.133,4.514,4.548,3.886,5.120,5.373,4.257,5.391,2.900,5.705,4.296,2.151,4.323,0.381,1.432,3.277,4.531
BGP00160,MZ,1.000,5.383,4.549,3.213,4.176,5.178,4.491,1.697,4.656,4.862,3.706,5.074,3.607,4.966,0.834,0.989,3.738,4.956
BGP00161,MZ,1.000,4.110,3.979,4.353,3.875,3.717,3.759,4.522,3.271,3.994,4.604,4.057,1.404,4.045,0.131,1.560,3.149,4.027
BGP00162,MZ,1.000,4.129,4.241,3.910,4.666,2.543,3.871,3.865,3.774,5.541,3.439,4.243,1.765,4.185,0.112,1.028,3.372,4.049
BGP00163,MZ,1.000,3.119,3.238,4.800,4.031,3.445,3.864,4.598,2.815,5.260,4.608,3.816,1.744,3.178,0.119,1.804,2.125,4.006
BGP00164,MZ,1.000,5.110,4.798,4.339,4.753,5.927,4.964,4.442,5.952,3.320,4.228,4.663,1.718,4.954,0.312,1.229,3.292,4.379
BGP00165,MZ,1.000,3.973,4.903,3.072,3.762,4.044,5.375,3.926,4.290,2.663,4.092,3.828,3.016,4.438,0.930,1.298,3.235,3.573
BGP00166,MZ,1.000,3.344,2.798,2.948,3.389,3.661,2.396,4.537,4.110,4.528,4.064,3.896,2.769,3.071,0.546,1.442,2.923,4.051
BGP00167,MZ,1.000,3.532,2.657,1.716,1.519,3.351,2.831,2.375,4.768,3.303,4.218,4.442,3.075,3.095,0.875,0.985,3.561,4.310
BGP00168,MZ,1.000,2.109,2.850,3.100,3.933,2.597,3.619,5.848,5.629,5.747,4.328,4.233,2.241,2.479,0.741,1.909,3.344,4.905
BGP00169,MZ,1.000,3.039,3.950,3.846,3.894,3.218,4.245,5.367,4.974,3.552,5.127,3.919,2.850,3.494,0.910,1.861,2.906,3.594
BGP00170,MZ,1.000,3.962,3.075,3.672,4.740,3.939,3.376,4.273,5.331,1.688,3.397,3.869,3.899,3.519,0.887,1.781,2.879,3.709
BGP00171,MZ,1.000,3.954,4.268,4.241,3.621,3.841,2.694,5.024,4.961,5.544,5.538,4.861,2.837,4.111,0.314,1.831,3.408,4.896
BGP00172,MZ,1.000,3.054,3.225,2.384,2.243,2.550,2.840,3.622,4.112,3.469,4.613,4.259,0.881,3.140,0.171,1.170,2.981,3.996
BGP00173,MZ,1.000,4.065,3.796,3.420,4.175,4.269,3.392,3.584,3.196,4.620,6.315,4.410,2.154,3.930,0.268,1.324,3.608,4.266
BGP00174,MZ,1.000,4.431,5.249,3.817,4.879,4.944,5.862,3.980,6.148,3.859,3.437,4.501,2.905,4.840,0.818,1.142,3.763,4.388
BGP00175,MZ,1.000,3.598,3.633,3.751,3.225,3.791,3.988,4.010,4.075,2.620,4.154,3.909,1.247,3.616,0.035,0.922,2.854,3.703
BGP00176,MZ,1.000,4.640,5.192,5.573,5.874,5.374,5.510,3.911,4.593,1.770,4.576,3.740,2.680,4.916,0.552,1.567,3.158,4.220
BGP00177,MZ,1.000,3.973,4.683,3.981,4.005,3.976,4.342,3.090,3.636,6.763,4.252,5.013,3.086,4.328,0.710,0.942,3.581,4.583
BGP00178,MZ,1.000,2.865,2.576,2.516,2.865,3.499,3.455,3.780,3.497,4.705,6.673,4.405,2.566,2.720,0.289,1.273,2.998,4.739
BGP00179,MZ,1.000,4.271,4.397,3.939,5.297,3.157,3.518,5.797,3.463,5.843,4.042,3.754,1.533,4.334,0.127,2.301,3.026,4.295
BGP00180,MZ,1.000,4.741,5.093,4.859,5.278,4.843,4.801,3.239,2.847,5.896,4.620,4.877,1.219,4.917,0.352,1.171,3.360,4.306
BGP00181,MZ,1.000,3.238,3.000,3.588,3.384,3.633,3.158,4.175,3.995,4.792,4.763,4.417,1.360,3.119,0.239,1.530,2.889,4.284
BGP00182,MZ,1.000,3.887,3.942,3.715,3.546,4.493,4.402,3.080,3.783,4.244,5.085,4.331,2.143,3.914,0.055,1.470,3.434,4.404
BGP00183,MZ,1.000,3.714,4.053,4.077,4.327,3.046,3.952,4.466,2.431,3.797,3.508,3.527,2.706,3.883,0.339,1.500,2.310,2.530
BGP00184,MZ,1.000,3.758,3.068,1.916,1.862,3.838,4.096,1.738,3.523,3.561,4.933,4.792,3.335,3.413,0.690,0.934,2.330,4.601
BGP00185,MZ,1.000,5.345,6.138,6.127,6.216,4.236,5.496,4.912,4.456,4.745,3.306,4.026,2.479,5.742,0.793,1.328,3.290,3.555
BGP00186,MZ,1.000,4.491,4.471,4.242,3.900,3.519,3.848,4.518,2.532,3.786,4.762,3.467,1.584,4.481,0.020,2.036,3.045,3.380
BGP00187,MZ,1.000,5.461,5.728,4.428,4.180,4.785,3.984,1.765,3.416,4.194,2.599,4.021,2.549,5.595,0.267,1.089,3.790,3.853
BGP00188,MZ,1.000,3.069,2.807,4.465,4.243,2.792,2.605,4.478,1.801,4.135,3.683,3.517,2.475,2.938,0.262,2.037,2.071,3.493
BGP00189,MZ,1.000,3.876,3.070,2.612,2.571,3.889,3.665,2.405,4.188,6.583,5.319,5.130,2.639,3.473,0.806,1.343,4.003,5.341
BGP00190,MZ,1.000,4.241,4.315,2.990,3.765,4.177,4.495,1.949,4.064,4.808,4.548,4.839,1.755,4.278,0.075,0.964,4.488,5.051
BGP00191,MZ,1.000,5.043,4.795,5.220,4.278,4.072,4.403,4.963,4.656,4.704,5.015,4.396,1.658,4.919,0.248,1.460,3.923,4.637
BGP00192,MZ,1.000,4.330,4.237,4.341,4.240,5.241,5.742,3.487,4.261,2.616,5.204,4.078,3.006,4.284,0.093,0.896,3.433,3.865
BGP00193,MZ,1.000,3.891,2.940,2.998,2.306,2.717,4.205,2.984,5.111,5.245,4.285,4.875,3.167,3.416,0.951,1.187,3.507,4.895
BGP00194,MZ,1.000,4.445,3.834,4.134,4.196,2.481,4.231,4.751,4.532,6.060,4.153,4.536,2.753,4.139,0.611,1.824,3.542,4.983
BGP00195,MZ,1.000,4.002,4.804,4.518,3.974,5.119,4.166,3.211,2.863,3.607,4.987,3.965,2.890,4.403,0.801,1.256,3.000,4.138
BGP00196,MZ,1.000,4.827,4.759,4.202,4.913,6.096,5.214,4.823,6.828,4.442,5.212,4.760,1.293,4.793,0.069,1.208,3.582,5.462
BGP00197,MZ,1.000,2.525,3.717,4.002,3.001,2.285,3.103,3.424,3.072,4.044,4.846,3.982,3.785,3.121,1.192,1.790,2.785,3.885
BGP00198,MZ,1.000,4.557,3.767,2.796,4.369,4.636,3.983,4.737,5.149,3.734,4.910,4.465,2.910,4.162,0.791,1.460,2.872,3.947
BGP00199,MZ,1.000,3.834,3.793,4.834,5.400,3.335,4.397,6.353,3.280,2.417,4.663,3.139,1.884,3.814,0.041,2.302,1.709,2.843
BGP00200,MZ,1.000,3.364,2.747,3.772,3.935,2.314,3.559,6.104,5.913,6.966,2.925,4.222,2.628,3.056,0.617,2.252,3.593,4.986
BGP00201,MZ,1.000,2.839,2.159,4.205,2.485,4.102,3.408,5.507,5.284,3.264,4.315,3.807,2.516,2.499,0.680,1.784,2.360,3.675
BGP00202,MZ,1.000,3.523,2.767,4.502,3.749,3.675,2.054,5.591,2.708,5.164,3.497,3.416,3.049,3.145,0.756,2.703,2.761,3.794
BGP00203,MZ,1.000,5.118,4.398,4.978,4.076,5.598,4.934,4.105,6.208,5.000,3.369,4.726,2.903,4.758,0.720,1.162,3.785,4.213
BGP00204,MZ,1.000,5.025,4.966,4.573,3.825,4.343,5.751,3.547,4.140,3.577,6.510,4.897,2.094,4.996,0.059,0.794,3.426,4.712
BGP00205,MZ,1.000,4.166,4.670,5.050,4.370,5.075,4.340,3.739,4.508,3.770,4.387,4.075,2.564,4.418,0.504,0.879,3.179,3.894
BGP00206,MZ,1.000,4.666,5.225,4.406,5.540,3.979,4.893,4.863,2.984,4.561,6.389,3.965,2.924,4.945,0.559,2.538,3.165,4.408
BGP00207,MZ,1.000,3.829,4.826,3.469,2.591,4.748,4.559,2.574,5.532,4.404,4.816,5.559,4.035,4.327,0.997,1.064,3.602,4.693
BGP00208,MZ,1.000,3.911,3.759,5.544,4.733,2.795,3.409,4.889,3.423,6.748,3.802,4.149,2.159,3.835,0.152,1.988,3.334,4.300
BGP00209,MZ,1.000,3.554,3.922,4.070,4.158,3.576,4.339,3.916,4.498,4.147,4.727,4.263,1.827,3.738,0.368,1.320,3.072,4.298
BGP00210,MZ,1.000,4.599,5.192,3.830,3.694,3.842,4.018,3.953,3.940,3.824,4.822,4.167,3.195,4.895,0.593,1.648,3.234,3.790
BGP00211,MZ,1.000,3.214,4.016,2.573,3.011,4.146,4.208,2.901,5.181,5.270,4.022,5.176,3.182,3.615,0.802,1.496,3.830,4.954
BGP00212,MZ,1.000,4.426,4.266,3.871,3.741,3.959,3.119,4.327,5.226,3.963,3.921,4.292,1.238,4.346,0.160,1.563,3.399,4.068
BGP00213,MZ,1.000,5.321,4.316,4.218,3.501,5.666,4.894,1.909,5.266,4.913,3.131,4.900,3.732,4.818,1.005,1.000,4.150,4.923
BGP00214,MZ,1.000,5.474,4.589,5.301,5.931,4.319,4.231,4.402,4.251,3.782,4.198,3.631,3.541,5.031,0.886,1.817,3.249,4.058
BGP00215,MZ,1.000,4.109,3.742,4.880,5.262,3.665,3.876,6.944,3.956,5.131,3.420,3.441,1.920,3.925,0.366,2.458,3.235,4.004
BGP00216,MZ,1.000,4.480,4.471,5.516,4.109,4.471,3.596,5.315,5.785,4.419,3.743,4.491,1.598,4.476,0.009,1.617,3.538,4.301
BGP00217,MZ,1.000,4.363,4.592,3.516,3.089,5.014,5.500,3.458,5.761,3.715,6.438,5.192,2.207,4.478,0.229,1.047,3.688,5.330
BGP00218,MZ,1.000,2.921,3.492,3.448,4.200,3.206,3.402,4.088,3.648,3.566,3.790,3.812,1.915,3.206,0.571,1.140,2.447,3.891
BGP00219,MZ,1.000,4.581,3.856,4.673,4.954,3.043,4.143,5.089,2.621,3.844,3.725,3.127,3.217,4.218,0.725,2.549,2.838,3.029
BGP00220,MZ,1.000,3.748,3.796,3.632,3.954,5.004,5.874,2.380,5.889,3.634,4.816,5.064,1.655,3.772,0.048,0.390,3.875,4.841
BGP00221,MZ,1.000,3.428,3.417,3.585,4.562,2.868,3.344,5.122,4.121,4.460,4.065,3.368,1.711,3.422,0.011,1.793,3.185,3.806
BGP00222,MZ,1.000,3.438,3.302,3.708,5.263,2.715,2.201,6.091,2.796,4.137,3.804,3.316,1.592,3.370,0.136,2.280,2.201,3.231
BGP00223,MZ,1.000,4.914,4.606,4.327,4.293,5.158,4.341,3.869,4.725,3.318,2.984,3.693,1.899,4.760,0.309,1.260,3.611,3.597
BGP00224,MZ,1.000,4.073,3.897,3.680,4.098,3.502,4.082,3.973,3.693,3.161,4.729,3.847,1.482,3.985,0.176,0.895,2.646,4.007
BGP00225,MZ,1.000,4.148,4.895,3.627,3.910,5.554,6.222,2.890,6.231,4.667,6.127,5.754,3.093,4.521,0.747,0.887,3.912,5.708
BGP00226,MZ,1.000,5.368,5.126,4.402,3.958,6.776,5.495,3.382,4.266,5.637,5.479,5.072,2.285,5.247,0.243,1.234,3.777,5.015
BGP00227,MZ,1.000,5.580,5.329,3.610,3.716,5.378,5.749,2.095,7.000,6.321,4.276,6.194,2.188,5.454,0.251,1.170,5.181,5.938
BGP00228,MZ,1.000,3.730,4.141,1.829,2.775,5.234,5.156,1.485,4.347,5.756,5.033,5.370,1.764,3.936,0.411,0.976,3.674,5.218
BGP00229,MZ,1.000,3.960,5.014,2.846,3.453,4.926,4.740,2.558,4.739,3.911,4.850,4.832,2.793,4.487,1.054,1.554,3.726,4.645
BGP00230,MZ,1.000,3.186,3.834,1.527,1.943,4.196,4.423,2.717,5.395,5.435,6.410,5.717,3.455,3.510,0.648,1.214,3.770,5.364
BGP00231,MZ,1.000,5.328,4.333,4.270,3.043,4.657,5.312,3.736,5.176,3.807,3.699,4.257,3.215,4.830,0.995,0.923,3.833,4.265
BGP00232,MZ,1.000,3.695,4.266,3.723,3.480,5.317,5.301,1.537,3.203,3.807,6.088,4.803,2.314,3.981,0.571,1.208,3.699,4.380
BGP00233,MZ,1.000,3.236,3.005,3.055,3.809,3.319,3.144,3.910,5.517,3.631,3.873,3.992,1.510,3.121,0.232,1.215,3.268,4.496
BGP00234,MZ,1.000,4.292,4.937,3.886,3.349,3.750,4.291,2.032,3.703,3.121,4.549,4.132,2.641,4.614,0.645,1.066,3.747,4.371
BGP00235,MZ,1.000,5.699,5.270,4.848,4.874,4.992,3.671,3.838,1.919,3.387,5.491,3.282,2.276,5.484,0.430,1.608,3.173,3.713
BGP00236,MZ,1.000,3.799,3.298,4.102,3.212,3.435,2.594,2.632,3.055,4.593,2.368,3.788,2.606,3.549,0.501,1.496,3.567,3.603
BGP00237,MZ,1.000,3.812,2.864,4.803,3.362,3.605,3.922,4.708,3.821,3.563,4.404,3.347,3.029,3.338,0.948,1.707,2.875,3.818
BGP00238,MZ,1.000,3.880,3.768,2.623,2.064,5.357,4.549,2.653,5.856,4.172,5.250,5.155,1.839,3.824,0.112,1.123,3.859,5.143
BGP00239,MZ,1.000,5.862,5.233,5.442,5.807,5.167,3.629,3.924,1.000,5.257,5.920,3.948,2.707,5.548,0.629,2.192,3.195,4.148
BGP00240,MZ,1.000,3.091,4.393,4.451,3.305,4.530,3.766,2.188,3.675,3.033,3.610,4.375,3.780,3.742,1.302,1.707,3.303,4.171
BGP00241,MZ,1.000,3.900,4.017,2.533,3.499,4.458,4.153,2.349,3.674,1.000,5.594,4.006,1.106,3.959,0.118,1.116,2.273,3.849
BGP00242,MZ,1.000,5.716,5.788,5.421,6.363,4.854,5.981,3.917,3.361,2.752,5.611,3.546,1.546,5.752,0.073,1.336,3.227,4.008
BGP00243,MZ,1.000,2.428,3.176,3.943,3.196,2.878,3.125,4.739,3.655,5.220,4.557,3.989,3.093,2.802,0.748,1.890,2.724,4.111
BGP00244,MZ,1.000,3.179,2.660,3.274,3.617,3.005,3.011,3.282,2.450,5.965,4.526,4.568,2.244,2.920,0.519,1.542,3.109,4.198
BGP00245,MZ,1.000,4.237,4.024,2.111,2.759,5.379,4.646,1.344,5.031,3.595,4.213,5.113,2.008,4.130,0.213,1.398,3.689,4.834
BGP00246,MZ,1.000,4.539,4.126,4.411,3.196,4.627,4.068,2.209,4.056,2.833,5.817,4.661,2.825,4.332,0.413,0.841,3.100,4.083
BGP00247,MZ,1.000,3.489,3.664,2.378,3.601,2.223,2.791,2.881,3.726,4.644,1.044,3.777,1.632,3.577,0.174,1.224,3.060,3.460
BGP00248,MZ,1.000,4.719,3.784,3.411,2.984,5.711,5.686,3.350,6.340,3.638,6.176,4.844,3.738,4.252,0.935,0.759,3.931,5.294
BGP00249,MZ,1.000,4.780,4.529,5.470,4.902,4.514,3.218,4.989,3.729,3.292,5.131,3.882,2.818,4.655,0.252,1.869,2.768,3.888
BGP00250,MZ,1.000,3.469,3.349,3.280,4.171,4.237,4.270,4.462,5.080,3.383,3.147,3.996,2.093,3.409,0.120,1.054,3.122,4.246
BGP00251,MZ,1.000,5.350,5.548,4.928,5.065,5.407,5.379,3.145,3.011,4.206,4.695,4.186,1.671,5.449,0.197,1.612,3.612,3.999
BGP00252,MZ,1.000,5.987,4.552,4.061,4.338,5.741,5.279,3.263,4.829,6.281,4.922,5.170,4.330,5.269,1.435,1.682,4.179,5.143
BGP00253,MZ,1.000,2.692,2.896,1.752,1.154,4.352,5.464,1.566,4.646,2.644,6.479,4.946,2.902,2.794,0.204,0.488,2.708,4.735
BGP00254,MZ,1.000,3.550,3.971,4.395,4.442,4.925,5.129,5.495,5.992,4.654,4.321,4.428,2.158,3.761,0.421,2.075,3.629,4.591
BGP00255,MZ,1.000,3.235,2.817,3.126,2.826,3.559,3.230,5.010,5.803,4.464,3.741,4.438,1.639,3.026,0.418,1.645,2.951,4.621
BGP00256,MZ,1.000,3.150,2.669,3.441,3.188,3.445,3.808,4.171,3.622,2.473,4.948,3.684,2.447,2.909,0.481,1.524,2.307,3.557
BGP00257,MZ,1.000,4.898,4.360,2.655,3.508,4.883,5.704,3.040,5.359,3.368,4.236,4.149,2.456,4.629,0.539,1.177,3.684,4.634
BGP00258,MZ,1.000,4.687,5.315,2.594,3.552,5.265,5.792,1.620,5.723,3.961,3.702,4.939,3.401,5.001,0.628,0.891,3.784,4.711
BGP00259,MZ,1.000,5.720,5.084,4.826,5.067,5.742,3.981,5.164,6.012,4.083,3.937,4.189,2.795,5.402,0.636,1.639,3.354,4.251
BGP00260,MZ,1.000,5.348,4.666,4.189,3.936,4.312,5.184,1.600,5.104,2.635,2.572,4.402,2.350,5.007,0.682,1.583,3.667,4.043
BGP00261,MZ,1.000,3.386,3.631,4.355,3.757,4.267,5.382,6.183,4.917,3.863,6.686,4.016,1.395,3.508,0.245,2.019,2.743,4.616
BGP00262,MZ,1.000,4.015,3.963,4.430,4.113,4.661,3.253,4.290,3.867,3.865,3.376,3.610,1.892,3.989,0.052,1.219,3.074,3.352
BGP00263,MZ,1.000,2.608,2.559,3.250,3.872,3.509,3.340,4.564,4.276,3.192,5.433,3.735,1.539,2.584,0.049,1.227,2.576,4.091
BGP00264,MZ,1.000,4.858,4.439,4.407,4.790,3.515,3.451,4.600,3.349,3.814,4.133,3.415,2.247,4.648,0.419,1.999,3.051,3.564
BGP00265,MZ,1.000,3.928,4.417,5.314,3.995,4.060,4.240,5.862,4.452,5.434,2.675,3.688,2.936,4.173,0.489,2.277,3.250,3.797
BGP00266,MZ,1.000,3.705,3.668,4.465,4.874,4.635,3.541,4.683,3.130,5.301,4.986,4.658,1.472,3.686,0.037,2.069,2.929,4.675
BGP00267,MZ,1.000,4.513,4.768,5.194,4.699,3.832,3.657,5.579,2.303,4.111,5.138,3.265,2.002,4.640,0.254,2.006,2.436,3.240
BGP00268,MZ,1.000,4.270,4.389,1.646,2.112,5.553,5.565,1.167,6.440,5.685,3.813,5.828,2.197,4.330,0.119,0.885,4.457,6.126
BGP00269,MZ,1.000,5.415,4.978,5.907,5.640,4.328,4.823,4.572,4.681,4.034,3.033,3.996,1.587,5.196,0.437,1.309,3.158,3.966
BGP00270,MZ,1.000,5.508,4.462,5.146,5.188,5.191,4.241,4.512,4.337,3.383,4.374,3.558,3.738,4.985,1.045,1.574,2.937,3.658
BGP00271,MZ,1.000,3.342,4.755,5.188,5.369,4.994,5.106,6.011,5.547,4.348,4.557,4.354,4.642,4.048,1.414,2.395,3.352,4.489
BGP00272,MZ,1.000,3.666,3.823,3.279,3.296,3.986,3.672,3.869,5.342,2.656,4.612,4.656,2.219,3.744,0.157,1.057,3.437,4.339
BGP00273,MZ,1.000,3.464,3.548,2.284,2.620,5.390,4.706,4.069,5.843,4.020,4.981,4.411,1.280,3.506,0.085,0.804,3.148,4.530
BGP00274,MZ,1.000,5.473,5.710,4.147,4.145,5.517,5.724,3.142,4.867,4.707,4.751,4.604,2.096,5.591,0.236,0.567,4.571,4.657
BGP00275,MZ,1.000,3.883,3.180,3.305,3.399,3.000,4.416,3.790,3.469,3.438,4.433,3.722,3.143,3.532,0.703,1.404,2.972,3.852
BGP00276,MZ,1.000,4.288,3.893,4.590,3.533,3.807,3.983,3.783,3.355,4.593,4.297,3.619,2.222,4.090,0.395,1.422,3.025,3.961
BGP00277,MZ,1.000,5.745,5.053,5.730,5.348,5.597,5.592,3.244,4.286,4.743,4.437,4.779,2.794,5.399,0.692,0.819,3.312,4.285
BGP00278,MZ,1.000,2.678,2.348,3.298,3.045,4.386,3.602,4.009,3.786,1.605,4.183,3.519,1.998,2.513,0.330,0.889,2.301,3.202
BGP00279,MZ,1.000,5.293,4.199,4.002,4.565,4.392,4.845,2.310,3.114,2.837,4.063,3.810,3.402,4.746,1.093,1.367,3.239,3.648
BGP00280,MZ,1.000,3.588,3.958,4.148,4.355,2.970,4.014,5.403,4.585,5.461,5.300,4.010,2.665,3.773,0.370,1.633,2.870,4.652
BGP00281,MZ,1.000,5.645,6.274,5.091,2.860,5.749,5.816,2.546,5.429,3.767,4.902,4.576,2.910,5.960,0.628,1.068,3.960,4.938
BGP00282,MZ,1.000,4.260,3.980,4.066,3.325,5.215,5.031,5.005,5.081,4.157,5.036,4.068,1.933,4.120,0.280,1.096,2.952,4.392
BGP00283,MZ,1.000,3.464,3.175,4.160,4.919,3.041,3.279,4.502,4.182,3.941,4.094,3.944,1.992,3.320,0.288,1.158,3.022,3.772
BGP00284,MZ,1.000,5.819,5.367,5.388,5.535,4.642,4.608,3.973,4.991,3.074,1.414,3.594,2.000,5.593,0.453,0.918,3.443,3.241
BGP00285,MZ,1.000,4.197,4.305,4.361,4.640,4.056,3.647,3.197,1.835,3.313,3.836,2.963,1.730,4.251,0.108,1.406,2.557,3.425
BGP00286,MZ,1.000,4.090,4.174,3.415,3.784,5.267,4.019,2.645,5.138,3.914,3.462,4.474,1.568,4.132,0.084,0.992,3.825,4.244
BGP00287,MZ,1.000,2.811,4.084,2.937,2.594,3.780,4.032,2.875,5.043,3.127,3.493,4.677,3.756,3.448,1.273,1.005,3.089,4.202
BGP00288,MZ,1.000,4.681,3.339,5.722,4.530,4.904,4.609,4.866,5.234,3.558,3.504,4.193,3.954,4.010,1.342,1.654,3.120,4.096
BGP00289,MZ,1.000,4.840,5.102,3.819,4.208,6.021,5.629,2.638,4.095,6.307,5.364,4.911,2.510,4.971,0.261,0.760,4.383,5.223
BGP00290,MZ,1.000,3.194,2.614,4.689,3.477,3.985,4.355,3.457,5.303,2.754,4.714,4.764,3.066,2.904,0.579,1.190,3.117,4.602
BGP00291,MZ,1.000,5.045,5.813,4.677,5.087,4.765,5.979,4.203,3.872,4.311,6.118,4.227,2.478,5.429,0.767,1.395,3.143,4.300
BGP00292,MZ,1.000,3.809,4.046,3.743,4.027,3.730,2.895,3.599,2.698,5.739,5.414,4.211,2.243,3.928,0.236,1.336,3.021,4.106
BGP00293,MZ,1.000,4.935,4.925,4.496,5.039,3.688,4.001,4.332,3.389,4.042,4.047,3.685,1.447,4.930,0.010,1.462,2.661,4.074
BGP00294,MZ,1.000,3.890,4.434,3.747,5.139,3.662,4.570,5.658,4.735,2.611,5.000,3.654,2.631,4.162,0.544,2.311,2.907,3.724
BGP00295,MZ,1.000,5.084,4.574,5.674,5.907,4.784,4.737,5.745,3.483,2.218,5.958,3.528,3.108,4.829,0.510,2.202,1.881,3.790
BGP00296,MZ,1.000,3.239,3.431,4.599,3.103,3.923,3.242,4.740,3.565,5.024,3.409,3.685,1.664,3.335,0.192,1.768,2.676,3.649
BGP00297,MZ,1.000,3.047,2.900,3.646,3.808,5.026,4.350,4.224,5.740,2.489,4.388,4.398,1.612,2.973,0.147,0.952,2.866,4.356
BGP00298,MZ,1.000,4.235,4.295,3.756,3.578,4.782,3.309,3.560,2.817,2.086,3.963,3.382,1.486,4.265,0.060,1.108,3.254,3.353
BGP00299,MZ,1.000,2.466,2.881,3.157,3.643,3.736,2.814,5.174,3.498,1.807,5.470,3.666,2.858,2.674,0.415,1.661,2.211,3.674
BGP00300,MZ,1.000,2.993,2.968,4.845,3.573,3.887,2.410,5.418,4.139,3.286,4.717,3.359,1.773,2.981,0.026,1.865,2.449,4.058
BGP00301,MZ,1.000,2.522,2.196,2.713,2.788,3.913,3.111,3.980,3.914,3.838,4.085,4.111,2.053,2.359,0.325,1.269,3.219,4.365
BGP00302,MZ,1.000,3.412,3.609,3.762,3.402,4.628,3.984,4.618,4.169,3.602,4.743,3.813,1.558,3.511,0.196,1.214,2.418,4.485
BGP00303,MZ,1.000,3.585,4.362,4.561,4.934,3.651,3.906,5.487,3.089,5.453,3.868,3.894,2.579,3.973,0.777,2.242,2.834,3.814
BGP00304,MZ,1.000,4.006,3.369,4.229,4.534,3.922,4.473,5.177,4.391,3.623,4.431,3.747,3.079,3.687,0.637,2.097,2.881,4.161
BGP00305,MZ,1.000,5.580,4.304,6.127,5.973,3.464,5.564,4.952,2.345,2.406,4.686,2.740,3.249,4.942,1.276,2.138,2.319,2.899
BGP00306,MZ,1.000,3.961,4.064,3.368,2.647,4.985,4.734,2.914,7.000,5.899,2.906,5.182,2.218,4.013,0.102,0.591,4.241,5.516
BGP00307,MZ,1.000,3.722,4.328,4.990,3.837,4.027,3.575,4.535,4.924,3.706,2.995,3.721,2.447,4.025,0.606,1.460,2.743,3.815
BGP00308,MZ,1.000,5.215,4.118,4.622,5.049,4.828,4.756,3.338,3.068,3.240,4.788,4.065,3.890,4.666,1.097,1.579,3.198,3.979
BGP00309,MZ,1.000,2.716,2.798,3.964,4.235,3.188,3.430,3.590,2.025,4.640,2.224,3.415,1.968,2.757,0.083,1.664,2.640,3.473
BGP00310,MZ,1.000,3.453,3.633,4.021,4.177,4.255,4.295,3.794,4.227,4.526,4.543,4.510,1.661,3.543,0.180,0.843,2.886,4.336
BGP00311,MZ,1.000,4.787,4.758,6.054,5.552,4.111,3.712,5.405,4.303,3.504,3.631,3.249,1.444,4.773,0.029,1.470,3.160,3.102
BGP00312,MZ,1.000,3.715,3.955,3.051,4.384,3.372,3.262,3.596,3.349,3.393,5.074,3.938,1.688,3.835,0.240,1.362,2.871,3.887
BGP00313,MZ,1.000,3.872,4.144,2.394,3.481,4.314,4.603,4.407,5.892,4.883,3.671,4.613,1.387,4.008,0.272,0.810,4.051,4.627
BGP00314,MZ,1.000,5.269,5.306,4.384,4.255,4.574,4.859,4.139,3.942,6.271,5.673,4.672,1.407,5.287,0.037,1.198,3.675,5.080
BGP00315,MZ,1.000,5.346,5.008,4.743,4.258,5.781,6.001,3.298,6.990,3.443,3.866,4.487,2.657,5.177,0.338,0.914,4.209,4.462
BGP00316,MZ,1.000,3.486,3.290,4.325,4.192,3.990,3.388,6.369,5.256,3.485,3.456,3.534,2.284,3.388,0.196,2.678,2.461,3.779
BGP00317,MZ,1.000,2.514,3.673,4.113,3.045,3.162,2.879,3.273,2.965,2.921,2.980,3.514,3.550,3.093,1.159,1.632,2.483,2.839
BGP00318,MZ,1.000,4.205,4.927,4.411,4.884,4.429,4.328,5.485,4.358,4.263,5.224,4.151,3.290,4.566,0.723,1.924,3.169,4.276
BGP00319,MZ,1.000,4.459,3.764,3.889,4.345,3.383,3.075,4.276,3.504,4.202,3.224,3.652,2.932,4.112,0.694,1.241,2.884,3.594
BGP00320,MZ,1.000,3.800,3.885,4.020,3.193,4.011,3.943,4.332,5.225,3.631,4.025,4.007,1.639,3.843,0.085,0.837,3.353,4.117
BGP00321,MZ,1.000,4.015,3.136,2.672,3.569,4.571,4.315,5.088,6.365,4.933,4.922,4.423,2.991,3.575,0.879,1.919,3.450,4.876
BGP00322,MZ,1.000,4.042,4.428,2.229,3.292,4.681,4.592,3.199,5.043,6.154,5.028,5.144,1.923,4.235,0.385,1.151,3.846,5.494
BGP00323,MZ,1.000,3.748,4.052,3.407,2.627,4.165,5.228,2.073,5.552,2.907,3.596,4.422,2.152,3.900,0.304,1.078,3.020,4.419
BGP00324,MZ,1.000,3.917,3.948,3.858,3.523,4.171,3.627,2.946,3.914,4.437,3.195,4.403,0.827,3.933,0.031,1.272,3.416,4.411
BGP00325,MZ,1.000,4.076,3.926,3.590,3.463,6.099,4.898,2.930,5.315,1.946,5.587,4.286,1.365,4.001,0.150,0.744,2.847,4.460
BGP00326,MZ,1.000,5.765,5.218,4.890,5.411,5.052,5.005,4.303,6.117,4.820,2.258,4.305,3.187,5.492,0.547,1.586,3.881,4.656
BGP00327,MZ,1.000,3.489,3.904,4.665,3.908,4.350,4.111,4.535,3.460,1.271,5.055,2.890,2.163,3.697,0.415,1.662,2.463,3.346
BGP00328,MZ,1.000,3.524,3.730,3.052,2.803,4.166,4.353,3.846,6.191,6.013,3.668,5.153,1.841,3.627,0.206,1.052,3.637,5.683
BGP00329,MZ,1.000,2.937,2.808,4.094,3.937,3.872,3.576,5.559,3.868,3.232,3.816,3.000,1.471,2.872,0.130,1.924,2.867,3.704
BGP00330,MZ,1.000,5.758,4.879,3.933,5.389,4.004,5.597,1.866,3.710,5.496,4.302,4.875,2.916,5.318,0.879,1.536,3.710,4.840
BGP00331,MZ,1.000,4.084,5.492,4.164,3.709,4.197,4.291,3.843,4.466,4.715,2.817,4.212,3.645,4.788,1.408,1.231,3.444,3.704
BGP00332,MZ,1.000,2.219,3.285,1.347,1.430,3.056,4.315,1.010,5.024,4.058,2.007,4.527,3.642,2.752,1.065,0.969,3.904,4.647
BGP00333,MZ,1.000,3.931,3.889,3.500,3.674,4.417,3.288,3.410,3.841,2.827,3.996,3.826,1.215,3.910,0.042,1.056,3.024,3.682
BGP00334,MZ,1.000,3.588,4.898,3.466,4.212,4.300,4.053,2.245,4.588,4.683,4.121,4.697,4.611,4.243,1.310,1.094,3.879,4.850
BGP00335,MZ,1.000,2.333,1.860,1.721,3.893,2.885,2.158,5.213,3.412,3.249,4.715,3.432,2.407,2.096,0.473,1.730,1.814,3.583
BGP00336,MZ,1.000,3.462,4.305,5.575,5.345,4.216,4.220,6.109,4.212,5.339,4.957,3.326,3.653,3.884,0.843,2.177,2.796,4.064
BGP00337,MZ,1.000,5.188,5.878,4.663,5.255,6.092,6.515,1.958,3.803,6.089,5.033,5.191,3.586,5.533,0.690,1.078,4.256,5.077
BGP00338,MZ,1.000,4.301,4.681,3.474,4.909,4.533,5.643,4.353,4.192,4.919,5.565,4.396,2.645,4.491,0.380,1.407,3.545,4.885
BGP00339,MZ,1.000,3.696,3.637,3.192,3.602,5.683,5.975,2.283,6.292,3.505,5.222,5.319,1.841,3.667,0.059,1.142,3.797,4.877
BGP00340,MZ,1.000,2.449,2.450,2.159,2.168,2.779,2.669,3.979,4.452,5.238,4.521,4.641,1.826,2.450,0.001,0.650,2.772,4.778
BGP00341,MZ,1.000,3.517,3.066,3.908,2.697,3.492,3.938,3.138,2.780,3.589,5.575,3.993,1.800,3.291,0.451,1.536,2.054,4.059
BGP00342,MZ,1.000,3.100,2.677,4.183,2.456,2.681,3.217,4.703,3.823,3.962,4.515,3.946,1.636,2.888,0.423,1.273,2.860,3.985
BGP00343,MZ,1.000,4.096,3.790,3.430,3.504,3.374,3.953,4.844,5.185,2.823,4.828,3.755,2.693,3.943,0.306,1.545,3.106,3.824
BGP00344,MZ,1.000,4.131,3.660,3.086,3.589,4.478,4.266,3.995,5.686,3.152,3.019,4.367,2.052,3.895,0.471,1.113,3.835,4.307
BGP00345,MZ,1.000,4.041,3.777,5.294,4.766,2.152,3.622,5.574,2.117,4.569,4.813,3.196,1.326,3.909,0.264,2.270,2.540,3.640
BGP00346,MZ,1.000,3.364,4.061,4.845,4.556,3.330,3.493,7.000,4.303,4.666,2.407,3.020,2.092,3.712,0.697,3.225,3.029,3.591
BGP00347,MZ,1.000,4.697,4.849,3.037,3.444,4.903,5.887,3.713,6.555,5.956,5.634,5.442,1.936,4.773,0.152,1.449,4.040,5.656
BGP00348,MZ,1.000,4.242,3.211,3.570,3.998,4.540,4.544,4.332,5.805,1.969,5.073,4.234,3.728,3.727,1.031,1.641,2.974,4.590
BGP00349,MZ,1.000,3.957,4.697,3.071,2.905,4.229,4.553,1.897,3.904,5.024,4.742,4.840,2.942,4.327,0.741,1.536,3.283,4.870
BGP00350,MZ,1.000,4.486,4.870,3.059,2.656,6.458,5.192,1.216,4.453,4.823,5.815,5.600,1.697,4.678,0.384,1.144,3.380,5.546
BGP00351,MZ,1.000,4.935,4.747,2.910,2.413,5.321,4.972,1.408,4.893,3.235,4.292,5.110,2.157,4.841,0.188,1.323,4.225,4.927
BGP00352,MZ,1.000,4.159,4.636,3.779,3.844,5.492,4.915,3.502,3.489,2.689,5.934,3.937,2.870,4.397,0.477,1.550,2.556,3.786
BGP00353,MZ,1.000,4.109,4.523,3.095,3.354,5.455,5.129,4.360,6.023,5.082,5.424,4.876,2.025,4.316,0.414,1.497,3.903,5.191
BGP00354,MZ,1.000,4.275,3.811,5.039,4.779,4.239,3.809,5.465,4.947,4.754,4.622,4.125,2.368,4.043,0.463,1.798,2.735,4.356
BGP00355,MZ,1.000,4.541,4.448,3.318,3.822,4.434,5.577,3.720,5.794,4.292,4.534,4.846,2.038,4.495,0.093,1.478,4.172,5.329
BGP00356,MZ,1.000,4.493,3.624,3.994,3.076,4.242,4.256,3.677,5.003,3.156,4.070,4.093,2.699,4.058,0.868,1.105,3.245,4.071
BGP00357,MZ,1.000,5.223,5.160,4.141,5.329,6.127,5.727,2.928,4.573,5.071,5.326,5.397,1.522,5.192,0.063,1.172,4.350,5.074
BGP00358,MZ,1.000,5.575,4.513,4.942,5.553,4.866,5.386,3.657,3.167,4.905,4.978,4.001,3.448,5.044,1.061,1.522,3.429,3.996
BGP00359,MZ,1.000,4.646,5.680,4.470,4.851,4.121,4.682,4.001,3.217,5.395,4.314,4.305,3.661,5.163,1.034,1.406,3.369,4.152
BGP00360,MZ,1.000,3.588,3.497,2.847,2.832,3.654,4.205,3.325,3.834,3.007,3.991,3.561,1.403,3.542,0.091,1.039,2.919,3.895
BGP00361,DZ,0.500,4.660,4.765,3.795,4.442,3.993,4.492,2.660,4.726,4.078,2.991,4.013,2.022,4.713,0.105,0.621,3.893,3.959
BGP00362,DZ,0.500,3.613,3.629,3.561,3.885,4.584,5.213,3.026,4.174,4.195,4.768,4.333,1.193,3.621,0.016,0.819,3.057,4.343
BGP00363,DZ,0.500,3.574,3.272,4.038,4.338,3.898,2.305,4.244,2.706,5.276,5.460,3.997,3.294,3.423,0.301,0.979,2.723,4.315
BGP00364,DZ,0.500,4.339,4.529,3.522,5.011,3.828,5.373,4.637,5.175,4.810,4.835,4.475,2.314,4.434,0.190,0.938,3.291,4.572
BGP00365,DZ,0.500,4.184,3.360,4.103,3.125,3.241,3.806,3.403,3.994,4.755,3.273,4.024,2.352,3.772,0.824,1.284,2.886,3.481
BGP00366,DZ,0.500,2.931,3.448,3.909,3.539,3.758,3.276,5.261,3.959,5.593,3.920,4.032,2.129,3.189,0.517,1.595,2.947,4.165
BGP00367,DZ,0.500,3.542,3.112,3.274,2.824,2.977,2.715,2.655,2.755,5.211,4.027,3.941,3.228,3.327,0.429,1.672,3.166,4.116
BGP00368,DZ,0.500,5.154,4.943,2.458,4.161,5.963,5.665,1.395,5.621,2.828,4.977,5.235,3.051,5.049,0.211,1.085,3.916,5.111
BGP00369,DZ,0.500,2.850,1.790,2.775,3.351,3.890,3.380,4.116,4.353,3.912,2.848,4.424,2.481,2.320,1.060,1.629,2.763,3.609
BGP00370,DZ,0.500,3.431,4.588,3.290,5.052,3.170,4.929,3.226,4.186,3.195,3.862,4.060,1.167,4.009,1.157,1.157,3.464,3.881
BGP00371,DZ,0.500,2.478,2.821,3.205,3.363,4.064,4.589,4.083,3.484,3.384,5.711,3.720,2.427,2.650,0.342,1.333,2.542,3.886
BGP00372,DZ,0.500,3.792,4.418,3.328,3.873,4.713,4.805,3.331,5.488,4.948,4.300,5.090,2.901,4.105,0.626,1.192,4.015,4.936
BGP00373,DZ,0.500,5.809,3.576,5.807,4.458,4.592,3.946,3.584,1.794,3.607,5.390,3.475,2.995,4.693,2.233,2.466,2.380,3.487
BGP00374,DZ,0.500,3.350,1.832,2.255,1.375,4.907,3.804,3.343,6.319,6.282,5.639,5.668,4.132,2.591,1.519,0.999,3.231,5.996
BGP00375,DZ,0.500,4.914,5.904,5.118,6.098,5.447,4.496,4.633,4.821,2.659,4.325,3.407,3.784,5.409,0.989,1.195,3.639,3.713
BGP00376,DZ,0.500,6.037,6.761,5.364,5.910,6.096,5.787,3.639,3.700,4.056,4.114,3.901,3.124,6.399,0.724,1.097,3.632,4.288
BGP00377,DZ,0.500,5.642,4.469,4.827,4.773,4.400,4.025,5.515,5.026,3.767,4.326,3.749,3.132,5.056,1.173,1.435,3.767,3.816
BGP00378,DZ,0.500,5.152,4.647,2.607,3.453,5.208,4.805,1.000,5.570,4.173,3.983,5.732,1.379,4.899,0.505,1.166,4.274,5.063
BGP00379,DZ,0.500,4.220,4.280,3.827,4.721,4.821,4.511,2.875,3.078,4.409,3.877,3.765,1.685,4.250,0.060,1.302,3.486,4.526
BGP00380,DZ,0.500,4.932,3.446,3.112,3.405,4.401,2.946,2.714,3.080,5.859,3.639,4.646,2.655,4.189,1.486,1.368,2.875,4.309
BGP00381,DZ,0.500,4.249,4.917,2.656,4.464,5.832,4.848,1.719,4.535,3.286,3.034,4.406,2.928,4.583,0.668,1.050,3.718,3.964
BGP00382,DZ,0.500,4.170,4.119,3.735,3.700,4.016,3.076,3.614,3.663,4.222,4.698,3.932,1.646,4.144,0.052,1.446,3.521,4.396
BGP00383,DZ,0.500,4.041,3.900,4.890,4.271,2.756,3.372,4.364,4.050,2.433,2.052,3.180,2.382,3.971,0.142,1.097,2.912,2.948
BGP00384,DZ,0.500,2.965,4.186,1.421,1.000,4.017,5.342,2.499,6.808,4.559,5.374,5.687,2.443,3.576,1.221,1.307,3.839,5.534
BGP00385,DZ,0.500,4.264,4.602,3.550,4.171,5.068,4.982,3.562,5.714,4.139,5.643,4.897,3.166,4.433,0.338,0.708,2.837,5.012
BGP00386,DZ,0.500,4.081,2.782,2.891,3.319,4.469,4.057,2.628,4.570,1.766,4.959,4.140,1.212,3.431,1.299,1.219,3.205,3.917
BGP00387,DZ,0.500,3.727,3.258,4.038,4.368,3.293,3.888,2.998,3.653,5.111,4.620,4.645,1.473,3.493,0.468,0.997,3.176,4.362
BGP00388,DZ,0.500,3.800,2.755,2.882,2.364,3.749,3.303,4.610,5.903,1.851,4.263,4.347,2.170,3.278,1.046,1.379,2.169,3.617
BGP00389,DZ,0.500,4.588,5.067,6.437,5.580,4.151,4.383,5.865,3.071,4.100,4.270,2.991,2.270,4.827,0.479,1.455,2.990,3.624
BGP00390,DZ,0.500,4.620,4.316,4.438,4.824,4.833,4.775,4.761,5.910,4.113,3.689,4.519,1.777,4.468,0.305,1.637,3.488,4.486
BGP00391,DZ,0.500,3.343,3.796,3.281,4.072,3.979,3.680,4.468,6.227,3.380,4.130,4.541,1.751,3.570,0.452,1.286,3.389,4.208
BGP00392,DZ,0.500,4.990,5.188,4.545,3.029,5.378,4.893,2.381,5.379,5.228,4.797,5.041,2.062,5.089,0.198,0.784,4.062,5.145
BGP00393,DZ,0.500,4.665,4.337,5.029,4.777,5.052,5.239,4.074,4.077,4.982,5.480,4.189,1.623,4.501,0.329,0.970,3.610,4.951
BGP00394,DZ,0.500,3.275,3.540,5.135,5.158,4.746,4.031,6.367,5.043,3.943,4.403,3.618,2.777,3.408,0.265,1.563,2.059,4.631
BGP00395,DZ,0.500,3.201,1.800,3.381,2.417,3.614,2.672,5.868,4.997,5.097,3.370,3.922,3.016,2.500,1.401,1.998,2.611,4.350
BGP00396,DZ,0.500,4.612,4.957,4.818,3.786,4.392,3.869,2.912,3.331,5.259,3.670,4.012,2.662,4.785,0.345,1.510,4.024,4.722
BGP00397,DZ,0.500,4.232,4.560,4.233,4.159,5.614,4.128,4.366,4.280,4.554,5.379,4.556,2.292,4.396,0.328,1.023,2.620,4.420
BGP00398,DZ,0.500,4.104,4.554,4.019,5.124,3.688,4.516,3.062,2.373,4.854,4.074,3.966,2.283,4.329,0.450,1.726,2.837,3.596
BGP00399,DZ,0.500,3.694,4.403,1.960,2.291,4.460,4.596,1.253,4.953,6.202,4.247,5.758,2.427,4.048,0.710,0.838,4.078,4.979
BGP00400,DZ,0.500,2.987,4.626,3.704,3.604,4.161,4.840,4.028,4.159,5.531,5.019,5.221,3.782,3.807,1.640,1.300,3.630,4.860
BGP00401,DZ,0.500,3.505,3.076,4.404,3.398,3.209,2.374,4.826,2.349,5.678,4.918,3.965,1.940,3.291,0.429,1.483,2.777,4.071
BGP00402,DZ,0.500,2.883,3.488,3.375,3.794,3.642,2.801,1.851,2.583,4.527,2.067,4.040,2.047,3.185,0.605,1.762,2.691,3.393
BGP00403,DZ,0.500,5.021,4.923,6.028,5.603,4.985,4.148,4.593,3.807,3.497,3.098,3.495,1.278,4.972,0.098,0.906,3.654,3.324
BGP00404,DZ,0.500,2.951,2.700,2.979,4.278,2.512,3.650,4.375,3.086,4.002,3.943,3.587,2.393,2.826,0.252,1.550,2.295,3.639
BGP00405,DZ,0.500,2.930,4.552,2.330,2.941,4.246,5.182,3.610,4.966,5.394,5.952,5.341,3.751,3.741,1.622,1.052,3.937,5.068
BGP00406,DZ,0.500,3.732,4.375,3.122,3.528,4.687,4.088,3.302,3.793,4.992,4.664,4.416,2.859,4.053,0.643,1.302,3.708,4.432
BGP00407,DZ,0.500,4.466,3.877,3.599,4.114,5.003,4.057,3.864,4.308,2.014,3.589,3.459,2.224,4.172,0.589,1.058,2.988,3.723
BGP00408,DZ,0.500,5.659,3.850,5.586,4.654,5.179,3.701,3.433,3.079,4.275,3.875,3.978,3.110,4.755,1.809,1.734,2.972,4.209
BGP00409,DZ,0.500,4.348,4.603,3.562,4.265,3.847,5.703,4.359,5.018,5.230,4.843,4.732,2.273,4.475,0.255,0.960,3.222,4.807
BGP00410,DZ,0.500,4.290,2.789,4.675,4.090,4.490,3.241,4.783,3.819,3.391,4.036,3.670,3.186,3.540,1.502,1.751,2.535,3.648
BGP00411,DZ,0.500,3.249,3.846,2.967,3.540,4.524,3.140,2.716,3.887,5.163,3.729,4.776,2.712,3.548,0.597,0.705,3.497,4.338
BGP00412,DZ,0.500,4.466,5.266,3.907,5.551,4.177,5.650,4.662,5.708,3.914,5.165,4.334,2.295,4.866,0.800,1.091,3.837,4.651
BGP00413,DZ,0.500,5.909,3.983,4.679,2.909,6.484,4.687,3.213,7.000,5.527,5.102,5.498,2.708,4.946,1.926,1.483,4.243,5.810
BGP00414,DZ,0.500,5.051,5.234,4.524,4.807,4.018,4.817,5.552,4.437,4.598,4.806,3.855,1.408,5.142,0.183,1.662,2.675,3.967
BGP00415,DZ,0.500,4.837,4.351,5.009,4.282,3.560,3.762,2.588,2.652,2.185,5.053,3.652,3.304,4.594,0.486,1.484,3.346,3.649
BGP00416,DZ,0.500,4.507,4.131,3.295,4.389,4.498,4.602,3.455,4.812,4.146,5.145,4.493,4.020,4.319,0.375,0.956,3.510,5.029
BGP00417,DZ,0.500,3.850,4.502,3.120,2.559,4.859,4.363,4.126,5.610,3.826,4.388,4.595,2.878,4.176,0.652,0.869,3.507,4.823
BGP00418,DZ,0.500,3.926,3.632,3.428,1.979,4.621,3.712,3.528,4.483,5.374,5.722,4.617,1.701,3.779,0.295,0.821,3.161,4.951
BGP00419,DZ,0.500,3.380,5.291,3.296,4.428,2.781,4.860,4.330,3.877,4.987,3.715,4.105,1.868,4.336,1.911,1.599,3.229,4.098
BGP00420,DZ,0.500,4.662,6.533,4.904,4.980,4.893,5.644,2.657,4.763,4.680,6.059,5.022,3.719,5.598,1.870,1.375,4.307,5.016
BGP00421,DZ,0.500,4.507,3.113,3.967,4.086,5.385,4.698,3.252,5.114,4.110,5.900,4.864,2.401,3.810,1.394,1.183,3.640,5.010
BGP00422,DZ,0.500,2.735,3.496,4.016,4.144,3.692,4.215,3.542,2.558,2.477,5.848,3.405,1.825,3.116,0.762,1.575,2.159,3.639
BGP00423,DZ,0.500,6.278,3.271,5.888,3.447,5.479,4.326,4.560,5.017,3.167,2.222,3.470,2.754,4.775,3.006,2.027,3.538,3.515
BGP00424,DZ,0.500,4.184,3.671,4.258,4.285,4.277,3.991,5.478,4.162,5.933,6.705,4.461,1.816,3.927,0.513,1.575,3.137,5.035
BGP00425,DZ,0.500,2.816,3.010,3.280,2.427,4.851,3.825,3.203,5.358,3.658,2.785,4.359,4.245,2.913,0.194,0.960,2.971,4.163
BGP00426,DZ,0.500,1.000,1.000,2.212,2.253,2.107,2.685,7.000,4.870,3.326,4.873,3.757,2.133,1.000,0.000,1.675,1.703,3.741
BGP00427,DZ,0.500,7.000,5.428,6.064,5.239,5.574,5.025,5.294,4.144,4.504,5.057,3.847,2.184,6.214,1.572,1.667,3.627,4.206
BGP00428,DZ,0.500,4.583,4.040,4.685,3.063,4.950,4.363,3.151,4.241,4.063,4.565,4.297,2.322,4.312,0.543,1.294,3.447,4.252
BGP00429,DZ,0.500,4.718,4.947,4.707,4.374,5.366,6.349,2.551,3.492,4.758,6.551,4.883,2.855,4.833,0.228,1.326,3.907,4.746
BGP00430,DZ,0.500,5.151,4.377,4.247,3.688,4.448,4.741,4.194,5.677,5.653,5.737,5.226,2.552,4.764,0.774,1.481,3.899,5.641
BGP00431,DZ,0.500,3.459,2.444,5.183,4.105,3.503,4.303,5.838,3.147,3.756,5.209,3.718,2.286,2.952,1.015,2.003,2.142,3.673
BGP00432,DZ,0.500,3.865,3.518,2.873,4.029,4.137,4.233,4.374,5.546,2.576,5.271,4.185,2.155,3.692,0.346,0.976,2.633,4.254
BGP00433,DZ,0.500,7.000,6.242,5.896,4.994,6.639,6.091,2.143,6.123,5.230,3.849,5.515,1.763,6.621,0.758,1.030,5.318,5.341
BGP00434,DZ,0.500,3.869,3.821,3.930,3.945,3.762,3.718,2.640,2.926,2.477,3.127,3.446,2.035,3.845,0.048,1.245,2.989,3.625
BGP00435,DZ,0.500,3.499,4.716,3.258,4.982,4.375,6.202,4.553,5.589,3.850,7.000,4.987,1.967,4.107,1.217,1.827,3.808,4.803
BGP00436,DZ,0.500,4.497,4.251,3.620,4.549,5.106,5.582,4.631,5.454,4.126,3.542,4.179,1.202,4.374,0.246,1.013,3.499,4.280
BGP00437,DZ,0.500,3.420,5.307,3.260,5.133,4.122,4.799,3.109,3.294,3.203,5.079,4.245,2.110,4.364,1.887,1.495,3.487,3.854
BGP00438,DZ,0.500,2.633,2.484,1.637,1.058,3.271,3.961,1.446,5.151,5.982,4.519,5.797,2.264,2.558,0.149,1.032,3.536,5.502
BGP00439,DZ,0.500,4.713,3.598,3.579,2.946,5.051,3.779,2.250,3.676,2.427,5.956,4.047,2.582,4.156,1.116,1.260,2.631,3.903
BGP00440,DZ,0.500,4.387,4.035,3.232,4.631,3.512,4.510,2.702,3.263,4.036,3.127,3.716,4.234,4.211,0.352,1.147,3.588,4.104
BGP00441,DZ,0.500,3.498,2.441,3.451,2.995,2.613,1.937,3.213,1.979,5.270,3.709,3.751,1.956,2.969,1.057,1.650,2.158,4.046
BGP00442,DZ,0.500,4.805,5.245,5.343,5.562,5.412,4.845,5.655,5.969,6.458,4.042,4.688,2.014,5.025,0.441,1.704,3.943,4.837
BGP00443,DZ,0.500,3.333,4.692,3.303,2.884,4.205,5.603,3.819,6.159,5.963,3.731,5.035,2.632,4.012,1.359,1.510,4.305,5.166
BGP00444,DZ,0.500,5.808,4.138,3.879,2.716,5.680,4.456,1.000,4.074,4.396,4.608,5.185,2.911,4.973,1.670,1.697,4.031,4.607
BGP00445,DZ,0.500,2.989,3.102,3.005,2.486,4.086,3.312,4.489,4.555,5.920,6.755,4.987,1.622,3.045,0.113,1.472,3.290,5.267
BGP00446,DZ,0.500,3.521,4.622,3.494,3.169,4.193,3.667,2.956,4.121,5.811,4.679,4.744,1.608,4.072,1.101,1.057,3.402,4.612
BGP00447,DZ,0.500,5.078,5.264,4.256,3.656,5.146,3.887,1.996,1.000,5.574,5.073,4.358,2.159,5.171,0.186,1.781,3.354,4.286
BGP00448,DZ,0.500,3.333,4.398,4.619,5.483,3.864,3.628,6.943,5.803,3.276,3.696,3.652,3.196,3.865,1.064,2.196,2.504,3.671
BGP00449,DZ,0.500,5.153,3.686,4.059,4.972,4.408,4.615,3.719,3.069,4.291,3.991,3.198,2.160,4.420,1.466,1.101,3.316,3.612
BGP00450,DZ,0.500,3.517,3.553,4.743,3.982,3.586,3.795,5.988,4.080,5.491,4.991,4.299,2.064,3.535,0.037,1.369,3.034,4.709
BGP00451,DZ,0.500,3.956,2.829,2.651,2.135,5.541,4.655,3.341,6.541,3.491,5.685,5.198,2.245,3.392,1.127,1.342,3.699,5.323
BGP00452,DZ,0.500,2.890,4.101,4.390,3.864,4.307,4.409,5.323,3.998,4.270,4.417,3.517,4.101,3.496,1.211,1.700,3.255,4.433
BGP00453,DZ,0.500,2.896,3.699,3.584,3.914,3.380,3.242,3.463,2.331,3.943,4.565,3.755,2.665,3.298,0.803,1.797,2.797,3.890
BGP00454,DZ,0.500,3.017,3.887,3.300,2.066,4.621,4.570,2.120,3.827,4.647,6.007,5.005,3.396,3.452,0.871,1.150,3.172,4.543
BGP00455,DZ,0.500,4.293,2.402,4.279,3.618,4.037,3.230,3.497,2.286,2.111,3.373,2.904,1.885,3.347,1.891,2.097,2.185,3.052
BGP00456,DZ,0.500,4.967,3.158,5.357,3.662,4.521,3.654,4.619,4.417,4.488,3.022,3.722,3.281,4.063,1.809,1.907,3.305,3.568
BGP00457,DZ,0.500,3.723,4.252,4.554,5.352,2.902,4.370,3.975,2.434,3.565,4.874,3.576,1.893,3.987,0.529,1.556,3.211,3.742
BGP00458,DZ,0.500,4.393,4.434,3.964,5.260,4.437,4.777,4.241,4.218,3.539,6.654,4.550,3.336,4.413,0.041,0.951,3.364,4.491
BGP00459,DZ,0.500,5.624,5.649,5.629,6.353,4.321,5.435,4.706,4.375,2.489,4.772,3.426,1.595,5.637,0.025,1.214,3.197,3.749
BGP00460,DZ,0.500,2.866,4.087,4.496,4.858,5.052,4.184,5.381,4.800,3.876,5.185,4.260,3.081,3.476,1.221,1.469,3.130,4.446
BGP00461,DZ,0.500,5.330,5.168,4.696,4.874,6.226,5.450,5.108,5.946,6.925,5.247,4.868,2.372,5.249,0.161,1.300,4.398,5.857
BGP00462,DZ,0.500,3.561,3.669,3.322,3.609,4.496,4.344,3.067,5.183,3.539,2.632,4.432,1.863,3.615,0.108,1.288,3.431,3.929
BGP00463,DZ,0.500,3.657,3.628,3.147,3.351,4.538,4.229,3.185,4.402,4.906,5.017,4.832,1.343,3.642,0.028,1.107,3.082,4.737
BGP00464,DZ,0.500,4.085,3.324,3.275,2.608,4.531,4.851,2.998,5.649,2.984,3.596,4.755,2.513,3.704,0.761,0.969,3.411,4.130
BGP00465,DZ,0.500,3.757,2.903,3.704,3.264,3.375,4.127,3.187,3.082,5.898,3.956,3.957,1.734,3.330,0.854,1.925,2.945,4.292
BGP00466,DZ,0.500,3.499,3.839,3.425,2.989,3.584,3.690,2.818,4.313,5.597,3.983,4.737,2.600,3.669,0.340,1.064,3.662,4.778
BGP00467,DZ,0.500,4.654,4.217,5.462,4.549,4.004,4.063,5.614,3.993,4.916,4.977,4.035,1.324,4.435,0.437,1.623,3.355,4.160
BGP00468,DZ,0.500,3.882,2.885,4.956,3.565,4.582,2.218,3.160,2.841,5.432,2.482,4.177,2.717,3.383,0.997,1.369,2.878,3.828
BGP00469,DZ,0.500,4.721,4.973,4.758,5.198,4.359,5.174,4.529,4.013,4.533,4.710,4.361,2.471,4.847,0.252,1.359,3.080,4.052
BGP00470,DZ,0.500,6.558,4.759,4.329,5.221,5.679,4.559,3.807,5.305,3.493,3.403,4.208,3.480,5.658,1.799,0.924,4.244,4.165
BGP00471,DZ,0.500,4.733,5.574,3.967,5.102,4.033,5.110,3.182,4.606,4.925,3.493,4.526,1.141,5.154,0.840,0.885,3.777,4.611
BGP00472,DZ,0.500,3.664,4.147,2.805,3.303,4.404,3.860,1.563,4.029,4.278,5.312,4.693,2.625,3.906,0.483,0.790,3.286,5.256
BGP00473,DZ,0.500,4.405,4.366,4.268,4.167,4.257,4.664,3.132,4.093,3.829,3.475,4.462,2.211,4.386,0.039,1.162,3.484,3.703
BGP00474,DZ,0.500,4.004,4.392,3.769,3.392,5.089,5.241,3.107,4.995,1.271,4.154,3.831,2.052,4.198,0.387,1.192,3.016,3.210
BGP00475,DZ,0.500,3.403,3.791,3.325,4.113,4.378,4.041,3.341,4.541,4.847,3.529,4.488,3.240,3.597,0.387,0.973,3.508,4.412
BGP00476,DZ,0.500,6.073,3.829,5.973,4.484,5.237,3.830,5.363,5.044,5.524,5.155,4.650,1.637,4.951,2.244,1.480,3.675,4.822
BGP00477,DZ,0.500,3.837,3.744,3.862,4.526,5.928,5.271,3.796,5.726,5.996,4.501,5.141,1.585,3.790,0.093,1.324,3.929,5.486
BGP00478,DZ,0.500,3.458,2.836,4.635,3.412,4.177,2.842,3.765,1.789,4.655,3.676,3.342,4.474,3.147,0.622,1.579,2.086,3.461
BGP00479,DZ,0.500,1.772,2.773,3.611,4.552,1.000,2.069,6.657,2.752,3.582,5.370,3.324,2.007,2.272,1.000,2.165,1.670,3.110
BGP00480,DZ,0.500,5.352,3.514,5.949,4.259,5.237,4.084,3.358,2.607,3.218,6.055,3.850,3.770,4.433,1.839,1.993,2.895,3.728
BGP00481,DZ,0.500,3.670,4.088,3.066,2.955,3.549,3.528,3.656,4.288,3.965,5.754,4.752,2.464,3.879,0.418,0.919,3.238,4.462
BGP00482,DZ,0.500,2.310,3.175,2.537,2.681,4.071,3.909,3.290,5.532,4.691,3.026,4.262,1.829,2.742,0.865,1.357,3.435,4.352
BGP00483,DZ,0.500,3.975,4.643,4.287,4.510,4.137,5.715,4.446,3.665,4.483,5.063,3.829,2.613,4.309,0.669,1.145,3.132,4.346
BGP00484,DZ,0.500,4.104,3.517,4.210,2.686,4.456,4.276,3.886,4.613,3.490,3.397,3.850,1.705,3.811,0.587,1.306,2.576,3.446
BGP00485,DZ,0.500,3.509,2.864,3.378,1.024,3.905,3.339,3.161,5.227,6.015,5.117,5.482,3.516,3.187,0.645,1.414,3.863,5.226
BGP00486,DZ,0.500,3.809,3.768,4.824,3.416,4.199,3.838,3.680,3.977,4.432,4.071,4.276,1.801,3.788,0.041,1.208,3.554,4.220
BGP00487,DZ,0.500,2.762,2.194,2.344,1.000,3.879,3.534,3.477,6.285,3.680,3.632,4.727,1.626,2.478,0.568,1.406,3.446,4.500
BGP00488,DZ,0.500,5.409,4.923,4.266,3.765,5.165,4.451,3.078,4.930,5.605,4.739,4.992,1.979,5.166,0.486,1.038,4.198,4.989
BGP00489,DZ,0.500,4.283,3.269,4.545,3.787,3.321,4.415,2.875,2.943,2.315,3.839,3.713,1.998,3.776,1.013,1.817,2.955,3.550
BGP00490,DZ,0.500,4.476,4.127,5.399,3.750,3.811,4.000,3.758,2.699,3.847,4.564,3.586,1.652,4.302,0.348,1.691,2.641,3.689
BGP00491,DZ,0.500,6.349,5.830,4.912,4.962,5.723,5.144,2.765,5.373,3.872,4.414,4.870,2.822,6.089,0.519,1.537,3.961,4.626
BGP00492,DZ,0.500,3.160,3.151,2.733,4.252,3.829,4.452,4.148,4.050,4.530,4.970,4.524,2.043,3.156,0.009,0.974,3.467,4.276
BGP00493,DZ,0.500,3.085,4.464,3.325,3.308,3.458,5.015,3.111,5.523,3.298,4.479,4.635,1.471,3.775,1.378,1.002,3.265,4.632
BGP00494,DZ,0.500,5.133,5.078,4.373,5.074,4.996,4.208,4.339,3.763,5.461,5.242,4.540,2.262,5.105,0.054,0.887,3.515,4.568
BGP00495,DZ,0.500,3.414,3.043,2.604,3.647,2.884,3.916,2.594,2.525,2.522,4.414,3.543,2.712,3.228,0.371,1.472,2.355,3.534
BGP00496,DZ,0.500,4.476,4.540,5.919,4.949,3.981,4.464,6.407,4.865,3.855,5.292,3.570,2.967,4.508,0.064,1.560,2.929,4.489
BGP00497,DZ,0.500,4.927,3.255,5.245,4.486,4.018,3.409,3.799,4.491,4.958,2.678,4.079,2.349,4.091,1.671,1.594,3.620,4.021
BGP00498,DZ,0.500,4.122,4.944,5.821,6.479,4.965,3.996,6.001,3.285,5.106,3.707,3.454,2.300,4.533,0.822,1.943,3.669,3.713
BGP00499,DZ,0.500,5.711,5.024,3.669,4.736,5.365,5.256,2.495,4.447,3.195,5.917,4.838,2.893,5.367,0.686,0.967,3.611,4.477
BGP00500,DZ,0.500,3.586,3.860,2.172,3.803,3.440,2.917,2.361,2.172,6.016,3.971,4.756,1.915,3.723,0.273,1.399,3.278,4.473
BGP00501,DZ,0.500,3.711,3.452,3.625,2.723,4.130,3.738,4.398,4.816,3.002,3.772,4.364,3.199,3.581,0.259,1.561,2.511,3.887
BGP00502,DZ,0.500,3.778,3.611,2.665,1.908,4.954,5.529,3.025,6.469,4.862,4.959,5.320,3.093,3.695,0.167,1.068,3.574,5.342
BGP00503,DZ,0.500,3.495,3.900,3.628,5.293,3.797,4.689,5.440,5.502,3.525,3.762,4.021,3.041,3.698,0.405,1.739,2.865,4.008
BGP00504,DZ,0.500,2.864,3.607,3.294,2.218,4.190,4.285,2.769,5.946,3.186,2.666,4.596,2.177,3.236,0.743,1.177,3.456,4.442
BGP00505,DZ,0.500,2.689,3.385,3.280,3.700,3.383,3.072,5.561,4.535,2.334,3.881,3.643,1.943,3.037,0.697,1.289,1.905,3.935
BGP00506,DZ,0.500,6.724,4.848,5.327,4.081,4.665,4.336,4.665,2.835,5.619,4.689,4.478,3.052,5.786,1.876,1.731,3.604,4.506
BGP00507,DZ,0.500,2.334,1.747,3.593,3.629,1.685,1.777,5.692,2.844,2.570,5.598,3.211,2.428,2.041,0.587,1.890,1.588,3.367
BGP00508,DZ,0.500,4.404,5.400,4.073,4.162,4.199,4.758,2.330,4.751,5.194,1.977,4.655,2.774,4.902,0.995,1.292,4.115,3.983
BGP00509,DZ,0.500,3.057,5.268,3.405,3.969,4.057,3.905,4.096,4.244,4.367,3.203,3.806,2.791,4.162,2.212,1.659,3.207,4.083
BGP00510,DZ,0.500,1.447,1.566,1.720,1.000,2.751,2.337,2.130,4.706,3.136,3.309,4.380,2.920,1.507,0.119,1.125,2.946,3.939
BGP00511,DZ,0.500,1.551,1.553,2.206,3.166,2.914,2.817,4.359,3.557,1.612,5.372,3.025,1.168,1.552,0.003,1.256,2.237,3.406
BGP00512,DZ,0.500,4.494,4.019,6.096,5.862,4.081,3.340,6.728,3.328,3.477,3.136,2.647,2.300,4.256,0.475,2.025,2.657,3.024
BGP00513,DZ,0.500,3.545,3.597,1.656,2.307,4.206,4.811,3.765,5.777,2.134,3.990,4.074,1.915,3.571,0.051,1.154,2.631,4.102
BGP00514,DZ,0.500,4.554,4.341,4.426,4.176,3.664,3.619,4.219,4.984,3.625,3.016,3.870,1.767,4.448,0.213,1.140,3.816,4.159
BGP00515,DZ,0.500,7.000,5.202,5.858,3.357,6.442,5.479,1.303,2.777,4.578,4.762,4.919,1.945,6.101,1.798,2.061,3.349,4.495
BGP00516,DZ,0.500,5.513,5.207,5.633,5.027,4.525,4.416,4.166,4.990,4.453,3.587,4.096,2.647,5.360,0.306,1.324,3.901,4.231
BGP00517,DZ,0.500,4.339,5.020,3.234,4.589,4.763,4.398,3.382,4.897,4.218,1.686,3.959,2.270,4.680,0.682,1.333,3.269,3.811
BGP00518,DZ,0.500,2.892,3.852,3.271,1.896,4.404,3.459,2.291,4.121,4.589,4.829,5.320,4.232,3.372,0.960,1.223,3.476,4.829
BGP00519,DZ,0.500,5.391,3.964,4.022,3.874,5.746,4.948,1.814,5.885,3.508,4.642,5.074,2.244,4.678,1.427,1.568,4.278,5.151
BGP00520,DZ,0.500,3.824,5.458,4.308,5.066,3.871,4.362,4.701,3.809,5.066,4.124,3.757,2.679,4.641,1.634,1.216,3.348,4.592
BGP00521,DZ,0.500,5.172,4.064,6.378,4.011,5.523,3.214,3.590,2.625,1.818,5.448,3.388,3.023,4.618,1.108,1.569,2.196,3.383
BGP00522,DZ,0.500,4.578,3.808,3.750,3.247,3.915,4.570,2.572,3.356,3.719,3.580,4.453,2.244,4.193,0.770,1.444,3.332,3.745
BGP00523,DZ,0.500,1.285,3.339,1.059,2.178,2.795,2.820,2.896,4.121,3.069,3.420,4.090,3.718,2.312,2.054,1.437,2.986,3.366
BGP00524,DZ,0.500,3.733,4.345,4.076,3.816,5.189,4.956,4.464,5.275,3.694,6.379,4.320,2.015,4.039,0.612,1.413,2.854,4.975
BGP00525,DZ,0.500,3.155,4.460,4.321,5.357,2.897,4.750,7.000,4.610,4.395,4.287,3.799,2.007,3.808,1.305,2.285,2.789,3.806
BGP00526,DZ,0.500,2.967,3.801,1.917,3.828,3.251,3.505,4.313,4.635,2.511,3.792,3.330,2.565,3.384,0.835,1.147,2.236,3.888
BGP00527,DZ,0.500,3.591,3.233,3.156,2.375,5.123,4.319,2.303,5.426,4.791,5.349,5.020,1.910,3.412,0.358,0.860,3.373,4.976
BGP00528,DZ,0.500,4.720,4.471,4.219,3.427,5.006,4.875,5.009,6.512,4.808,4.682,4.699,2.333,4.596,0.250,1.352,3.691,4.408
BGP00529,DZ,0.500,4.411,2.433,4.837,2.815,5.697,4.277,4.324,5.476,3.931,4.681,4.457,2.711,3.422,1.977,1.406,2.905,4.766
BGP00530,DZ,0.500,5.605,5.810,4.336,4.752,5.822,5.198,1.875,4.881,4.466,4.525,5.235,2.455,5.707,0.205,1.578,4.124,4.810
BGP00531,DZ,0.500,3.870,3.743,3.962,2.720,4.468,4.977,3.287,4.360,3.720,4.595,4.011,2.118,3.807,0.127,0.955,3.232,4.315
BGP00532,DZ,0.500,5.322,4.038,5.125,3.308,4.875,4.999,4.572,4.595,4.531,4.610,4.053,2.096,4.680,1.284,1.494,4.017,4.439
BGP00533,DZ,0.500,3.862,3.204,3.935,1.835,4.783,4.679,1.903,4.303,5.115,6.051,5.120,2.280,3.533,0.659,1.172,3.642,4.889
BGP00534,DZ,0.500,3.209,2.526,2.982,3.109,3.121,2.350,4.201,4.052,3.098,3.556,3.429,1.953,2.868,0.683,1.659,2.692,3.401
BGP00535,DZ,0.500,4.669,4.969,5.934,4.925,3.051,4.358,4.851,3.848,4.932,2.779,3.794,2.547,4.819,0.300,1.244,3.435,3.525
BGP00536,DZ,0.500,6.550,4.598,4.663,3.678,5.251,4.901,4.192,5.753,4.598,4.023,4.794,2.936,5.574,1.952,1.492,3.813,4.564
BGP00537,DZ,0.500,4.237,2.556,4.470,3.090,5.670,2.274,4.265,3.049,5.168,5.474,4.132,1.373,3.396,1.681,2.231,2.889,4.558
BGP00538,DZ,0.500,4.020,4.342,3.412,3.310,4.236,4.778,5.037,5.417,3.737,4.599,4.143,2.932,4.181,0.322,1.105,3.665,4.192
BGP00539,DZ,0.500,4.623,2.959,6.251,4.434,3.373,2.971,6.692,3.192,4.569,3.846,3.114,2.112,3.791,1.664,2.506,2.915,3.682
BGP00540,DZ,0.500,4.440,4.374,3.870,3.824,3.598,3.805,3.452,2.127,4.294,4.951,3.521,1.602,4.407,0.067,1.347,2.585,3.655
BGP00541,DZ,0.500,4.216,3.644,3.464,3.351,4.176,3.855,4.123,4.770,5.402,5.093,4.628,1.320,3.930,0.572,1.183,3.465,4.927
BGP00542,DZ,0.500,1.486,3.503,2.867,3.716,3.166,4.223,4.325,6.902,4.305,2.960,4.525,3.666,2.495,2.017,1.933,3.072,4.541
BGP00543,DZ,0.500,6.397,5.022,5.955,6.617,3.546,3.570,5.197,2.769,4.474,1.321,2.466,3.586,5.710,1.376,2.056,3.084,2.797
BGP00544,DZ,0.500,3.601,4.399,3.251,3.791,3.154,3.692,3.006,5.273,4.684,2.751,4.656,2.934,4.000,0.798,0.966,3.769,4.450
BGP00545,DZ,0.500,4.910,4.286,2.951,3.949,3.629,4.121,2.434,4.258,5.271,3.902,4.784,3.348,4.598,0.623,1.022,3.844,4.547
BGP00546,DZ,0.500,4.554,4.743,4.314,3.741,5.247,4.512,4.806,4.588,5.421,5.601,4.754,2.328,4.649,0.189,1.255,4.148,4.808
BGP00547,DZ,0.500,4.167,4.803,2.381,3.890,4.450,5.325,3.523,6.194,4.271,3.185,4.550,2.180,4.485,0.636,1.291,4.470,4.670
BGP00548,DZ,0.500,2.973,4.469,4.130,4.892,3.778,4.341,5.397,5.184,4.706,6.152,4.458,3.494,3.721,1.496,1.680,3.117,4.981
BGP00549,DZ,0.500,1.772,1.253,2.939,3.491,1.513,1.850,5.651,3.377,5.778,3.414,3.607,1.551,1.512,0.519,1.688,1.935,3.819
BGP00550,DZ,0.500,5.184,3.734,5.416,5.394,3.788,3.928,5.640,4.175,4.207,3.648,3.460,4.216,4.459,1.450,1.243,3.209,3.867
BGP00551,DZ,0.500,3.709,4.501,4.765,4.567,4.805,4.339,4.314,4.522,5.360,4.900,4.919,2.556,4.105,0.793,1.556,3.618,4.901
BGP00552,DZ,0.500,5.186,3.937,3.822,3.005,4.770,4.065,3.599,4.576,3.365,5.226,4.430,2.535,4.562,1.249,1.189,3.709,4.436
BGP00553,DZ,0.500,4.848,5.041,3.966,4.564,4.133,4.653,2.886,3.542,3.374,3.506,3.866,2.043,4.945,0.193,1.151,3.824,3.671
BGP00554,DZ,0.500,3.406,4.652,3.619,3.536,3.041,4.129,4.139,3.846,4.257,2.976,3.938,2.279,4.029,1.246,1.641,3.036,3.543
BGP00555,DZ,0.500,4.413,4.567,3.851,3.952,3.727,3.592,4.617,3.941,5.735,5.231,4.549,1.206,4.490,0.154,1.540,2.937,4.604
BGP00556,DZ,0.500,5.442,5.170,4.543,5.228,4.599,5.272,2.468,4.217,4.366,4.897,4.548,2.586,5.306,0.272,0.662,3.987,4.453
BGP00557,DZ,0.500,2.685,4.337,2.962,4.651,3.011,3.245,3.131,2.826,3.102,3.403,3.544,2.698,3.511,1.652,1.764,2.652,3.084
BGP00558,DZ,0.500,4.606,5.071,2.870,4.870,3.653,4.258,2.997,3.765,5.271,4.642,4.503,3.068,4.839,0.465,1.288,3.606,4.716
BGP00559,DZ,0.500,2.195,1.480,2.839,2.010,2.274,1.073,5.210,3.046,2.442,2.684,2.846,2.225,1.837,0.716,1.511,1.521,2.922
BGP00560,DZ,0.500,4.679,5.017,3.863,2.395,5.421,4.383,1.919,3.875,2.717,6.021,4.956,3.140,4.848,0.338,0.901,3.257,4.362
BGP00561,DZ,0.500,1.739,1.695,3.890,3.440,2.078,3.264,6.224,3.653,4.389,5.950,3.809,2.386,1.717,0.044,1.899,1.706,4.313
BGP00562,DZ,0.500,3.982,4.777,4.529,3.485,5.377,5.543,4.660,7.000,4.708,4.793,4.762,4.023,4.379,0.795,1.862,3.687,5.373
BGP00563,DZ,0.500,3.026,2.592,3.975,3.572,2.299,1.872,4.971,2.776,4.363,3.627,3.218,2.223,2.809,0.434,1.991,2.593,3.971
BGP00564,DZ,0.500,3.952,4.394,4.689,3.383,4.147,4.187,3.976,3.908,3.280,3.317,3.649,3.326,4.173,0.442,0.651,3.082,3.796
BGP00565,DZ,0.500,6.320,5.195,5.375,4.818,5.173,4.658,1.894,2.606,2.932,3.398,3.793,1.578,5.758,1.125,1.497,3.772,3.572
BGP00566,DZ,0.500,2.437,2.970,3.015,4.054,3.492,3.870,4.686,4.875,4.769,4.476,4.453,1.570,2.704,0.533,1.544,2.929,4.297
BGP00567,DZ,0.500,4.864,3.085,3.434,2.905,4.525,4.103,2.411,5.199,5.397,3.256,5.000,3.853,3.975,1.778,1.487,3.847,5.124
BGP00568,DZ,0.500,3.517,4.039,3.783,5.170,2.997,3.633,5.084,2.752,4.236,3.162,3.827,1.827,3.778,0.522,1.244,2.124,3.002
BGP00569,DZ,0.500,4.729,4.637,3.949,4.312,5.042,4.978,1.578,3.109,3.761,4.701,4.635,3.605,4.683,0.092,1.887,3.846,4.019
BGP00570,DZ,0.500,6.242,4.333,4.483,5.403,5.226,5.639,3.200,4.706,3.783,3.789,4.644,2.965,5.287,1.909,1.538,3.782,4.503
BGP00571,DZ,0.500,4.790,1.961,4.613,3.648,4.270,2.477,4.669,3.391,2.482,3.236,2.975,3.345,3.376,2.829,1.915,2.242,3.036
BGP00572,DZ,0.500,3.364,4.630,3.090,3.757,3.300,4.184,3.407,3.933,3.996,4.488,4.288,2.225,3.997,1.266,1.356,3.366,4.248
BGP00573,DZ,0.500,5.180,4.582,5.863,3.168,4.656,3.019,3.412,4.776,4.707,2.550,4.587,4.033,4.881,0.598,1.027,3.912,4.532
BGP00574,DZ,0.500,4.242,3.439,3.450,4.169,5.238,4.270,4.758,5.575,5.032,3.918,4.514,1.513,3.841,0.803,1.582,3.885,4.559
BGP00575,DZ,0.500,4.492,5.571,3.515,4.141,4.718,5.253,1.787,3.063,6.456,5.566,5.366,3.024,5.031,1.079,1.551,3.861,5.074
BGP00576,DZ,0.500,3.657,3.836,2.130,1.000,5.100,5.046,1.038,7.000,2.607,3.885,5.332,1.567,3.746,0.179,0.933,4.097,5.105
BGP00577,DZ,0.500,2.536,3.871,3.484,3.382,2.824,3.519,5.654,4.523,4.830,4.561,4.030,2.530,3.203,1.335,2.184,3.039,4.219
BGP00578,DZ,0.500,3.618,5.122,4.950,4.684,4.969,5.263,5.304,5.132,3.869,5.450,4.152,4.022,4.370,1.504,1.677,3.219,4.539
BGP00579,DZ,0.500,4.470,3.339,5.236,4.253,4.775,3.886,5.333,5.813,3.616,3.115,3.820,1.711,3.905,1.131,1.287,2.942,3.927
BGP00580,DZ,0.500,3.274,4.157,3.163,5.037,3.323,4.098,4.716,3.348,5.934,4.586,4.086,1.750,3.715,0.883,1.713,3.122,4.639
BGP00581,DZ,0.500,2.946,3.830,3.397,4.988,4.134,5.507,3.644,4.224,4.667,4.627,4.796,1.173,3.388,0.884,0.883,2.765,4.269
BGP00582,DZ,0.500,4.325,5.142,4.044,4.929,2.913,3.760,4.808,3.536,3.676,2.577,3.134,2.257,4.734,0.816,1.616,3.161,3.147
BGP00583,DZ,0.500,4.968,4.610,4.273,4.137,3.894,4.834,3.665,4.450,5.091,4.472,4.504,1.201,4.789,0.358,1.148,4.060,4.603
BGP00584,DZ,0.500,4.087,3.806,3.347,3.350,4.527,3.557,4.036,3.330,4.094,3.306,3.727,2.733,3.947,0.281,1.074,3.338,3.929
BGP00585,DZ,0.500,2.465,3.556,2.662,2.566,3.626,3.272,2.813,3.934,4.289,4.090,4.632,2.619,3.010,1.091,1.319,3.192,4.561
BGP00586,DZ,0.500,4.646,4.248,5.452,3.468,4.768,3.294,3.185,3.555,2.507,3.160,3.622,2.434,4.447,0.399,0.945,2.648,3.454
BGP00587,DZ,0.500,4.693,5.575,2.846,4.455,5.157,4.986,2.674,5.204,7.000,4.679,5.533,2.097,5.134,0.883,1.295,4.017,5.413
BGP00588,DZ,0.500,4.561,5.037,4.697,5.231,4.220,3.621,4.104,3.175,5.612,2.877,3.936,2.891,4.799,0.476,1.413,3.541,3.716
BGP00589,DZ,0.500,3.749,5.062,4.544,4.847,3.489,3.718,6.045,3.549,3.210,4.836,3.232,1.866,4.406,1.313,2.389,3.070,3.284
BGP00590,DZ,0.500,4.381,3.173,3.870,4.070,3.591,4.542,4.158,3.286,3.846,6.055,3.925,2.686,3.777,1.208,1.766,2.871,4.137
BGP00591,DZ,0.500,3.218,4.189,4.174,4.265,3.886,4.002,4.569,4.087,4.204,5.666,4.044,3.498,3.703,0.972,1.369,2.728,4.465
BGP00592,DZ,0.500,3.943,5.140,4.405,5.090,3.824,4.271,5.473,4.492,4.204,4.258,3.859,2.398,4.542,1.197,1.788,3.212,3.957
BGP00593,DZ,0.500,2.795,3.453,4.639,4.926,3.594,3.712,5.978,3.559,5.500,3.763,3.519,2.537,3.124,0.658,2.173,2.829,3.771
BGP00594,DZ,0.500,5.456,3.695,4.523,3.336,5.007,2.143,3.178,4.812,4.176,2.670,4.328,2.061,4.575,1.761,1.606,3.205,4.218
BGP00595,DZ,0.500,4.149,3.920,5.209,2.956,3.083,2.999,3.341,1.732,3.842,3.677,3.198,3.025,4.034,0.229,1.939,2.822,3.039
BGP00596,DZ,0.500,4.801,4.935,4.778,4.541,4.564,5.068,3.464,1.734,5.175,4.722,3.486,2.654,4.868,0.134,1.703,2.805,4.359
BGP00597,DZ,0.500,5.112,5.107,5.129,4.710,4.496,4.505,4.067,2.882,4.439,3.941,3.556,2.267,5.110,0.004,1.728,3.332,3.662
BGP00598,DZ,0.500,3.546,3.867,4.454,3.318,2.507,4.018,5.672,5.200,5.213,4.689,4.246,1.664,3.706,0.321,0.785,2.992,4.552
BGP00599,DZ,0.500,5.661,3.863,5.116,5.168,5.348,4.210,3.216,3.319,4.822,3.900,4.179,2.993,4.762,1.798,1.843,2.909,3.975
BGP00600,DZ,0.500,2.180,3.219,2.251,3.426,3.407,3.626,2.663,4.642,5.570,3.593,4.695,3.184,2.699,1.039,1.450,3.457,5.161
BGP00601,DZ,0.500,4.758,3.511,3.637,3.909,4.121,4.447,3.847,3.521,4.809,5.817,3.973,3.247,4.135,1.246,1.492,3.148,4.321
BGP00602,DZ,0.500,4.235,4.489,3.982,4.296,3.231,4.051,2.775,3.819,4.832,4.941,4.608,2.099,4.362,0.254,1.198,3.543,4.538
BGP00603,DZ,0.500,3.348,3.649,3.742,3.602,2.996,3.483,3.122,3.064,2.939,3.869,3.958,1.696,3.498,0.301,1.456,3.146,3.415
BGP00604,DZ,0.500,3.813,3.580,1.821,2.331,4.861,4.894,1.079,5.210,2.826,4.710,5.280,1.932,3.697,0.233,0.768,3.414,4.852
BGP00605,DZ,0.500,5.595,6.440,5.724,5.702,4.270,5.479,4.821,4.384,6.702,2.586,4.434,2.651,6.017,0.845,1.485,3.935,4.668
BGP00606,DZ,0.500,3.760,2.761,4.383,3.250,3.659,3.312,3.542,3.889,2.964,2.563,3.304,2.764,3.260,0.999,1.084,2.783,3.472
BGP00607,DZ,0.500,4.300,2.989,4.421,2.666,4.843,4.324,3.297,4.976,3.976,5.370,4.421,3.617,3.645,1.311,1.155,3.698,4.748
BGP00608,DZ,0.500,3.992,4.608,4.430,3.014,3.098,3.369,5.031,2.791,4.715,4.814,3.569,2.507,4.300,0.616,1.758,2.978,3.879
BGP00609,DZ,0.500,4.406,3.608,4.935,3.494,4.287,5.008,3.379,4.207,3.000,4.154,3.895,2.274,4.007,0.798,1.612,3.010,3.696
BGP00610,DZ,0.500,5.986,4.631,4.795,5.889,4.560,5.320,3.828,4.320,4.171,4.415,4.184,5.350,5.308,1.354,0.917,3.141,4.220
BGP00611,DZ,0.500,3.272,3.038,3.032,1.813,3.902,3.686,3.973,6.288,3.939,3.675,4.729,1.911,3.155,0.234,0.797,3.141,4.789
BGP00612,DZ,0.500,3.683,5.355,3.274,3.486,5.168,6.540,1.267,4.795,2.318,4.712,4.751,2.239,4.519,1.673,1.374,3.871,4.693
BGP00613,DZ,0.500,3.410,2.397,2.174,3.415,3.554,4.002,2.824,3.910,3.533,3.234,4.100,4.004,2.904,1.013,0.930,3.294,4.041
BGP00614,DZ,0.500,4.911,3.688,5.371,4.138,4.670,4.353,4.379,4.475,6.185,3.288,4.470,1.774,4.299,1.223,1.452,3.848,4.638
BGP00615,DZ,0.500,4.488,3.951,3.739,3.854,3.151,2.741,3.703,4.191,4.244,2.753,4.066,2.999,4.219,0.537,1.454,3.303,3.537
BGP00616,DZ,0.500,2.450,3.478,1.541,1.483,4.138,5.137,2.274,6.679,4.413,4.794,5.238,2.943,2.964,1.029,1.183,3.562,5.442
BGP00617,DZ,0.500,3.749,3.774,4.082,3.459,4.048,3.294,4.001,3.380,5.405,3.943,3.899,2.694,3.761,0.025,1.423,2.891,3.946
BGP00618,DZ,0.500,3.453,4.044,3.108,5.113,3.097,3.222,5.443,4.194,4.983,4.806,3.858,1.691,3.748,0.591,1.758,2.752,4.221
BGP00619,DZ,0.500,6.340,5.173,6.077,5.233,5.583,4.954,3.480,4.319,2.012,3.603,4.110,1.561,5.756,1.167,1.093,2.724,3.680
BGP00620,DZ,0.500,3.684,2.446,3.110,2.433,4.933,4.184,4.982,4.719,3.280,4.426,3.933,3.077,3.065,1.238,1.338,2.833,3.992
BGP00621,DZ,0.500,4.122,3.141,3.335,3.072,3.214,4.093,3.570,5.149,3.847,3.871,4.421,3.776,3.632,0.981,1.241,3.283,4.463
BGP00622,DZ,0.500,2.362,1.817,5.104,2.714,1.767,2.870,6.655,3.398,3.022,5.289,3.288,2.198,2.090,0.545,1.917,2.009,3.270
BGP00623,DZ,0.500,3.446,2.919,3.461,2.713,4.017,3.503,4.374,6.469,3.014,2.709,4.262,1.988,3.182,0.527,1.595,3.274,4.215
BGP00624,DZ,0.500,3.885,3.701,3.332,3.382,3.152,3.937,3.126,3.809,6.098,4.736,4.918,1.839,3.793,0.185,1.104,3.526,5.396
BGP00625,DZ,0.500,3.786,2.812,2.395,2.787,4.472,2.778,2.248,4.630,3.290,3.884,4.396,1.639,3.299,0.974,1.156,3.473,4.515
BGP00626,DZ,0.500,4.973,5.307,4.854,5.497,4.479,4.532,4.441,3.778,4.641,4.935,4.211,1.865,5.140,0.334,1.336,3.311,3.891
BGP00627,DZ,0.500,4.037,4.492,4.023,3.548,4.185,5.082,4.302,5.137,4.250,4.409,4.222,2.335,4.264,0.455,1.235,3.801,4.665
BGP00628,DZ,0.500,4.773,5.476,3.613,3.567,3.918,5.647,1.508,3.708,4.147,5.989,4.941,2.406,5.125,0.703,1.231,3.582,5.033
BGP00629,DZ,0.500,4.332,3.456,3.503,3.667,3.867,2.687,3.617,3.567,6.547,3.638,4.498,2.678,3.894,0.876,1.871,3.645,4.468
BGP00630,DZ,0.500,5.125,4.454,2.649,1.912,5.762,5.542,1.138,5.537,4.323,3.953,5.315,1.907,4.790,0.670,1.448,4.050,4.941
BGP00631,DZ,0.500,3.375,3.448,3.854,3.603,4.124,2.627,4.785,3.457,2.823,4.641,3.388,1.449,3.412,0.073,1.773,3.009,3.604
BGP00632,DZ,0.500,4.390,3.272,4.574,2.270,4.353,3.404,2.127,4.829,4.463,4.103,4.922,1.758,3.831,1.119,1.085,4.048,4.856
BGP00633,DZ,0.500,3.267,4.247,3.297,4.814,3.752,3.097,3.291,2.896,4.471,4.851,4.169,2.992,3.757,0.979,1.792,3.067,3.590
BGP00634,DZ,0.500,4.556,4.942,3.481,4.211,4.707,5.358,3.402,5.707,4.086,4.045,4.243,1.005,4.749,0.386,1.167,3.653,4.451
BGP00635,DZ,0.500,4.433,5.147,2.097,2.586,4.311,5.187,2.583,6.293,4.574,4.860,5.404,2.310,4.790,0.715,1.681,4.029,5.117
BGP00636,DZ,0.500,4.734,4.311,5.041,4.924,4.770,5.473,4.166,5.078,5.148,3.274,4.348,1.767,4.523,0.423,1.773,3.676,4.268
BGP00637,DZ,0.500,3.141,4.467,3.258,3.818,3.545,3.498,3.024,3.294,4.618,2.864,3.986,1.623,3.804,1.326,1.680,2.824,3.756
BGP00638,DZ,0.500,4.217,4.176,4.478,3.750,3.853,3.882,3.562,2.179,4.961,4.735,3.901,1.309,4.197,0.041,1.656,3.044,3.815
BGP00639,DZ,0.500,3.384,3.629,3.446,4.046,4.334,3.763,4.346,4.734,3.094,3.079,3.502,0.965,3.507,0.244,1.245,3.455,3.844
BGP00640,DZ,0.500,3.159,4.125,5.123,5.084,2.180,3.634,5.851,1.500,3.378,5.749,2.679,1.172,3.642,0.966,2.697,1.696,2.924
BGP00641,DZ,0.500,5.535,5.148,5.095,4.696,4.223,3.973,4.186,2.136,4.360,4.852,3.246,1.948,5.341,0.387,1.748,3.494,3.574
BGP00642,DZ,0.500,3.393,2.780,4.102,2.860,3.379,3.308,3.671,3.227,4.429,3.871,4.109,1.972,3.087,0.612,1.607,2.751,3.901
BGP00643,DZ,0.500,3.714,3.446,3.326,3.725,5.214,4.005,1.798,4.251,1.496,5.799,4.679,4.343,3.580,0.269,0.724,3.528,3.684
BGP00644,DZ,0.500,4.358,4.370,4.030,4.155,4.744,4.818,5.252,4.214,4.111,4.209,3.890,1.917,4.364,0.012,1.589,2.825,4.004
BGP00645,DZ,0.500,3.037,2.756,4.639,2.641,2.695,3.658,3.670,2.362,3.262,2.982,3.580,2.118,2.896,0.281,1.577,2.583,3.390
BGP00646,DZ,0.500,3.062,4.218,1.568,3.606,3.856,3.776,2.203,5.214,4.439,2.681,4.896,2.335,3.640,1.157,1.697,3.360,4.586
BGP00647,DZ,0.500,4.691,4.060,4.321,3.863,4.277,4.481,3.985,4.261,5.870,4.504,4.491,2.804,4.376,0.631,1.263,3.910,4.892
BGP00648,DZ,0.500,4.110,5.087,2.221,3.568,4.257,5.601,1.551,5.861,6.170,2.707,5.343,2.958,4.598,0.977,1.027,4.419,4.965
BGP00649,DZ,0.500,3.568,3.952,2.564,2.052,5.061,4.609,3.496,6.760,4.351,4.779,5.300,2.402,3.760,0.384,0.920,3.587,5.223
BGP00650,DZ,0.500,3.341,4.335,5.043,5.715,2.438,3.860,5.922,2.098,1.556,4.366,2.530,1.834,3.838,0.994,1.850,1.841,2.228
BGP00651,DZ,0.500,5.234,6.504,5.045,5.548,4.342,5.127,4.513,4.591,5.873,4.320,4.854,2.595,5.869,1.270,1.150,3.856,4.781
BGP00652,DZ,0.500,5.764,5.179,4.703,3.711,6.352,5.129,4.049,7.000,4.807,5.890,5.502,2.792,5.471,0.585,0.684,4.337,5.530
BGP00653,DZ,0.500,2.823,1.821,2.724,3.164,3.816,2.812,3.238,3.483,3.941,5.624,4.269,1.790,2.322,1.002,1.497,2.351,4.564
BGP00654,DZ,0.500,4.067,3.300,3.562,3.198,4.142,3.559,2.217,4.273,3.657,5.048,4.914,1.924,3.684,0.767,1.553,3.132,4.443
BGP00655,DZ,0.500,2.757,4.079,3.329,5.643,2.355,3.870,3.391,1.454,3.968,3.927,3.475,1.969,3.418,1.322,1.966,2.870,3.433
BGP00656,DZ,0.500,4.034,5.233,6.209,5.488,4.901,4.088,6.746,3.140,4.589,4.515,2.884,3.367,4.634,1.199,2.709,2.702,3.160
BGP00657,DZ,0.500,3.860,4.016,4.033,3.929,4.851,3.783,4.815,4.136,3.283,4.974,3.879,2.046,3.938,0.155,1.374,2.824,3.907
BGP00658,DZ,0.500,4.659,4.380,3.351,2.847,4.892,4.958,2.386,4.718,3.832,4.811,4.619,2.099,4.520,0.279,0.812,3.228,4.333
BGP00659,DZ,0.500,5.253,2.992,4.109,3.276,4.849,3.479,4.496,4.461,6.030,4.198,4.563,2.081,4.123,2.261,1.767,4.119,4.800
BGP00660,DZ,0.500,1.863,2.791,4.452,3.811,2.397,2.090,5.213,2.818,2.335,4.007,2.985,2.476,2.327,0.928,1.766,2.099,3.045
BGP00661,DZ,0.500,3.528,5.032,4.945,5.369,3.913,3.209,4.968,4.570,4.612,2.429,3.764,2.232,4.280,1.503,1.582,3.388,4.038
BGP00662,DZ,0.500,3.944,3.239,4.593,5.489,3.909,4.038,5.426,5.249,2.481,5.027,3.909,2.957,3.591,0.705,1.198,2.963,4.040
BGP00663,DZ,0.500,4.430,5.339,3.776,5.293,5.226,6.815,5.618,4.219,5.269,5.257,4.089,2.021,4.885,0.910,1.408,3.298,4.495
BGP00664,DZ,0.500,4.662,6.096,3.601,4.077,4.628,5.471,2.963,4.365,4.621,5.373,4.827,2.948,5.379,1.434,1.437,4.463,4.919
BGP00665,DZ,0.500,2.429,2.884,3.124,3.157,2.963,2.891,3.137,4.335,4.090,2.514,3.950,2.049,2.657,0.455,0.992,2.489,4.044
BGP00666,DZ,0.500,6.372,5.345,7.000,5.479,5.446,4.822,4.292,2.592,6.142,3.847,3.900,2.105,5.858,1.027,2.322,3.928,4.170
BGP00667,DZ,0.500,2.650,3.086,3.226,2.126,4.720,3.816,4.010,3.879,4.452,6.137,4.547,2.195,2.868,0.436,1.112,2.993,4.575
BGP00668,DZ,0.500,2.965,3.755,3.067,3.626,2.465,3.267,4.560,3.358,4.582,3.674,3.780,2.033,3.360,0.790,1.398,2.373,4.351
BGP00669,DZ,0.500,4.669,4.831,3.407,4.721,4.441,4.000,1.863,3.383,4.216,3.998,4.809,2.684,4.750,0.162,1.196,4.070,4.036
BGP00670,DZ,0.500,4.097,4.165,5.191,5.342,3.131,3.561,4.656,2.133,2.466,3.492,3.098,3.045,4.131,0.068,1.673,1.911,2.490
BGP00671,DZ,0.500,3.660,3.390,3.029,3.398,4.221,3.392,3.028,4.235,1.317,4.171,3.717,1.597,3.525,0.270,1.071,2.466,3.461
BGP00672,DZ,0.500,4.659,4.430,4.786,3.781,4.551,3.969,3.894,6.076,3.893,3.574,4.738,2.044,4.544,0.229,0.922,3.584,4.773
BGP00673,DZ,0.500,4.795,5.323,3.197,2.419,5.342,5.014,1.729,5.838,2.949,4.218,4.911,4.218,5.059,0.528,0.754,3.726,4.337
BGP00674,DZ,0.500,3.399,5.217,3.836,3.968,3.832,4.307,5.027,3.466,5.878,4.191,3.994,3.377,4.308,1.818,1.780,2.677,3.797
BGP00675,DZ,0.500,3.904,3.090,4.396,4.203,3.832,4.007,4.789,4.439,4.104,4.732,4.123,2.990,3.497,0.814,0.927,2.767,4.166
BGP00676,DZ,0.500,5.465,5.405,5.250,5.427,5.159,4.657,5.652,3.295,2.439,6.205,3.121,1.388,5.435,0.061,1.687,3.009,3.217
BGP00677,DZ,0.500,5.181,5.507,2.658,2.907,5.127,5.547,1.336,5.734,2.970,5.395,5.337,2.847,5.344,0.325,1.164,3.539,5.181
BGP00678,DZ,0.500,3.692,5.704,3.859,3.780,5.285,6.050,4.352,5.545,5.386,5.400,5.167,4.092,4.698,2.012,1.833,3.774,5.047
BGP00679,DZ,0.500,4.933,4.217,3.521,3.655,4.972,3.650,3.461,4.941,3.614,3.891,4.273,2.595,4.575,0.716,1.126,3.506,4.045
BGP00680,DZ,0.500,2.716,2.694,2.621,2.560,3.821,4.482,3.732,4.172,4.067,5.690,4.429,2.307,2.705,0.022,1.032,2.571,4.186
BGP00681,DZ,0.500,4.141,4.262,4.493,4.689,4.215,3.690,4.257,4.100,2.693,5.365,4.142,2.156,4.201,0.121,1.007,2.530,3.794
BGP00682,DZ,0.500,5.364,4.713,4.718,4.069,4.709,3.924,2.351,3.337,3.303,3.553,3.942,1.892,5.038,0.651,1.302,3.426,3.460
BGP00683,DZ,0.500,4.658,5.688,2.933,3.744,4.678,5.888,1.327,5.063,3.195,3.932,4.832,1.823,5.173,1.031,0.972,3.841,4.650
BGP00684,DZ,0.500,4.853,5.399,5.623,4.048,5.175,4.365,4.045,3.360,4.704,4.193,3.983,2.952,5.126,0.546,1.458,2.977,4.152
BGP00685,DZ,0.500,3.768,3.946,2.894,3.513,4.188,4.566,2.295,4.619,5.258,3.285,4.960,0.890,3.857,0.178,1.270,3.690,4.749
BGP00686,DZ,0.500,3.095,4.219,3.898,4.597,2.590,3.481,4.692,3.732,4.382,3.522,3.555,1.123,3.657,1.124,1.845,2.917,4.075
BGP00687,DZ,0.500,3.823,4.266,3.083,4.449,4.206,4.192,3.302,3.771,3.121,5.752,4.128,1.809,4.044,0.444,1.234,2.853,4.384
BGP00688,DZ,0.500,4.206,3.993,4.802,4.678,5.500,4.957,4.180,4.696,2.395,4.380,3.818,2.002,4.099,0.213,0.909,3.500,3.681
BGP00689,DZ,0.500,4.178,5.569,5.817,6.968,3.787,4.313,5.603,2.897,4.369,5.152,3.271,2.624,4.873,1.391,1.911,2.987,3.547
BGP00690,DZ,0.500,4.721,4.022,5.328,5.661,4.587,4.346,5.254,3.981,2.497,6.283,3.563,2.365,4.372,0.699,1.453,1.844,3.685
BGP00691,DZ,0.500,3.691,2.256,2.408,1.847,3.406,4.008,2.882,3.830,1.703,2.767,3.737,1.735,2.974,1.435,1.376,2.176,3.205
BGP00692,DZ,0.500,3.222,4.984,5.196,5.716,3.652,4.951,5.163,3.611,4.284,3.466,3.497,2.114,4.103,1.762,1.563,2.426,3.829
BGP00693,DZ,0.500,6.248,5.468,4.172,4.221,5.122,5.352,3.453,4.708,4.067,5.143,4.573,1.753,5.858,0.780,1.351,3.891,4.564
BGP00694,DZ,0.500,3.398,4.036,1.515,4.037,4.122,4.645,4.267,5.985,3.781,4.750,4.446,1.428,3.717,0.638,1.302,3.383,4.353
BGP00695,DZ,0.500,6.709,5.234,5.752,3.909,6.030,6.012,3.043,7.000,3.858,2.862,4.683,2.044,5.972,1.475,1.510,4.590,4.158
BGP00696,DZ,0.500,5.909,4.237,4.740,2.408,6.460,4.804,3.064,5.599,4.118,4.503,4.775,1.230,5.073,1.673,1.219,4.212,5.321
BGP00697,DZ,0.500,4.452,4.362,5.187,4.772,4.005,4.318,5.261,3.112,4.077,4.421,3.655,2.045,4.407,0.090,1.910,2.759,3.055
BGP00698,DZ,0.500,2.881,4.113,3.481,4.891,2.337,3.238,6.407,3.398,5.444,2.781,3.386,2.423,3.497,1.232,2.204,2.824,3.577
BGP00699,DZ,0.500,2.868,3.493,4.097,4.871,3.365,4.496,5.042,2.828,3.487,4.872,3.169,2.409,3.180,0.626,2.200,3.397,3.617
BGP00700,DZ,0.500,5.181,4.212,4.199,4.724,5.826,4.417,2.924,3.250,3.479,3.777,3.731,2.220,4.697,0.969,1.588,3.474,3.847
BGP00701,DZ,0.500,3.648,4.495,4.002,3.448,3.895,4.056,3.459,4.824,3.486,3.374,4.247,2.322,4.071,0.848,1.151,2.762,4.332
BGP00702,DZ,0.500,2.799,2.952,3.017,3.023,3.156,3.094,3.801,2.601,2.112,3.745,2.734,3.423,2.875,0.154,1.178,2.468,3.234
BGP00703,DZ,0.500,4.639,5.954,2.803,4.741,5.561,5.965,3.069,5.553,4.533,6.611,5.186,2.602,5.296,1.315,1.982,4.357,5.662
BGP00704,DZ,0.500,2.806,3.290,2.377,2.787,3.983,3.716,1.333,3.828,3.613,4.121,4.468,1.578,3.048,0.484,0.679,3.367,4.205
BGP00705,DZ,0.500,6.135,6.510,5.392,4.765,6.275,6.129,3.820,6.056,5.897,4.168,5.039,2.284,6.322,0.376,1.312,4.358,5.536
BGP00706,DZ,0.500,5.083,3.952,3.980,4.715,3.769,4.192,4.851,3.988,3.331,4.698,3.628,4.664,4.518,1.131,1.912,2.535,3.755
BGP00707,DZ,0.500,3.689,3.326,4.496,2.931,4.817,3.462,5.808,5.440,4.619,5.632,4.310,4.254,3.508,0.363,1.558,3.049,4.592
BGP00708,DZ,0.500,3.040,3.288,3.252,3.505,3.566,2.472,2.423,2.720,4.137,3.856,3.894,1.785,3.164,0.248,1.343,2.566,3.616
BGP00709,DZ,0.500,4.367,4.924,3.573,3.583,4.771,4.825,4.077,6.165,3.934,4.929,4.688,2.363,4.645,0.558,0.849,3.891,4.598
BGP00710,DZ,0.500,4.658,4.009,5.000,5.316,4.697,3.430,4.563,2.899,4.495,2.710,3.478,1.579,4.334,0.649,1.775,2.894,3.373
BGP00711,DZ,0.500,4.299,2.678,3.636,2.855,3.863,4.013,2.023,2.170,2.665,5.220,3.936,3.404,3.489,1.621,2.278,2.509,3.613
BGP00712,DZ,0.500,5.534,4.086,3.160,1.956,6.088,5.168,2.010,5.853,5.672,6.000,6.083,2.772,4.810,1.448,1.279,4.487,5.469
BGP00713,DZ,0.500,3.812,3.779,4.709,3.747,4.033,3.392,3.262,3.741,3.872,2.919,3.964,1.935,3.795,0.032,0.694,3.032,4.320
BGP00714,DZ,0.500,3.283,3.379,3.514,4.266,3.525,3.921,3.033,3.731,4.546,3.338,4.018,4.621,3.331,0.096,1.082,2.971,3.559
BGP00715,DZ,0.500,3.686,3.957,2.560,4.083,4.428,4.310,1.004,3.306,4.368,3.875,4.869,2.688,3.821,0.270,1.693,3.310,4.505
BGP00716,DZ,0.500,5.215,3.000,4.054,3.876,3.603,3.016,4.552,3.470,5.744,2.111,3.987,2.319,4.108,2.216,1.858,3.193,3.684
BGP00717,DZ,0.500,4.191,4.301,3.245,4.242,3.396,5.103,4.184,4.494,3.945,4.680,4.155,2.817,4.246,0.110,1.059,2.723,4.339
BGP00718,DZ,0.500,3.809,2.024,2.894,1.316,3.648,3.295,2.981,3.764,5.354,4.455,4.596,3.233,2.917,1.785,1.594,3.490,4.804
BGP00719,DZ,0.500,3.890,3.151,2.233,2.849,4.029,3.478,2.829,4.389,4.755,3.356,4.458,3.847,3.521,0.739,1.364,3.176,4.392
BGP00720,DZ,0.500,3.553,3.629,2.846,3.157,5.356,4.941,1.862,4.515,1.601,5.468,4.452,2.708,3.591,0.076,0.849,2.842,4.153
