person_id,occasion,situation_type,goal_activation,threat_appraisal,challenge_appraisal,self_efficacy,self_regulation,emotional_arousal,perceived_support,prosocial_behavior,avoidance_behavior,task_persistence,appraisal_balance,regulation_capacity,approach_orientation,avoidance_pressure
SCP001,1,supportive_feedback,3.122,1.701,5.648,6.048,6.316,1.000,3.068,4.485,1.000,4.657,3.947,6.182,4.939,2.211
SCP001,2,ambiguous_social_signal,2.673,1.917,4.399,6.522,6.051,1.433,2.632,3.886,1.000,5.448,2.481,6.287,4.531,2.573
SCP001,3,performance_challenge,3.276,1.617,6.079,6.513,6.602,1.425,3.181,4.560,1.000,5.213,4.462,6.558,5.289,2.287
SCP001,4,authority_evaluation,2.376,3.148,3.920,5.719,6.165,1.798,2.825,2.992,1.209,4.112,0.772,5.942,4.005,3.041
SCP001,5,collaborative_task,2.898,1.874,5.025,5.715,5.956,1.970,3.479,4.051,1.141,4.553,3.151,5.835,4.546,2.455
SCP001,6,rejection_cue,1.795,3.622,3.568,5.776,5.357,2.259,2.912,2.947,1.469,3.431,-0.054,5.566,3.713,3.323
SCP001,7,autonomy_opportunity,2.967,1.971,5.509,6.466,5.863,1.151,3.395,3.921,1.000,4.712,3.537,6.164,4.980,2.242
SCP001,8,conflict_repair,3.425,3.192,5.361,5.166,6.192,2.316,3.008,3.107,1.737,4.960,2.169,5.679,4.651,3.167
SCP002,1,supportive_feedback,3.523,1.966,5.686,6.101,5.809,1.853,3.701,5.195,1.000,4.734,3.720,5.955,5.103,2.373
SCP002,2,ambiguous_social_signal,2.419,2.142,4.157,5.770,6.300,1.522,2.862,4.373,1.307,4.760,2.015,6.035,4.115,2.600
SCP002,3,performance_challenge,3.306,2.495,5.233,6.444,6.241,1.980,2.718,4.473,1.000,4.959,2.738,6.342,4.994,2.919
SCP002,4,authority_evaluation,3.289,3.318,3.442,5.508,5.463,2.899,2.230,3.517,1.962,4.393,0.124,5.485,4.079,3.662
SCP002,5,collaborative_task,3.483,1.000,5.771,6.734,6.438,1.688,4.703,3.996,1.000,4.948,4.771,6.586,5.329,1.662
SCP002,6,rejection_cue,3.426,3.703,2.486,5.067,5.548,1.977,2.587,3.750,2.156,3.945,-1.217,5.308,3.660,3.365
SCP002,7,autonomy_opportunity,2.895,1.319,5.607,6.048,6.334,1.000,3.859,4.296,1.000,4.534,4.288,6.191,4.850,1.820
SCP002,8,conflict_repair,3.700,1.856,4.131,5.403,7.000,2.360,3.743,4.515,1.000,4.654,2.274,6.201,4.411,2.491
SCP003,1,supportive_feedback,4.412,2.131,5.588,6.085,5.064,2.415,3.989,4.056,1.000,5.012,3.457,5.575,5.362,2.519
SCP003,2,ambiguous_social_signal,4.187,3.682,3.644,5.053,5.328,2.108,2.671,3.525,1.533,4.079,-0.038,5.190,4.294,3.373
SCP003,3,performance_challenge,3.935,3.181,4.655,6.000,5.309,2.358,3.445,3.802,1.000,4.489,1.474,5.654,4.863,3.031
SCP003,4,authority_evaluation,4.593,3.862,3.874,5.143,4.263,2.928,2.317,3.171,2.225,3.765,0.012,4.703,4.537,3.824
SCP003,5,collaborative_task,3.901,1.618,4.721,5.842,5.605,2.163,3.788,4.823,1.000,4.812,3.103,5.724,4.822,2.331
SCP003,6,rejection_cue,3.406,3.770,2.640,5.557,4.893,2.914,2.768,3.612,1.040,4.336,-1.130,5.225,3.867,3.639
SCP003,7,autonomy_opportunity,3.899,2.425,5.669,6.398,6.139,1.237,3.834,4.371,1.000,5.097,3.244,6.269,5.322,2.276
SCP003,8,conflict_repair,4.855,2.413,5.224,6.001,5.127,2.318,3.844,4.444,1.000,4.681,2.811,5.564,5.360,2.629
SCP004,1,supportive_feedback,5.091,3.183,4.587,3.938,3.369,2.674,4.051,4.612,1.704,4.554,1.403,3.653,4.539,2.936
SCP004,2,ambiguous_social_signal,5.148,3.613,3.727,3.302,2.970,3.245,3.471,4.101,2.489,4.909,0.113,3.136,4.059,3.462
SCP004,3,performance_challenge,5.806,3.649,5.164,3.547,3.303,3.420,4.136,3.279,2.043,4.280,1.515,3.425,4.839,3.311
SCP004,4,authority_evaluation,4.124,4.375,2.871,2.063,3.289,4.264,2.494,2.718,3.380,2.813,-1.505,2.676,3.019,4.382
SCP004,5,collaborative_task,4.395,3.133,4.660,3.578,3.228,2.600,3.671,4.508,2.143,3.123,1.527,3.403,4.211,3.021
SCP004,6,rejection_cue,5.244,4.344,2.509,2.946,2.950,3.414,1.942,3.007,3.042,2.915,-1.836,2.948,3.566,4.272
SCP004,7,autonomy_opportunity,5.098,2.643,4.821,4.031,3.416,2.262,2.649,3.723,1.474,4.285,2.178,3.724,4.650,3.085
SCP004,8,conflict_repair,5.545,3.866,3.236,2.778,3.695,2.524,3.676,3.850,2.647,2.896,-0.629,3.237,3.853,3.238
SCP005,1,supportive_feedback,2.874,2.611,5.666,5.289,5.164,2.675,4.419,4.573,1.000,4.384,3.055,5.226,4.610,2.622
SCP005,2,ambiguous_social_signal,3.204,3.829,3.207,4.210,4.061,3.306,4.111,3.527,2.401,3.262,-0.623,4.136,3.541,3.341
SCP005,3,performance_challenge,2.581,2.588,5.448,5.106,4.045,1.611,4.047,2.820,1.305,4.128,2.860,4.575,4.378,2.384
SCP005,4,authority_evaluation,3.169,3.848,3.703,3.582,4.719,2.908,3.233,3.840,2.379,3.480,-0.146,4.150,3.485,3.508
SCP005,5,collaborative_task,3.490,2.014,4.879,5.895,4.506,1.652,4.600,3.807,1.000,4.259,2.865,5.201,4.755,2.022
SCP005,6,rejection_cue,3.663,4.456,1.859,3.221,3.765,3.477,3.229,2.788,2.937,3.593,-2.597,3.493,2.915,3.902
SCP005,7,autonomy_opportunity,3.175,2.306,5.151,5.455,5.231,1.295,4.373,3.888,1.000,3.889,2.845,5.343,4.594,2.076
SCP005,8,conflict_repair,3.190,3.486,4.549,4.823,3.999,2.822,4.209,3.733,1.427,3.878,1.063,4.411,4.187,3.033
SCP006,1,supportive_feedback,5.368,3.260,5.517,3.743,3.783,2.606,3.948,4.102,2.139,5.047,2.257,3.763,4.876,2.973
SCP006,2,ambiguous_social_signal,4.220,3.714,3.095,3.221,3.066,2.490,3.931,3.151,1.697,4.427,-0.619,3.144,3.512,3.091
SCP006,3,performance_challenge,6.065,3.451,4.327,2.906,3.529,2.345,3.893,4.065,1.531,4.109,0.875,3.218,4.433,2.968
SCP006,4,authority_evaluation,5.391,3.850,3.117,1.895,3.188,2.985,2.744,2.896,2.820,3.535,-0.733,2.542,3.468,3.697
SCP006,5,collaborative_task,5.023,2.987,5.073,3.944,3.895,2.929,4.613,3.456,1.552,4.142,2.086,3.919,4.680,2.768
SCP006,6,rejection_cue,4.552,3.969,2.995,2.236,3.651,3.209,3.297,3.151,2.640,3.315,-0.974,2.944,3.261,3.627
SCP006,7,autonomy_opportunity,5.330,2.784,4.954,3.849,3.537,2.306,4.057,3.737,1.685,4.361,2.170,3.693,4.711,2.678
SCP006,8,conflict_repair,4.370,3.421,3.973,3.313,3.246,2.628,4.439,3.471,1.090,3.831,0.552,3.279,3.885,2.870
SCP007,1,supportive_feedback,3.556,2.016,5.656,5.686,6.511,1.634,4.779,4.836,1.000,4.935,3.640,6.098,4.966,1.957
SCP007,2,ambiguous_social_signal,3.967,2.494,3.008,5.087,4.911,2.283,3.237,3.963,1.312,4.447,0.514,4.999,4.021,2.847
SCP007,3,performance_challenge,3.708,2.906,4.490,5.529,5.047,2.127,3.865,3.775,1.000,4.693,1.584,5.288,4.576,2.723
SCP007,4,authority_evaluation,3.526,2.943,3.857,5.316,5.923,3.031,4.200,4.082,2.150,4.770,0.914,5.620,4.233,2.925
SCP007,5,collaborative_task,3.413,2.603,4.866,6.118,5.446,1.796,4.167,4.057,1.072,4.683,2.262,5.782,4.799,2.411
SCP007,6,rejection_cue,2.804,4.042,2.629,5.103,5.477,2.903,3.910,3.014,1.903,3.632,-1.413,5.290,3.512,3.345
SCP007,7,autonomy_opportunity,4.479,1.928,5.275,6.557,5.606,2.620,4.599,4.691,1.000,4.953,3.347,6.081,5.437,2.316
SCP007,8,conflict_repair,3.420,2.641,4.407,5.471,5.026,1.407,3.412,3.838,1.000,4.166,1.767,5.249,4.433,2.545
SCP008,1,supportive_feedback,4.122,2.949,5.126,3.922,3.898,3.306,4.758,3.916,1.493,4.060,2.177,3.910,4.390,2.832
SCP008,2,ambiguous_social_signal,2.982,3.613,3.363,3.391,3.394,2.831,3.268,2.481,1.488,3.521,-0.250,3.393,3.246,3.392
SCP008,3,performance_challenge,3.644,3.349,5.050,4.087,4.186,2.693,3.212,3.724,2.281,3.875,1.701,4.136,4.260,3.277
SCP008,4,authority_evaluation,2.941,3.210,2.877,3.549,3.817,1.936,2.968,3.220,1.582,3.927,-0.333,3.683,3.122,3.059
SCP008,5,collaborative_task,3.807,2.800,4.174,4.318,4.102,2.616,4.613,3.938,1.339,4.170,1.375,4.210,4.100,2.601
SCP008,6,rejection_cue,4.074,3.780,2.719,2.810,4.039,2.881,2.960,3.713,3.135,2.742,-1.060,3.425,3.201,3.567
SCP008,7,autonomy_opportunity,3.401,2.733,5.240,3.827,3.442,1.634,3.639,3.529,1.000,3.834,2.507,3.634,4.156,2.576
SCP008,8,conflict_repair,3.181,3.451,3.956,4.238,3.670,2.584,4.286,3.235,1.684,3.090,0.505,3.954,3.792,2.917
SCP009,1,supportive_feedback,5.316,3.065,5.079,4.786,4.924,2.817,4.304,4.321,1.307,4.533,2.013,4.855,5.060,2.860
SCP009,2,ambiguous_social_signal,5.033,3.507,3.526,3.612,4.645,2.696,3.345,3.304,2.028,3.587,0.019,4.128,4.057,3.286
SCP009,3,performance_challenge,5.027,2.781,5.393,4.300,4.315,2.423,3.048,4.727,1.877,4.844,2.612,4.307,4.907,3.052
SCP009,4,authority_evaluation,4.516,3.113,3.167,4.727,4.971,2.497,3.609,3.598,1.038,4.352,0.054,4.849,4.137,3.001
SCP009,5,collaborative_task,4.757,1.332,4.551,4.811,4.525,1.757,3.829,4.819,1.000,4.838,3.219,4.668,4.706,2.087
SCP009,6,rejection_cue,4.510,3.852,2.644,4.419,4.268,3.258,3.261,3.155,1.798,4.286,-1.207,4.344,3.858,3.616
SCP009,7,autonomy_opportunity,5.291,2.181,5.832,4.799,4.785,1.829,3.595,5.019,1.277,4.982,3.651,4.792,5.307,2.472
SCP009,8,conflict_repair,5.241,3.340,4.662,5.588,5.127,3.325,4.135,4.545,1.798,5.040,1.322,5.358,5.164,3.177
SCP010,1,supportive_feedback,3.416,3.052,5.597,4.411,4.076,2.662,3.860,3.831,1.033,3.654,2.545,4.243,4.475,2.951
SCP010,2,ambiguous_social_signal,2.650,3.778,3.455,3.071,2.882,2.992,2.777,3.321,2.892,2.350,-0.323,2.977,3.059,3.665
SCP010,3,performance_challenge,3.406,3.678,4.734,3.241,3.675,1.988,3.128,3.007,2.179,2.858,1.056,3.458,3.794,3.180
SCP010,4,authority_evaluation,2.996,4.883,2.970,2.630,3.122,2.735,2.071,2.307,3.120,2.496,-1.913,2.876,2.865,4.182
SCP010,5,collaborative_task,3.534,2.325,4.365,3.433,3.293,1.961,3.464,3.338,1.000,3.757,2.039,3.363,3.777,2.607
SCP010,6,rejection_cue,3.668,4.155,2.419,2.408,3.257,3.043,2.471,2.594,2.007,3.064,-1.736,2.832,2.832,3.909
SCP010,7,autonomy_opportunity,2.940,2.809,4.160,3.177,2.801,2.436,2.717,3.445,2.083,3.003,1.351,2.989,3.426,3.176
SCP010,8,conflict_repair,3.278,4.735,4.020,2.409,3.061,3.845,2.476,2.033,3.275,2.977,-0.716,2.735,3.236,4.368
SCP011,1,supportive_feedback,4.951,1.000,6.025,7.000,7.000,1.138,4.406,5.107,1.000,5.584,5.025,7.000,5.992,1.577
SCP011,2,ambiguous_social_signal,4.878,3.021,4.089,5.841,6.416,2.798,3.002,4.426,1.793,5.173,1.068,6.129,4.936,3.272
SCP011,3,performance_challenge,4.419,1.545,5.581,6.381,6.335,1.000,2.390,4.276,1.000,5.763,4.035,6.358,5.460,2.385
SCP011,4,authority_evaluation,5.800,2.380,3.267,5.666,5.447,1.674,3.373,4.672,1.110,5.215,0.888,5.557,4.911,2.560
SCP011,5,collaborative_task,4.607,1.668,5.188,5.805,6.594,1.302,3.734,4.959,1.000,5.264,3.520,6.200,5.200,2.079
SCP011,6,rejection_cue,4.384,3.526,3.057,4.908,6.244,2.788,2.134,3.314,2.020,4.229,-0.469,5.576,4.116,3.727
SCP011,7,autonomy_opportunity,5.016,1.738,5.331,6.725,6.198,1.942,3.066,4.354,1.000,5.354,3.594,6.462,5.691,2.538
SCP011,8,conflict_repair,4.844,3.254,4.320,5.721,6.389,2.487,2.759,4.141,1.843,4.435,1.067,6.055,4.962,3.327
SCP012,1,supportive_feedback,3.991,3.261,5.348,4.504,2.809,2.818,3.363,3.637,2.749,3.698,2.087,3.656,4.614,3.239
SCP012,2,ambiguous_social_signal,4.165,2.956,3.593,3.931,3.693,1.895,2.002,3.456,1.811,3.890,0.637,3.812,3.897,3.283
SCP012,3,performance_challenge,4.754,3.539,4.946,3.241,3.809,2.578,3.147,4.243,2.374,3.459,1.408,3.525,4.314,3.323
SCP012,4,authority_evaluation,3.653,4.484,3.033,3.058,2.896,3.040,2.758,2.463,2.916,3.788,-1.450,2.977,3.248,3.922
SCP012,5,collaborative_task,4.531,2.510,4.897,4.645,3.719,2.490,3.173,3.967,1.418,4.170,2.386,4.182,4.691,2.942
SCP012,6,rejection_cue,3.561,4.832,2.859,3.477,4.076,2.747,2.106,2.989,3.034,3.176,-1.973,3.777,3.299,4.158
SCP012,7,autonomy_opportunity,4.489,2.906,5.442,4.075,3.690,2.614,3.461,4.954,1.875,4.390,2.536,3.883,4.669,3.020
SCP012,8,conflict_repair,4.498,3.905,3.721,4.665,3.105,3.023,3.220,3.298,1.417,4.137,-0.183,3.885,4.295,3.569
SCP013,1,supportive_feedback,3.994,2.740,5.539,5.870,6.182,1.611,4.345,4.012,1.101,5.195,2.800,6.026,5.135,2.335
SCP013,2,ambiguous_social_signal,3.011,2.432,3.663,5.737,5.445,2.363,3.312,3.681,1.000,4.702,1.231,5.591,4.137,2.828
SCP013,3,performance_challenge,3.226,2.390,6.019,6.157,6.072,2.195,3.349,4.209,1.550,4.985,3.629,6.115,5.134,2.745
SCP013,4,authority_evaluation,3.352,2.307,3.941,5.788,5.322,2.175,2.652,3.867,1.382,4.713,1.634,5.555,4.360,2.943
SCP013,5,collaborative_task,2.995,1.339,5.156,6.540,5.989,1.280,3.328,3.470,1.000,5.007,3.817,6.264,4.897,2.097
SCP013,6,rejection_cue,3.416,3.010,3.231,5.173,5.852,1.633,2.634,4.262,1.195,4.500,0.222,5.513,3.940,3.003
SCP013,7,autonomy_opportunity,3.651,1.095,6.045,6.852,6.055,1.419,3.710,4.669,1.000,5.363,4.950,6.454,5.516,1.935
SCP013,8,conflict_repair,3.898,2.335,4.768,6.188,6.069,1.866,3.374,4.126,1.310,4.336,2.433,6.129,4.951,2.609
SCP014,1,supportive_feedback,5.434,2.069,5.077,5.907,5.464,1.963,3.002,5.139,1.345,5.711,3.008,5.686,5.473,2.677
SCP014,2,ambiguous_social_signal,4.993,2.960,3.716,5.034,4.907,2.208,2.867,3.388,1.000,4.378,0.756,4.971,4.581,3.100
SCP014,3,performance_challenge,5.300,2.713,5.505,5.964,5.060,2.502,3.475,4.159,1.687,5.431,2.792,5.512,5.590,2.913
SCP014,4,authority_evaluation,5.061,3.356,3.426,4.959,5.475,2.551,2.621,3.572,2.041,4.590,0.071,5.217,4.482,3.428
SCP014,5,collaborative_task,5.017,2.529,5.298,5.746,5.619,1.944,3.060,4.176,1.064,5.115,2.769,5.683,5.354,2.804
SCP014,6,rejection_cue,5.363,3.808,3.264,4.772,5.203,3.149,1.586,3.491,1.868,4.525,-0.544,4.988,4.467,4.124
SCP014,7,autonomy_opportunity,5.797,1.660,6.080,6.311,5.704,1.498,2.780,5.350,1.000,5.890,4.421,6.008,6.063,2.459
SCP014,8,conflict_repair,5.238,2.384,4.425,5.852,5.383,1.076,3.174,4.579,1.000,5.739,2.041,5.618,5.171,2.429
SCP015,1,supportive_feedback,3.318,2.943,4.650,4.162,3.278,2.173,4.493,3.878,1.514,3.816,1.707,3.720,4.043,2.541
SCP015,2,ambiguous_social_signal,4.303,3.812,3.013,3.681,3.705,3.407,2.683,2.915,2.508,4.290,-0.799,3.693,3.666,3.845
SCP015,3,performance_challenge,5.087,3.564,5.232,3.504,3.671,2.997,3.195,3.795,2.464,3.897,1.668,3.588,4.608,3.455
SCP015,4,authority_evaluation,4.570,3.771,3.512,3.499,3.016,3.619,3.245,3.652,1.894,3.652,-0.260,3.257,3.860,3.715
SCP015,5,collaborative_task,4.221,3.032,4.413,3.776,3.722,2.795,4.212,3.365,1.161,3.183,1.381,3.749,4.137,2.872
SCP015,6,rejection_cue,3.374,3.878,2.272,2.933,2.670,3.237,1.889,3.334,2.431,2.652,-1.607,2.802,2.859,4.075
SCP015,7,autonomy_opportunity,3.889,2.011,5.331,3.894,3.930,2.417,4.092,4.036,1.651,4.685,3.319,3.912,4.371,2.445
SCP015,8,conflict_repair,4.090,3.415,4.337,3.488,3.805,2.578,3.512,3.378,1.401,3.487,0.921,3.647,3.972,3.160
SCP016,1,supportive_feedback,4.618,2.957,5.301,3.980,4.290,2.850,3.986,4.153,1.000,4.348,2.344,4.135,4.633,2.940
SCP016,2,ambiguous_social_signal,5.457,3.706,3.723,3.386,3.211,2.515,3.569,4.260,1.554,4.233,0.017,3.298,4.189,3.218
SCP016,3,performance_challenge,5.281,3.179,4.887,3.908,3.664,2.036,4.129,4.187,1.694,4.119,1.708,3.786,4.692,2.695
SCP016,4,authority_evaluation,4.491,4.568,2.959,3.035,3.201,4.150,3.519,3.241,2.391,3.010,-1.609,3.118,3.495,4.066
SCP016,5,collaborative_task,5.081,3.112,4.429,3.802,3.007,3.217,4.609,3.491,1.316,4.002,1.317,3.404,4.437,2.907
SCP016,6,rejection_cue,4.887,4.786,1.592,3.510,2.847,4.297,2.764,3.177,2.662,3.451,-3.194,3.179,3.330,4.440
SCP016,7,autonomy_opportunity,6.186,2.899,4.913,4.439,4.133,2.567,3.668,4.179,1.785,5.166,2.014,4.286,5.179,2.933
SCP016,8,conflict_repair,5.454,3.344,3.974,3.647,3.476,3.406,3.755,4.294,2.246,4.187,0.630,3.562,4.358,3.332
SCP017,1,supportive_feedback,3.879,1.973,4.475,4.627,4.369,2.166,3.949,4.117,1.000,4.474,2.502,4.498,4.327,2.397
SCP017,2,ambiguous_social_signal,4.337,3.853,3.856,4.814,4.550,3.192,3.488,3.043,1.593,3.992,0.003,4.682,4.336,3.519
SCP017,3,performance_challenge,3.479,2.979,5.309,5.333,4.003,1.721,3.209,3.125,1.441,4.593,2.331,4.668,4.707,2.830
SCP017,4,authority_evaluation,4.033,3.025,3.679,4.699,4.661,2.543,4.062,3.276,1.767,4.415,0.654,4.680,4.137,2.836
SCP017,5,collaborative_task,4.148,2.507,4.946,5.636,4.802,1.905,5.175,4.051,1.000,3.951,2.439,5.219,4.910,2.079
SCP017,6,rejection_cue,4.031,3.419,2.213,4.043,4.067,2.776,3.067,2.798,2.488,3.885,-1.206,4.055,3.429,3.376
SCP017,7,autonomy_opportunity,4.137,3.237,4.462,5.037,4.714,2.646,4.045,4.379,1.760,4.683,1.225,4.875,4.545,2.946
SCP017,8,conflict_repair,4.121,3.692,3.483,3.864,4.767,2.651,2.582,3.381,1.586,3.983,-0.209,4.315,3.823,3.587
SCP018,1,supportive_feedback,5.147,2.641,5.817,5.598,5.141,2.531,4.298,4.376,1.000,4.696,3.177,5.370,5.521,2.625
SCP018,2,ambiguous_social_signal,5.017,3.131,3.622,5.105,4.683,1.889,3.302,3.271,1.133,5.097,0.490,4.894,4.581,2.906
SCP018,3,performance_challenge,4.914,4.086,5.959,4.789,5.276,3.329,3.579,4.632,2.024,4.859,1.873,5.032,5.221,3.612
SCP018,4,authority_evaluation,4.810,3.305,3.104,5.538,4.828,2.956,3.093,3.922,1.757,4.680,-0.201,5.183,4.484,3.389
SCP018,5,collaborative_task,5.601,2.242,5.834,6.383,5.547,1.486,3.921,5.062,1.000,5.129,3.591,5.965,5.939,2.269
SCP018,6,rejection_cue,4.713,3.813,2.489,4.767,5.537,2.457,3.114,4.155,1.019,4.130,-1.324,5.152,3.989,3.385
SCP018,7,autonomy_opportunity,5.304,1.586,5.885,6.037,5.617,1.948,3.201,4.768,1.000,5.640,4.299,5.827,5.742,2.444
SCP018,8,conflict_repair,4.512,2.818,4.444,5.796,5.533,2.464,3.925,4.448,1.000,5.207,1.626,5.665,4.917,2.786
SCP019,1,supportive_feedback,3.698,2.503,4.805,5.566,4.840,2.086,3.555,4.028,1.000,4.646,2.302,5.203,4.690,2.678
SCP019,2,ambiguous_social_signal,3.482,4.020,3.123,4.683,4.005,2.753,3.018,2.834,1.885,4.374,-0.897,4.344,3.763,3.585
SCP019,3,performance_challenge,3.221,2.330,5.094,4.907,5.171,1.064,3.713,4.265,1.000,4.450,2.764,5.039,4.407,2.227
SCP019,4,authority_evaluation,2.750,3.539,3.220,4.250,3.886,1.957,2.804,2.812,2.327,3.374,-0.319,4.068,3.407,3.231
SCP019,5,collaborative_task,3.289,1.535,5.262,5.120,5.261,1.000,3.911,4.608,1.000,4.389,3.727,5.191,4.557,1.875
SCP019,6,rejection_cue,3.092,4.447,2.761,4.742,4.560,3.798,3.282,2.831,2.250,3.697,-1.685,4.651,3.532,3.988
SCP019,7,autonomy_opportunity,3.543,1.975,4.712,5.189,4.244,1.637,3.604,3.819,1.000,4.179,2.737,4.716,4.481,2.336
SCP019,8,conflict_repair,3.419,3.154,4.206,4.075,4.620,3.166,3.057,4.142,1.643,4.253,1.052,4.347,3.900,3.421
SCP020,1,supportive_feedback,3.169,2.541,5.844,6.078,5.446,1.944,4.150,4.313,1.337,4.945,3.303,5.762,5.030,2.445
SCP020,2,ambiguous_social_signal,3.172,2.922,3.892,5.699,5.718,2.162,3.679,3.575,1.452,4.331,0.970,5.709,4.255,2.802
SCP020,3,performance_challenge,3.039,1.836,5.332,5.671,5.679,1.608,3.871,3.722,1.000,4.409,3.495,5.675,4.681,2.191
SCP020,4,authority_evaluation,2.876,3.438,3.621,5.970,5.687,2.209,4.181,3.631,1.107,4.176,0.182,5.829,4.156,2.822
SCP020,5,collaborative_task,2.659,1.604,6.113,6.893,5.850,1.205,4.560,4.166,1.000,4.791,4.508,6.371,5.222,1.750
SCP020,6,rejection_cue,3.683,4.107,2.921,6.146,4.692,2.956,3.521,2.789,1.797,4.533,-1.186,5.419,4.250,3.514
SCP020,7,autonomy_opportunity,3.524,2.614,5.808,5.703,5.260,1.711,4.143,4.607,1.000,4.571,3.194,5.481,5.012,2.394
SCP020,8,conflict_repair,4.163,2.546,4.876,5.950,5.041,2.483,3.413,3.969,1.192,4.684,2.330,5.496,4.997,2.872
SCP021,1,supportive_feedback,3.766,2.603,5.380,6.052,4.751,2.162,3.701,4.169,1.098,4.237,2.777,5.402,5.066,2.688
SCP021,2,ambiguous_social_signal,3.062,3.061,3.875,4.397,4.361,1.665,2.654,3.111,2.156,3.463,0.814,4.379,3.778,3.024
SCP021,3,performance_challenge,3.660,2.258,5.400,4.509,4.297,1.772,3.524,4.291,1.536,4.793,3.142,4.403,4.523,2.502
SCP021,4,authority_evaluation,3.331,3.003,3.328,3.963,3.838,2.139,2.316,3.137,1.191,3.371,0.325,3.901,3.541,3.275
SCP021,5,collaborative_task,3.096,2.231,4.682,5.305,5.410,1.624,3.092,3.585,1.572,4.644,2.451,5.357,4.361,2.588
SCP021,6,rejection_cue,2.472,3.325,2.090,3.944,4.165,2.593,2.513,2.954,1.000,3.536,-1.235,4.054,2.835,3.468
SCP021,7,autonomy_opportunity,4.060,1.780,5.974,5.058,5.384,2.247,3.655,4.283,1.000,4.828,4.194,5.221,5.031,2.457
SCP021,8,conflict_repair,2.957,2.391,3.998,4.645,4.848,1.897,2.451,3.852,1.775,3.979,1.607,4.746,3.867,2.946
SCP022,1,supportive_feedback,4.351,3.471,4.569,3.606,3.758,2.890,3.806,3.976,2.306,4.043,1.098,3.682,4.175,3.185
SCP022,2,ambiguous_social_signal,3.889,3.949,3.513,4.039,4.197,3.071,3.011,3.145,2.067,3.868,-0.435,4.118,3.814,3.669
SCP022,3,performance_challenge,4.437,3.649,4.520,4.036,3.387,2.825,3.760,3.552,2.400,4.027,0.871,3.712,4.331,3.238
SCP022,4,authority_evaluation,4.477,4.230,2.926,3.004,3.442,4.147,2.346,2.646,2.773,3.847,-1.303,3.223,3.469,4.343
SCP022,5,collaborative_task,5.108,3.162,4.319,4.374,3.688,1.936,5.096,4.681,1.250,4.163,1.156,4.031,4.600,2.334
SCP022,6,rejection_cue,4.675,4.613,1.744,2.598,3.318,3.183,3.616,2.951,2.559,3.588,-2.869,2.958,3.006,3.727
SCP022,7,autonomy_opportunity,5.450,2.999,5.003,4.098,3.747,3.468,3.636,4.490,1.408,5.078,2.003,3.922,4.850,3.277
SCP022,8,conflict_repair,4.349,3.500,4.372,4.238,3.448,2.379,3.556,3.779,1.706,4.237,0.873,3.843,4.320,3.107
SCP023,1,supportive_feedback,5.225,1.829,4.947,5.199,4.333,1.651,4.036,4.252,1.000,4.926,3.118,4.766,5.124,2.148
SCP023,2,ambiguous_social_signal,4.382,2.975,3.363,4.417,4.828,1.679,3.925,4.613,1.000,4.718,0.388,4.622,4.054,2.576
SCP023,3,performance_challenge,4.597,2.710,5.267,5.016,4.005,2.123,2.922,3.773,1.317,4.945,2.557,4.511,4.960,2.970
SCP023,4,authority_evaluation,3.639,3.555,3.616,4.926,3.744,2.619,2.683,4.144,1.462,3.550,0.061,4.335,4.060,3.497
SCP023,5,collaborative_task,4.905,2.987,5.440,4.590,4.106,2.767,3.567,3.807,1.871,3.660,2.453,4.348,4.978,3.062
SCP023,6,rejection_cue,4.675,3.898,2.121,3.252,3.723,3.458,2.274,2.766,2.353,3.831,-1.777,3.487,3.349,4.028
SCP023,7,autonomy_opportunity,4.546,2.887,5.196,4.562,4.609,2.982,3.042,3.940,1.916,4.291,2.308,4.585,4.768,3.276
SCP023,8,conflict_repair,5.168,3.334,3.596,4.927,4.741,2.809,2.132,3.834,1.892,4.961,0.262,4.834,4.564,3.670
SCP024,1,supportive_feedback,4.653,1.898,5.983,6.968,6.100,1.958,3.747,4.857,1.000,5.739,4.085,6.534,5.868,2.370
SCP024,2,ambiguous_social_signal,4.561,3.315,3.778,5.799,5.518,1.648,4.457,3.823,1.000,4.810,0.463,5.659,4.712,2.502
SCP024,3,performance_challenge,4.706,2.857,5.262,5.430,5.446,2.392,3.204,4.676,1.164,4.685,2.405,5.438,5.133,3.015
SCP024,4,authority_evaluation,4.406,2.949,3.705,5.339,5.979,2.792,4.662,4.189,1.207,5.385,0.757,5.659,4.483,2.693
SCP024,5,collaborative_task,4.634,1.158,5.244,7.000,5.853,2.093,4.512,4.507,1.000,5.546,4.086,6.426,5.626,1.913
SCP024,6,rejection_cue,3.977,4.199,2.595,5.213,5.309,2.164,3.389,3.756,2.141,4.040,-1.604,5.261,3.928,3.325
SCP024,7,autonomy_opportunity,4.359,1.072,6.048,6.353,6.879,1.503,4.611,5.455,1.000,5.537,4.976,6.616,5.586,1.655
SCP024,8,conflict_repair,4.904,2.817,4.829,6.116,6.140,2.141,3.449,4.133,1.000,5.232,2.012,6.128,5.283,2.836
SCP025,1,supportive_feedback,3.229,1.677,6.054,5.608,4.861,1.131,4.915,4.953,1.000,5.237,4.377,5.235,4.964,1.631
SCP025,2,ambiguous_social_signal,3.573,3.170,3.560,4.445,4.496,2.147,3.183,3.509,1.000,3.817,0.390,4.471,3.859,3.045
SCP025,3,performance_challenge,3.055,2.222,6.207,4.892,4.055,2.507,4.178,4.310,1.000,4.160,3.985,4.473,4.718,2.517
SCP025,4,authority_evaluation,3.828,3.578,2.987,3.880,4.235,2.284,3.259,2.837,2.195,3.265,-0.591,4.057,3.565,3.201
SCP025,5,collaborative_task,4.250,2.794,4.748,4.423,4.606,2.654,4.477,3.805,1.000,4.495,1.954,4.514,4.474,2.657
SCP025,6,rejection_cue,3.237,4.242,2.248,4.136,4.916,2.844,2.758,2.751,2.337,3.503,-1.994,4.526,3.207,3.776
SCP025,7,autonomy_opportunity,2.991,2.567,5.817,5.046,4.095,1.813,3.552,3.747,1.518,3.872,3.250,4.571,4.618,2.609
SCP025,8,conflict_repair,3.119,3.587,4.438,3.892,3.944,2.068,3.259,3.283,1.953,3.519,0.851,3.918,3.816,3.132
SCP026,1,supportive_feedback,5.325,2.040,5.552,4.693,4.159,1.938,3.527,4.653,1.241,4.998,3.512,4.426,5.190,2.484
SCP026,2,ambiguous_social_signal,5.401,3.524,3.323,4.135,3.990,2.718,2.562,4.059,1.709,5.033,-0.201,4.063,4.286,3.560
SCP026,3,performance_challenge,5.068,2.581,5.455,5.172,4.345,1.502,3.417,4.367,1.166,5.199,2.874,4.758,5.231,2.556
SCP026,4,authority_evaluation,6.039,3.278,3.131,4.599,4.857,3.438,2.733,4.221,1.913,4.094,-0.147,4.728,4.590,3.661
SCP026,5,collaborative_task,5.041,1.184,4.116,4.164,4.707,1.552,3.399,3.983,1.000,4.691,2.933,4.436,4.440,2.112
SCP026,6,rejection_cue,5.035,3.740,2.546,4.249,4.803,2.761,2.031,3.691,2.818,3.909,-1.193,4.526,3.944,3.823
SCP026,7,autonomy_opportunity,5.481,2.719,5.582,5.201,5.356,2.681,2.841,4.463,1.450,5.410,2.863,5.279,5.421,3.186
SCP026,8,conflict_repair,5.262,2.684,3.947,4.432,4.699,2.065,3.137,3.384,1.537,4.319,1.263,4.566,4.547,2.871
SCP027,1,supportive_feedback,2.847,2.599,5.426,4.589,4.943,1.447,3.838,4.501,1.456,4.113,2.826,4.766,4.287,2.403
SCP027,2,ambiguous_social_signal,3.310,2.715,3.166,4.760,4.050,1.899,2.809,2.910,1.079,3.283,0.451,4.405,3.745,2.935
SCP027,3,performance_challenge,3.265,3.425,5.485,4.580,3.837,2.112,2.372,3.536,1.476,4.420,2.060,4.208,4.443,3.388
SCP027,4,authority_evaluation,2.947,3.883,3.385,4.379,4.506,2.924,3.218,2.783,2.026,3.664,-0.498,4.443,3.571,3.530
SCP027,5,collaborative_task,3.564,2.043,4.291,4.406,4.040,1.878,3.651,3.280,1.069,4.224,2.247,4.223,4.087,2.423
SCP027,6,rejection_cue,4.018,4.139,2.694,4.584,3.485,3.707,1.812,2.855,2.778,3.968,-1.445,4.035,3.765,4.345
SCP027,7,autonomy_opportunity,3.449,2.474,5.289,4.516,5.406,1.712,2.952,4.332,2.051,4.353,2.815,4.961,4.418,2.745
SCP027,8,conflict_repair,2.398,3.474,4.032,4.415,4.080,2.390,3.469,3.132,1.599,3.908,0.558,4.247,3.615,3.132
SCP028,1,supportive_feedback,3.956,2.220,5.212,6.148,5.689,2.167,5.106,4.842,1.000,5.383,2.993,5.919,5.106,2.094
SCP028,2,ambiguous_social_signal,4.933,3.672,3.695,4.447,5.018,3.334,4.089,3.843,2.048,4.510,0.024,4.732,4.359,3.305
SCP028,3,performance_challenge,4.056,1.801,5.208,5.833,6.082,1.000,4.154,3.998,1.000,4.627,3.408,5.958,5.033,1.882
SCP028,4,authority_evaluation,3.668,2.965,2.955,5.145,5.268,2.053,3.796,3.408,1.655,4.306,-0.009,5.207,3.922,2.740
SCP028,5,collaborative_task,4.059,1.956,4.813,6.175,5.680,1.774,4.257,4.173,1.000,4.953,2.857,5.928,5.016,2.158
SCP028,6,rejection_cue,3.589,3.920,3.122,5.778,5.201,2.406,3.006,3.324,1.398,4.290,-0.798,5.490,4.163,3.440
SCP028,7,autonomy_opportunity,4.270,1.827,5.057,6.035,5.532,1.000,4.240,4.748,1.000,4.624,3.230,5.784,5.121,1.862
SCP028,8,conflict_repair,3.614,2.446,4.998,5.675,6.192,1.758,3.984,3.847,1.000,4.971,2.552,5.934,4.762,2.407
SCP029,1,supportive_feedback,4.103,2.157,5.747,5.813,5.061,1.496,3.272,4.772,1.000,4.716,3.590,5.437,5.221,2.460
SCP029,2,ambiguous_social_signal,3.319,3.860,3.759,4.979,4.987,1.923,2.547,3.067,1.338,4.231,-0.101,4.983,4.019,3.412
SCP029,3,performance_challenge,3.810,2.481,6.135,5.761,5.460,1.155,3.397,4.490,1.000,5.258,3.654,5.610,5.235,2.413
SCP029,4,authority_evaluation,3.920,3.556,3.892,6.365,5.571,2.243,3.377,3.536,1.343,4.515,0.337,5.968,4.726,3.141
SCP029,5,collaborative_task,4.059,2.212,3.827,5.313,4.825,2.317,3.725,3.905,1.258,4.932,1.615,5.069,4.399,2.601
SCP029,6,rejection_cue,3.647,3.637,3.121,5.422,4.988,1.610,2.146,3.227,1.978,5.276,-0.516,5.205,4.063,3.367
SCP029,7,autonomy_opportunity,4.263,1.804,5.844,5.696,5.506,1.132,3.115,3.773,1.000,4.863,4.040,5.601,5.268,2.273
SCP029,8,conflict_repair,4.020,3.409,4.455,4.806,5.775,2.192,3.122,3.464,1.406,4.500,1.046,5.291,4.427,3.160
SCP030,1,supportive_feedback,5.079,3.198,4.608,3.780,3.134,3.001,4.037,4.341,2.029,4.166,1.411,3.457,4.489,3.054
SCP030,2,ambiguous_social_signal,4.594,3.996,3.256,3.221,3.160,2.710,4.021,3.051,1.940,3.806,-0.741,3.190,3.690,3.228
SCP030,3,performance_challenge,5.123,3.137,5.241,3.294,3.470,3.304,3.842,4.621,2.114,3.805,2.104,3.382,4.553,3.200
SCP030,4,authority_evaluation,4.210,3.911,2.799,3.250,3.134,1.366,3.345,3.217,1.944,3.420,-1.112,3.192,3.420,2.977
SCP030,5,collaborative_task,4.849,3.442,5.126,3.349,3.476,2.865,4.473,3.326,1.933,4.220,1.683,3.413,4.441,2.945
SCP030,6,rejection_cue,4.682,5.348,1.877,3.055,2.830,3.802,3.158,3.001,3.230,2.807,-3.471,2.942,3.205,4.331
SCP030,7,autonomy_opportunity,4.511,2.351,5.279,3.669,3.456,1.888,4.221,4.185,1.148,3.773,2.928,3.562,4.486,2.340
SCP030,8,conflict_repair,4.118,3.280,4.092,4.023,4.021,2.602,4.275,3.357,1.548,4.560,0.812,4.022,4.078,2.869
SCP031,1,supportive_feedback,5.040,2.125,5.426,6.521,5.920,2.086,4.669,5.121,1.000,5.679,3.301,6.220,5.662,2.180
SCP031,2,ambiguous_social_signal,3.922,2.968,2.968,5.890,6.175,1.584,3.019,3.435,1.000,4.810,0.000,6.033,4.260,2.844
SCP031,3,performance_challenge,4.585,2.391,5.542,6.680,6.397,1.666,3.375,5.205,1.457,5.594,3.151,6.538,5.602,2.561
SCP031,4,authority_evaluation,4.154,2.153,4.669,5.691,5.610,1.634,3.999,4.343,1.000,5.085,2.517,5.651,4.838,2.262
SCP031,5,collaborative_task,4.137,1.061,5.482,6.972,6.715,1.000,4.196,4.940,1.000,5.717,4.421,6.844,5.530,1.622
SCP031,6,rejection_cue,4.534,3.421,2.945,5.857,6.108,2.410,2.903,3.592,1.790,4.547,-0.477,5.983,4.446,3.309
SCP031,7,autonomy_opportunity,5.025,1.964,5.779,6.759,6.014,3.293,4.228,5.077,1.000,5.053,3.814,6.387,5.854,2.677
SCP031,8,conflict_repair,4.170,2.653,5.078,6.271,6.238,2.103,3.746,4.782,1.000,5.542,2.425,6.254,5.173,2.670
SCP032,1,supportive_feedback,3.742,3.013,5.302,4.377,3.857,2.768,4.436,3.419,1.823,4.393,2.289,4.117,4.473,2.782
SCP032,2,ambiguous_social_signal,2.980,4.311,2.814,3.180,2.832,3.702,3.345,3.056,2.500,2.477,-1.497,3.006,2.992,3.889
SCP032,3,performance_challenge,3.882,4.293,4.223,3.551,3.431,2.581,3.626,3.454,2.267,3.103,-0.070,3.491,3.885,3.416
SCP032,4,authority_evaluation,2.866,3.457,3.257,3.706,3.550,2.925,2.810,2.479,1.833,3.613,-0.200,3.628,3.276,3.524
SCP032,5,collaborative_task,3.525,3.048,4.646,4.285,3.236,2.808,4.118,3.827,1.006,4.102,1.599,3.761,4.152,2.912
SCP032,6,rejection_cue,3.050,3.988,2.424,3.377,3.279,3.402,2.169,2.340,2.184,3.350,-1.565,3.328,2.950,4.074
SCP032,7,autonomy_opportunity,4.106,2.908,4.626,4.174,3.448,2.182,3.869,3.212,1.192,3.945,1.718,3.811,4.302,2.740
SCP032,8,conflict_repair,3.238,3.448,4.558,3.661,3.343,2.971,3.322,3.857,2.244,3.265,1.110,3.502,3.819,3.366
SCP033,1,supportive_feedback,5.124,1.811,5.454,4.531,4.858,1.886,4.209,5.143,1.000,4.804,3.643,4.694,5.036,2.163
SCP033,2,ambiguous_social_signal,4.972,3.643,3.572,4.807,4.886,2.419,2.655,3.313,1.397,4.415,-0.071,4.847,4.451,3.469
SCP033,3,performance_challenge,5.322,3.139,5.591,5.766,4.508,2.186,3.192,4.721,1.352,4.824,2.451,5.137,5.560,3.045
SCP033,4,authority_evaluation,4.529,2.955,3.363,4.666,4.500,2.305,2.883,3.380,1.668,4.250,0.407,4.583,4.186,3.126
SCP033,5,collaborative_task,4.688,2.120,4.055,5.312,5.044,1.560,5.055,5.110,1.000,4.431,1.935,5.178,4.685,1.875
SCP033,6,rejection_cue,5.361,4.477,2.943,4.008,3.672,4.261,2.892,3.310,2.927,3.023,-1.534,3.840,4.104,4.282
SCP033,7,autonomy_opportunity,5.409,2.179,4.810,4.553,3.697,2.744,5.003,4.020,1.096,4.173,2.631,4.125,4.924,2.307
SCP033,8,conflict_repair,5.083,2.252,4.673,4.249,4.433,2.522,3.600,4.452,1.277,5.665,2.420,4.341,4.668,2.725
SCP034,1,supportive_feedback,3.927,3.505,5.176,5.144,4.272,2.788,3.296,3.696,2.015,4.261,1.670,4.708,4.749,3.332
SCP034,2,ambiguous_social_signal,2.911,3.184,2.520,3.160,3.991,2.592,2.436,3.544,2.131,3.595,-0.664,3.575,2.863,3.447
SCP034,3,performance_challenge,3.227,2.629,4.873,4.933,4.470,2.492,2.878,3.980,1.643,4.338,2.244,4.702,4.344,3.081
SCP034,4,authority_evaluation,2.669,4.368,3.115,4.479,4.247,3.104,3.111,3.337,2.474,2.894,-1.253,4.363,3.421,3.787
SCP034,5,collaborative_task,3.113,2.119,5.268,5.342,4.719,1.916,3.459,3.953,1.115,4.542,3.149,5.031,4.574,2.525
SCP034,6,rejection_cue,3.671,3.697,2.542,4.299,3.517,2.428,2.072,2.922,2.216,3.037,-1.155,3.908,3.504,3.685
SCP034,7,autonomy_opportunity,4.104,1.941,5.359,4.567,5.090,1.599,2.707,3.611,1.150,3.916,3.418,4.828,4.677,2.611
SCP034,8,conflict_repair,3.554,2.259,4.519,4.737,4.798,1.661,2.724,3.756,1.577,5.084,2.259,4.767,4.270,2.732
SCP035,1,supportive_feedback,4.043,2.819,5.548,3.522,3.579,2.553,3.369,4.120,1.697,4.254,2.729,3.550,4.371,3.001
SCP035,2,ambiguous_social_signal,4.504,3.674,2.991,4.021,3.463,2.501,2.877,3.596,1.675,3.573,-0.683,3.742,3.839,3.432
SCP035,3,performance_challenge,5.286,3.627,4.962,4.066,3.492,3.003,2.164,3.589,2.629,4.296,1.335,3.779,4.771,3.822
SCP035,4,authority_evaluation,4.329,3.781,3.494,2.437,2.915,2.710,1.126,3.348,3.289,2.560,-0.287,2.676,3.420,4.122
SCP035,5,collaborative_task,4.058,3.693,4.762,3.196,2.973,2.999,3.314,3.336,1.907,3.696,1.069,3.085,4.005,3.459
SCP035,6,rejection_cue,4.179,4.210,2.447,3.538,3.115,3.266,2.565,3.278,3.106,3.684,-1.763,3.327,3.388,3.971
SCP035,7,autonomy_opportunity,4.288,2.759,4.896,4.184,4.172,2.708,3.043,3.759,1.885,3.986,2.137,4.178,4.456,3.141
SCP035,8,conflict_repair,4.590,3.541,4.049,3.964,2.844,3.632,2.493,3.011,2.046,3.983,0.508,3.404,4.201,3.894
SCP036,1,supportive_feedback,3.732,2.146,5.798,4.838,5.128,2.028,3.647,4.276,1.000,4.487,3.652,4.983,4.789,2.509
SCP036,2,ambiguous_social_signal,3.676,3.227,2.900,4.758,4.413,2.997,2.912,3.912,1.678,3.868,-0.328,4.586,3.778,3.437
SCP036,3,performance_challenge,3.145,2.864,5.491,4.924,4.213,2.263,2.853,3.602,1.578,3.543,2.628,4.569,4.520,3.091
SCP036,4,authority_evaluation,3.228,4.083,3.364,4.412,5.223,3.522,2.608,3.263,2.224,3.926,-0.719,4.818,3.668,3.999
SCP036,5,collaborative_task,3.112,2.367,5.086,4.738,5.217,1.862,4.529,4.056,1.000,4.340,2.719,4.977,4.312,2.233
SCP036,6,rejection_cue,3.408,3.467,3.068,4.729,5.163,1.857,2.641,3.138,1.487,4.319,-0.400,4.946,3.735,3.228
SCP036,7,autonomy_opportunity,3.558,1.707,5.442,5.074,4.482,1.757,3.297,4.401,1.000,3.780,3.735,4.778,4.692,2.389
SCP036,8,conflict_repair,3.021,3.144,4.108,5.301,4.220,1.788,3.298,3.335,1.000,4.170,0.964,4.761,4.143,2.878
SCP037,1,supportive_feedback,5.251,1.663,5.093,5.003,4.956,1.790,3.919,4.670,1.000,5.732,3.431,4.980,5.116,2.178
SCP037,2,ambiguous_social_signal,5.023,3.495,3.446,4.852,4.088,3.227,1.537,3.106,2.000,5.013,-0.048,4.470,4.441,4.062
SCP037,3,performance_challenge,5.254,2.348,4.793,4.967,5.101,2.436,3.222,3.792,1.000,4.764,2.444,5.034,5.004,2.854
SCP037,4,authority_evaluation,4.295,2.913,3.255,4.392,4.549,2.745,2.833,4.268,1.528,3.661,0.342,4.471,3.981,3.275
SCP037,5,collaborative_task,5.232,2.390,5.277,4.737,4.802,1.805,3.340,4.847,1.165,4.270,2.887,4.769,5.082,2.618
SCP037,6,rejection_cue,3.819,3.909,2.811,4.427,4.686,1.776,2.852,4.054,1.623,3.657,-1.098,4.556,3.686,3.278
SCP037,7,autonomy_opportunity,5.775,1.743,5.599,5.368,5.328,1.648,3.183,5.126,1.000,6.267,3.857,5.348,5.581,2.403
SCP037,8,conflict_repair,4.594,2.245,5.533,4.876,4.333,1.885,3.481,4.427,1.872,4.841,3.287,4.604,5.001,2.550
SCP038,1,supportive_feedback,3.960,2.053,5.183,5.132,4.868,1.240,4.377,4.329,1.000,4.842,3.130,5.000,4.758,1.972
SCP038,2,ambiguous_social_signal,3.983,4.096,2.564,4.426,4.141,2.576,2.624,2.610,1.919,4.364,-1.531,4.283,3.658,3.683
SCP038,3,performance_challenge,3.126,3.363,5.329,4.611,3.969,2.622,3.611,3.720,2.100,3.970,1.966,4.290,4.355,3.125
SCP038,4,authority_evaluation,3.591,2.969,3.025,4.617,4.608,2.194,3.219,4.058,1.874,4.081,0.056,4.612,3.744,2.981
SCP038,5,collaborative_task,3.905,1.925,5.458,4.819,5.038,1.946,3.852,4.874,1.427,4.181,3.533,4.929,4.727,2.340
SCP038,6,rejection_cue,3.060,3.887,2.585,3.742,4.578,2.778,3.058,3.396,2.144,3.266,-1.303,4.160,3.129,3.536
SCP038,7,autonomy_opportunity,3.765,2.311,5.572,4.724,5.675,2.154,4.164,3.922,1.000,4.755,3.261,5.199,4.687,2.434
SCP038,8,conflict_repair,3.191,3.198,4.172,4.691,4.593,2.253,3.752,3.759,1.601,3.596,0.974,4.642,4.018,2.899
SCP039,1,supportive_feedback,4.750,2.095,5.029,6.118,5.818,2.030,5.282,4.378,1.000,5.761,2.934,5.968,5.299,1.947
SCP039,2,ambiguous_social_signal,3.478,3.359,4.282,5.445,5.302,1.491,4.294,4.023,1.000,4.748,0.924,5.374,4.402,2.518
SCP039,3,performance_challenge,3.504,3.041,5.355,5.722,5.486,1.858,3.980,4.611,1.381,5.168,2.314,5.604,4.860,2.640
SCP039,4,authority_evaluation,3.631,2.802,3.669,5.569,5.233,1.749,3.722,4.330,1.097,4.763,0.867,5.401,4.290,2.609
SCP039,5,collaborative_task,3.633,1.543,4.907,6.670,5.670,1.859,5.346,4.312,1.000,5.143,3.364,6.170,5.070,1.685
SCP039,6,rejection_cue,4.141,3.075,3.007,5.413,5.391,2.521,3.530,3.752,1.140,4.399,-0.067,5.402,4.187,3.022
SCP039,7,autonomy_opportunity,4.956,2.596,6.518,6.307,5.468,2.037,4.706,4.281,1.000,5.536,3.922,5.887,5.927,2.309
SCP039,8,conflict_repair,4.547,2.928,5.267,6.047,5.772,2.296,4.183,4.652,1.000,5.151,2.338,5.910,5.287,2.681
SCP040,1,supportive_feedback,4.643,2.017,5.629,6.768,6.267,1.878,3.622,4.892,1.000,5.814,3.612,6.518,5.680,2.424
SCP040,2,ambiguous_social_signal,4.257,2.574,3.645,5.924,6.128,2.501,3.236,4.263,1.609,4.750,1.071,6.026,4.609,2.946
SCP040,3,performance_challenge,4.770,2.561,5.663,6.200,5.771,2.818,3.486,4.743,1.000,5.292,3.102,5.985,5.544,2.964
SCP040,4,authority_evaluation,4.318,2.995,3.548,5.664,5.236,2.663,2.404,3.906,1.312,4.485,0.553,5.450,4.510,3.418
SCP040,5,collaborative_task,3.862,1.753,5.601,6.206,6.970,1.000,2.587,4.963,1.000,5.089,3.848,6.588,5.223,2.389
SCP040,6,rejection_cue,3.522,3.287,2.497,5.501,6.089,1.497,1.881,3.607,1.209,4.096,-0.791,5.795,3.840,3.301
SCP040,7,autonomy_opportunity,4.108,2.123,5.664,6.139,6.925,1.448,3.837,5.251,1.000,5.663,3.540,6.532,5.304,2.245
SCP040,8,conflict_repair,4.232,2.057,5.156,6.442,6.676,1.805,2.591,4.965,1.000,5.598,3.099,6.559,5.276,2.757
SCP041,1,supportive_feedback,5.779,2.558,4.916,3.736,2.719,2.900,4.960,4.654,1.259,4.616,2.358,3.228,4.811,2.499
SCP041,2,ambiguous_social_signal,6.265,4.548,3.218,3.107,3.371,3.347,4.446,3.568,2.822,3.829,-1.330,3.239,4.197,3.483
SCP041,3,performance_challenge,4.407,3.416,4.754,3.499,3.469,2.878,4.461,3.869,1.503,3.615,1.337,3.484,4.220,2.945
SCP041,4,authority_evaluation,4.958,3.553,3.122,4.323,3.328,2.340,3.626,4.345,2.200,3.704,-0.431,3.826,4.134,3.089
SCP041,5,collaborative_task,4.758,2.520,4.554,4.686,4.508,1.452,5.187,5.119,1.000,4.778,2.034,4.597,4.666,1.928
SCP041,6,rejection_cue,5.310,3.672,2.847,3.886,3.354,2.377,3.593,3.235,1.722,3.394,-0.825,3.620,4.014,3.152
SCP041,7,autonomy_opportunity,5.819,2.839,4.690,4.585,4.343,2.433,4.709,4.289,1.000,4.568,1.851,4.464,5.031,2.521
SCP041,8,conflict_repair,5.431,3.580,4.321,3.870,3.837,3.133,4.320,4.848,1.733,4.254,0.741,3.853,4.541,3.131
SCP042,1,supportive_feedback,2.640,3.320,4.857,4.350,3.910,2.645,4.054,3.468,1.775,3.262,1.536,4.130,3.949,2.971
SCP042,2,ambiguous_social_signal,2.794,3.356,3.549,3.789,3.089,2.836,3.581,2.948,2.256,2.980,0.192,3.439,3.377,3.204
SCP042,3,performance_challenge,3.690,3.510,4.988,3.690,3.720,2.816,4.111,3.864,1.234,3.267,1.479,3.705,4.123,3.071
SCP042,4,authority_evaluation,2.026,4.042,3.249,3.461,3.604,2.509,3.535,2.813,1.848,2.859,-0.793,3.533,2.912,3.339
SCP042,5,collaborative_task,3.554,3.338,4.422,3.635,3.678,2.064,4.421,3.715,1.510,3.912,1.084,3.656,3.870,2.660
SCP042,6,rejection_cue,3.118,3.995,2.380,3.377,3.781,2.907,3.932,3.615,2.084,2.629,-1.614,3.579,2.958,3.323
SCP042,7,autonomy_opportunity,3.218,3.213,4.438,4.294,3.309,2.807,4.681,3.911,1.436,3.703,1.225,3.802,3.983,2.780
SCP042,8,conflict_repair,3.901,3.367,4.030,3.043,3.803,3.217,4.182,3.934,1.882,3.751,0.663,3.423,3.658,3.134
SCP043,1,supportive_feedback,2.838,2.332,4.678,4.705,5.482,2.107,4.425,4.832,1.000,4.321,2.346,5.094,4.074,2.338
SCP043,2,ambiguous_social_signal,3.373,2.470,3.318,3.570,4.851,2.553,3.459,3.150,1.289,3.340,0.848,4.210,3.420,2.854
SCP043,3,performance_challenge,4.081,2.936,4.787,4.485,3.950,2.532,3.915,4.166,1.783,3.256,1.851,4.217,4.451,2.851
SCP043,4,authority_evaluation,2.981,3.819,2.803,3.141,3.907,2.637,3.359,3.342,2.274,3.427,-1.016,3.524,2.975,3.366
SCP043,5,collaborative_task,3.348,2.262,4.874,5.266,5.938,1.536,4.650,4.538,1.000,4.505,2.611,5.602,4.496,2.049
SCP043,6,rejection_cue,3.549,4.136,2.427,4.771,3.652,3.529,2.757,2.328,2.559,3.391,-1.708,4.212,3.582,3.969
SCP043,7,autonomy_opportunity,3.593,2.352,5.541,5.195,5.010,2.078,3.928,4.358,1.047,4.432,3.189,5.102,4.776,2.501
SCP043,8,conflict_repair,3.387,3.140,4.342,4.909,3.943,1.964,3.500,3.433,1.000,4.328,1.202,4.426,4.213,2.868
SCP044,1,supportive_feedback,5.686,3.213,4.416,3.405,3.940,2.563,5.006,4.400,1.931,4.312,1.203,3.673,4.502,2.590
SCP044,2,ambiguous_social_signal,5.212,3.834,2.797,3.439,3.660,3.708,3.919,3.890,2.238,3.430,-1.037,3.549,3.816,3.541
SCP044,3,performance_challenge,4.849,3.977,4.859,3.688,3.827,3.692,4.213,4.100,2.268,4.591,0.882,3.758,4.465,3.485
SCP044,4,authority_evaluation,4.455,4.465,2.886,2.673,2.938,3.020,2.931,2.967,2.976,3.186,-1.579,2.805,3.338,3.851
SCP044,5,collaborative_task,4.628,3.364,3.720,3.359,3.907,3.077,4.609,4.152,1.576,4.077,0.356,3.633,3.902,2.944
SCP044,6,rejection_cue,4.599,3.576,2.682,3.023,2.914,2.630,2.143,2.569,2.286,3.968,-0.894,2.969,3.435,3.688
SCP044,7,autonomy_opportunity,5.143,2.724,4.822,3.505,4.338,2.008,4.350,4.254,1.206,4.648,2.098,3.921,4.490,2.461
SCP044,8,conflict_repair,5.654,3.751,3.787,3.143,3.840,2.796,4.462,4.310,1.779,4.318,0.035,3.492,4.195,3.028
SCP045,1,supportive_feedback,2.630,2.892,5.029,3.319,3.683,2.809,3.714,3.637,2.032,3.554,2.137,3.501,3.659,2.996
SCP045,2,ambiguous_social_signal,3.140,3.630,3.720,3.099,3.283,2.752,3.291,2.581,2.535,3.276,0.090,3.191,3.320,3.364
SCP045,3,performance_challenge,3.504,3.835,5.011,4.021,3.356,3.019,3.489,3.505,2.118,4.054,1.176,3.688,4.179,3.455
SCP045,4,authority_evaluation,3.660,3.816,2.788,3.419,3.379,2.838,2.100,2.612,2.387,3.327,-1.028,3.399,3.289,3.852
SCP045,5,collaborative_task,3.126,2.592,3.931,4.433,4.809,2.004,4.627,3.443,1.000,3.908,1.339,4.621,3.830,2.323
SCP045,6,rejection_cue,3.812,4.590,2.123,2.903,3.249,3.426,2.563,2.763,3.026,3.047,-2.468,3.076,2.946,4.151
SCP045,7,autonomy_opportunity,3.147,2.901,6.301,4.278,4.017,1.414,3.051,3.909,1.612,3.836,3.400,4.148,4.575,2.755
SCP045,8,conflict_repair,2.946,3.714,3.346,4.331,3.702,2.397,3.012,2.627,1.915,3.491,-0.368,4.017,3.541,3.366
SCP046,1,supportive_feedback,5.085,2.466,5.324,5.961,5.880,2.849,4.285,4.057,1.000,5.266,2.858,5.920,5.457,2.676
SCP046,2,ambiguous_social_signal,5.416,3.054,3.716,5.332,5.523,2.816,2.476,4.144,2.022,4.611,0.662,5.428,4.821,3.464
SCP046,3,performance_challenge,4.125,3.442,5.569,6.301,5.579,2.605,3.546,4.802,1.420,5.087,2.127,5.940,5.332,3.167
SCP046,4,authority_evaluation,5.057,2.990,3.624,5.836,5.422,2.749,3.383,3.610,1.431,4.657,0.634,5.629,4.839,3.119
SCP046,5,collaborative_task,5.251,2.335,4.228,6.315,5.740,2.797,4.169,4.725,1.000,5.229,1.893,6.028,5.265,2.654
SCP046,6,rejection_cue,4.856,3.767,2.831,4.333,5.294,2.702,2.865,3.918,2.216,4.791,-0.936,4.814,4.007,3.535
SCP046,7,autonomy_opportunity,5.084,2.734,5.660,5.784,5.064,2.780,3.726,4.009,1.436,4.835,2.927,5.424,5.509,2.929
SCP046,8,conflict_repair,4.515,2.907,4.472,5.983,5.374,2.204,3.335,4.155,1.100,5.268,1.565,5.679,4.990,2.925
SCP047,1,supportive_feedback,4.602,1.579,5.769,6.094,5.705,1.849,5.287,4.633,1.000,5.926,4.191,5.899,5.488,1.714
SCP047,2,ambiguous_social_signal,4.843,2.755,3.948,5.968,4.816,2.409,3.550,4.026,1.090,5.840,1.193,5.392,4.920,2.871
SCP047,3,performance_challenge,4.456,2.450,5.062,5.600,5.704,2.334,4.178,4.505,1.000,4.482,2.611,5.652,5.039,2.535
SCP047,4,authority_evaluation,4.905,3.849,3.861,5.498,4.487,3.049,3.058,4.140,1.868,4.760,0.011,4.992,4.754,3.613
SCP047,5,collaborative_task,4.425,1.384,4.350,5.798,6.574,1.000,4.430,4.700,1.000,5.127,2.966,6.186,4.858,1.651
SCP047,6,rejection_cue,4.368,3.696,3.159,5.478,4.969,2.291,3.183,4.341,1.581,4.364,-0.537,5.224,4.335,3.268
SCP047,7,autonomy_opportunity,3.679,2.137,5.383,6.112,5.100,1.332,4.632,4.021,1.000,5.095,3.246,5.606,5.058,1.946
SCP047,8,conflict_repair,4.541,2.122,4.155,5.329,5.181,2.324,2.792,3.726,1.000,4.852,2.034,5.255,4.675,2.885
SCP048,1,supportive_feedback,4.116,3.214,4.967,4.035,3.625,2.703,3.680,3.829,1.159,4.260,1.753,3.830,4.372,3.079
SCP048,2,ambiguous_social_signal,4.090,3.996,2.993,3.999,4.365,3.178,3.887,3.315,1.806,3.672,-1.003,4.182,3.694,3.429
SCP048,3,performance_challenge,3.592,3.721,4.852,3.587,3.805,3.033,3.651,3.664,2.225,4.219,1.132,3.696,4.011,3.368
SCP048,4,authority_evaluation,3.740,3.200,3.387,4.415,2.809,2.499,3.809,3.572,1.435,4.086,0.187,3.612,3.847,2.963
SCP048,5,collaborative_task,3.578,2.459,4.692,4.715,3.932,2.004,3.538,3.338,1.294,3.535,2.233,4.323,4.328,2.642
SCP048,6,rejection_cue,3.332,3.961,2.386,3.100,2.932,2.486,2.445,2.129,1.933,2.999,-1.575,3.016,2.939,3.667
SCP048,7,autonomy_opportunity,4.673,2.261,5.570,3.892,4.131,1.831,3.653,4.173,1.025,5.246,3.309,4.012,4.712,2.480
SCP048,8,conflict_repair,4.501,3.427,3.994,3.431,3.387,1.749,2.813,3.121,1.940,3.675,0.567,3.409,3.975,3.121
SCP049,1,supportive_feedback,4.772,2.082,5.396,5.181,4.988,1.868,3.061,4.518,1.212,4.774,3.314,5.084,5.116,2.630
SCP049,2,ambiguous_social_signal,4.727,3.147,3.802,4.720,5.225,1.292,2.834,3.914,1.513,4.450,0.654,4.972,4.416,2.868
SCP049,3,performance_challenge,4.182,2.509,5.558,4.819,5.438,1.693,3.061,5.149,1.202,4.142,3.050,5.128,4.853,2.713
SCP049,4,authority_evaluation,4.574,4.022,3.995,5.457,5.206,2.879,2.589,4.579,1.616,3.949,-0.026,5.332,4.676,3.771
SCP049,5,collaborative_task,4.503,1.603,5.128,5.773,5.642,2.074,3.519,4.975,1.000,4.779,3.525,5.708,5.135,2.386
SCP049,6,rejection_cue,4.404,3.828,2.455,5.320,4.928,2.871,2.501,3.130,2.036,4.628,-1.373,5.124,4.060,3.733
SCP049,7,autonomy_opportunity,5.106,2.062,4.884,6.032,5.933,1.204,3.333,4.673,1.462,5.061,2.822,5.983,5.341,2.311
SCP049,8,conflict_repair,5.691,2.784,4.295,5.260,5.209,2.543,3.158,3.691,1.000,4.646,1.511,5.235,5.082,3.056
SCP050,1,supportive_feedback,3.548,1.758,5.936,6.411,5.772,1.876,4.019,4.264,1.000,5.377,4.178,6.092,5.299,2.205
SCP050,2,ambiguous_social_signal,3.545,2.460,4.104,6.262,5.796,1.550,3.646,3.843,1.000,5.001,1.644,6.029,4.637,2.455
SCP050,3,performance_challenge,4.207,2.100,5.745,5.881,6.310,2.112,3.493,4.640,1.000,5.177,3.645,6.096,5.278,2.573
SCP050,4,authority_evaluation,3.242,3.130,3.181,5.593,6.104,1.345,3.184,3.855,1.291,4.494,0.051,5.849,4.005,2.764
SCP050,5,collaborative_task,2.573,1.351,5.430,6.237,6.389,1.000,3.981,3.915,1.000,4.935,4.079,6.313,4.747,1.790
SCP050,6,rejection_cue,3.517,3.658,2.544,5.413,6.567,2.509,2.175,2.846,1.474,4.494,-1.114,5.990,3.825,3.664
SCP050,7,autonomy_opportunity,3.831,1.515,6.061,6.802,6.272,1.389,3.360,4.660,1.000,5.711,4.546,6.537,5.564,2.181
SCP050,8,conflict_repair,3.530,2.122,5.132,5.798,6.926,1.986,3.565,3.953,1.000,5.520,3.010,6.362,4.820,2.514
SCP051,1,supportive_feedback,5.066,1.994,5.379,5.202,4.957,2.505,4.067,4.377,1.000,4.512,3.385,5.079,5.215,2.477
SCP051,2,ambiguous_social_signal,4.043,3.785,3.446,4.134,4.504,2.186,3.916,3.703,1.646,3.913,-0.338,4.319,3.874,3.018
SCP051,3,performance_challenge,4.781,2.829,4.866,5.046,4.115,2.812,3.239,3.893,1.152,4.750,2.036,4.580,4.897,3.134
SCP051,4,authority_evaluation,4.190,3.369,3.690,4.037,3.808,2.670,3.305,3.224,1.705,3.963,0.320,3.922,3.972,3.245
SCP051,5,collaborative_task,4.737,1.898,4.999,4.462,4.828,1.171,3.848,4.936,1.000,4.671,3.101,4.645,4.732,2.073
SCP051,6,rejection_cue,4.270,4.623,2.057,3.473,3.787,3.177,2.279,2.718,2.515,3.667,-2.565,3.630,3.267,4.174
SCP051,7,autonomy_opportunity,5.291,2.723,5.347,5.218,4.472,2.962,3.651,4.206,1.000,4.487,2.624,4.845,5.285,3.012
SCP051,8,conflict_repair,3.848,3.058,3.790,4.543,4.756,2.446,3.903,3.936,1.432,4.008,0.731,4.649,4.060,2.867
SCP052,1,supportive_feedback,3.425,1.470,5.559,6.545,6.540,1.530,4.384,4.682,1.000,5.294,4.089,6.543,5.177,1.872
SCP052,2,ambiguous_social_signal,4.851,2.551,4.212,6.008,5.622,2.517,3.380,4.397,1.276,5.195,1.661,5.815,5.024,2.896
SCP052,3,performance_challenge,4.299,2.284,5.359,5.738,5.523,1.715,3.846,4.523,1.000,5.051,3.075,5.631,5.132,2.384
SCP052,4,authority_evaluation,4.194,3.142,3.195,6.007,5.998,2.536,3.214,4.415,1.105,4.659,0.053,6.003,4.465,3.155
SCP052,5,collaborative_task,4.033,1.662,5.255,6.650,6.577,1.638,4.898,5.110,1.000,5.307,3.593,6.613,5.313,1.801
SCP052,6,rejection_cue,3.741,3.463,3.044,5.180,5.491,2.750,2.564,3.636,1.701,3.941,-0.419,5.336,3.989,3.550
SCP052,7,autonomy_opportunity,3.546,1.287,6.145,6.875,7.000,1.000,3.753,4.701,1.000,5.536,4.858,6.937,5.522,1.845
SCP052,8,conflict_repair,4.171,1.984,5.958,7.000,6.445,2.065,4.495,4.880,1.000,6.198,3.974,6.723,5.710,2.185
SCP053,1,supportive_feedback,3.571,3.254,5.145,3.755,4.173,2.972,3.523,3.860,1.704,3.314,1.891,3.964,4.157,3.234
SCP053,2,ambiguous_social_signal,3.903,2.799,3.276,4.573,4.926,2.217,1.385,2.750,1.034,4.866,0.476,4.750,3.917,3.544
SCP053,3,performance_challenge,3.421,3.153,5.575,4.070,3.659,2.391,2.692,3.800,1.736,3.972,2.421,3.864,4.355,3.284
SCP053,4,authority_evaluation,3.605,3.074,2.840,4.626,3.909,2.026,3.362,3.408,1.402,4.226,-0.233,4.267,3.691,2.913
SCP053,5,collaborative_task,3.619,1.693,4.825,4.636,4.466,1.919,2.892,3.873,1.542,5.005,3.131,4.551,4.360,2.574
SCP053,6,rejection_cue,3.950,4.373,3.252,3.662,3.420,3.375,1.167,2.731,2.798,3.694,-1.122,3.541,3.621,4.527
SCP053,7,autonomy_opportunity,4.002,1.867,5.309,4.863,4.448,1.612,3.648,3.999,1.000,4.562,3.443,4.656,4.725,2.277
SCP053,8,conflict_repair,4.080,3.363,4.553,4.349,4.067,2.479,2.892,4.710,2.104,3.889,1.190,4.208,4.327,3.317
SCP054,1,supportive_feedback,4.898,3.237,5.088,3.666,2.863,2.430,4.289,4.276,1.385,4.613,1.850,3.265,4.551,2.793
SCP054,2,ambiguous_social_signal,4.697,4.872,2.886,2.292,2.349,4.373,1.858,2.693,2.943,3.739,-1.986,2.320,3.291,4.796
SCP054,3,performance_challenge,4.810,4.045,4.223,3.122,3.301,3.191,2.627,4.003,1.722,3.114,0.177,3.211,4.051,3.870
SCP054,4,authority_evaluation,4.746,4.029,3.431,2.707,2.270,3.503,1.878,2.697,2.883,3.206,-0.599,2.489,3.628,4.218
SCP054,5,collaborative_task,5.273,2.661,4.343,3.350,3.152,3.373,3.448,4.404,1.830,4.532,1.682,3.251,4.322,3.195
SCP054,6,rejection_cue,4.419,4.361,2.407,2.466,2.841,3.548,1.839,3.616,2.554,2.750,-1.953,2.654,3.097,4.356
SCP054,7,autonomy_opportunity,5.099,2.844,4.990,4.407,4.192,2.195,3.287,4.232,1.000,4.458,2.146,4.300,4.832,2.917
SCP054,8,conflict_repair,4.579,3.847,3.837,3.501,3.159,3.560,2.375,3.000,2.702,3.222,-0.010,3.330,3.972,4.010
SCP055,1,supportive_feedback,2.959,2.054,5.203,6.006,4.766,1.775,3.936,3.953,1.000,4.065,3.149,5.386,4.723,2.298
SCP055,2,ambiguous_social_signal,2.866,3.719,3.849,5.709,6.096,2.792,3.787,3.999,1.619,4.626,0.130,5.903,4.141,3.241
SCP055,3,performance_challenge,3.540,2.272,5.814,6.040,5.209,1.969,3.294,3.591,1.000,4.788,3.543,5.624,5.131,2.649
SCP055,4,authority_evaluation,3.460,3.787,3.946,5.478,5.071,3.039,2.772,3.313,2.798,3.735,0.159,5.275,4.295,3.685
SCP055,5,collaborative_task,2.954,1.392,5.402,6.678,5.717,1.507,4.075,3.413,1.000,5.000,4.010,6.198,5.011,1.941
SCP055,6,rejection_cue,2.584,2.891,2.649,5.307,4.989,1.990,3.185,3.257,1.224,3.688,-0.242,5.148,3.513,2.898
SCP055,7,autonomy_opportunity,4.085,2.068,5.819,6.539,5.895,1.817,3.840,4.648,1.000,5.176,3.751,6.217,5.481,2.348
SCP055,8,conflict_repair,3.469,2.590,5.310,6.337,5.691,1.771,3.906,4.046,1.000,5.807,2.720,6.014,5.039,2.485
SCP056,1,supportive_feedback,3.969,1.530,5.998,6.385,5.669,2.229,3.290,4.281,1.000,5.011,4.468,6.027,5.451,2.490
SCP056,2,ambiguous_social_signal,4.260,3.536,4.638,6.008,5.021,3.091,2.841,3.390,1.238,5.060,1.102,5.514,4.969,3.595
SCP056,3,performance_challenge,3.143,3.402,5.810,6.134,5.249,2.041,3.354,3.294,1.000,4.441,2.408,5.691,5.029,3.030
SCP056,4,authority_evaluation,4.325,3.220,3.792,5.614,4.917,2.879,2.218,3.202,1.644,3.951,0.573,5.265,4.577,3.627
SCP056,5,collaborative_task,3.916,1.450,4.637,5.678,5.563,1.000,3.872,4.283,1.000,4.679,3.187,5.621,4.744,1.859
SCP056,6,rejection_cue,3.636,3.370,2.217,5.223,5.182,2.265,2.506,2.928,1.526,4.066,-1.153,5.202,3.692,3.376
SCP056,7,autonomy_opportunity,4.211,3.145,5.458,6.031,5.012,2.275,3.714,4.203,1.848,4.705,2.313,5.521,5.233,2.902
SCP056,8,conflict_repair,4.616,2.462,4.423,5.691,5.822,1.902,3.004,4.466,1.000,5.264,1.961,5.757,4.910,2.787
SCP057,1,supportive_feedback,5.861,1.016,6.044,7.000,6.090,1.651,3.497,4.977,1.000,5.800,5.028,6.545,6.302,2.057
SCP057,2,ambiguous_social_signal,4.732,2.361,2.675,5.912,6.238,2.423,3.418,3.936,1.036,5.254,0.314,6.075,4.440,2.788
SCP057,3,performance_challenge,4.745,1.793,6.054,6.505,5.932,1.941,2.703,3.836,1.000,5.852,4.261,6.219,5.768,2.677
SCP057,4,authority_evaluation,4.891,2.933,3.430,5.487,5.992,2.064,2.289,4.195,1.000,4.932,0.497,5.739,4.603,3.236
SCP057,5,collaborative_task,5.305,1.365,5.811,6.910,6.676,1.068,3.193,4.596,1.000,6.282,4.446,6.793,6.008,2.080
SCP057,6,rejection_cue,5.095,2.906,3.946,6.079,6.428,2.152,2.403,4.340,1.673,5.774,1.040,6.253,5.040,3.218
SCP057,7,autonomy_opportunity,5.098,1.534,6.036,6.301,6.273,1.155,3.511,5.035,1.000,5.981,4.503,6.287,5.812,2.059
SCP057,8,conflict_repair,5.042,3.001,5.316,5.840,5.722,2.778,2.721,3.939,1.312,5.266,2.316,5.781,5.400,3.353
SCP058,1,supportive_feedback,3.690,2.750,5.083,3.633,4.132,1.868,3.810,3.611,1.815,4.024,2.333,3.883,4.135,2.603
SCP058,2,ambiguous_social_signal,4.084,4.145,3.146,2.717,2.611,3.703,2.775,2.793,2.217,3.352,-0.999,2.664,3.316,4.024
SCP058,3,performance_challenge,3.884,3.639,4.340,3.479,3.481,2.854,3.623,3.509,2.253,3.544,0.701,3.480,3.901,3.290
SCP058,4,authority_evaluation,3.453,4.120,2.871,3.396,3.149,3.175,3.311,3.109,2.225,3.193,-1.249,3.273,3.240,3.661
SCP058,5,collaborative_task,3.027,3.075,4.197,4.110,3.658,2.740,4.208,3.353,1.925,3.441,1.122,3.884,3.778,2.869
SCP058,6,rejection_cue,3.237,4.204,1.952,3.718,3.225,2.690,2.445,2.327,2.546,2.709,-2.252,3.471,2.969,3.816
SCP058,7,autonomy_opportunity,3.401,2.887,4.374,4.292,3.741,2.752,3.748,3.962,1.507,4.390,1.487,4.016,4.022,2.964
SCP058,8,conflict_repair,3.252,4.177,4.294,3.207,3.317,3.795,3.155,3.783,1.878,2.490,0.117,3.262,3.584,3.939
SCP059,1,supportive_feedback,4.630,2.125,6.049,5.993,5.618,2.144,3.882,5.122,1.000,4.897,3.924,5.806,5.557,2.462
SCP059,2,ambiguous_social_signal,3.801,3.409,3.030,5.254,4.851,2.023,2.566,2.900,1.932,4.619,-0.378,5.052,4.028,3.288
SCP059,3,performance_challenge,3.854,2.361,6.286,6.171,5.568,1.921,3.342,4.456,1.145,4.633,3.924,5.869,5.437,2.647
SCP059,4,authority_evaluation,4.095,3.429,3.919,6.012,4.963,2.584,3.036,3.987,1.669,5.034,0.490,5.488,4.676,3.326
SCP059,5,collaborative_task,3.422,1.358,5.436,6.031,5.911,1.736,3.474,3.951,1.000,5.150,4.077,5.971,4.963,2.207
SCP059,6,rejection_cue,3.973,4.099,3.491,4.867,4.416,2.927,2.423,3.515,1.622,4.179,-0.608,4.641,4.110,3.868
SCP059,7,autonomy_opportunity,4.405,2.131,5.544,5.350,5.603,1.694,3.090,4.145,1.322,4.842,3.413,5.477,5.100,2.578
SCP059,8,conflict_repair,3.931,3.186,4.904,5.353,5.519,1.828,3.116,4.175,1.117,4.490,1.718,5.436,4.730,2.966
SCP060,1,supportive_feedback,3.517,1.599,5.793,6.468,5.895,1.000,4.024,3.802,1.000,5.513,4.194,6.182,5.259,1.858
SCP060,2,ambiguous_social_signal,2.700,3.334,3.949,5.708,4.934,2.461,2.207,3.073,1.773,3.558,0.615,5.321,4.119,3.529
SCP060,3,performance_challenge,3.518,2.224,5.910,6.276,6.231,2.226,3.025,4.702,1.108,4.982,3.687,6.253,5.235,2.808
SCP060,4,authority_evaluation,2.656,2.390,3.231,6.006,5.703,1.543,2.720,3.560,1.000,4.346,0.842,5.854,3.964,2.738
SCP060,5,collaborative_task,2.588,1.741,4.926,5.745,6.583,1.184,3.682,4.964,1.000,5.017,3.185,6.164,4.420,2.081
SCP060,6,rejection_cue,2.342,3.332,2.862,4.968,5.292,2.808,2.309,3.125,1.701,3.607,-0.470,5.130,3.391,3.610
SCP060,7,autonomy_opportunity,2.511,1.720,6.130,5.939,6.121,1.280,3.522,4.110,1.000,4.465,4.410,6.030,4.860,2.159
SCP060,8,conflict_repair,3.767,1.559,5.115,7.000,6.040,1.676,2.965,4.896,1.000,5.425,3.556,6.520,5.294,2.423
