person_id,value_context,benevolence,universalism,self_direction,achievement,power,security,tradition,stimulation,striving_meaning,striving_status,striving_care,striving_autonomy,striving_competence,striving_relatedness,striving_conflict,striving_ownership,life_satisfaction,self_transcendence,self_enhancement,openness_to_change,conservation,value_tension_self_transcendence_enhancement,value_tension_openness_conservation,value_tension_total,striving_prosocial_orientation,motivational_quality,life_direction_coherence
VSD0001,autonomy_supportive_context,6.527,5.596,5.393,2.896,1.923,3.266,4.129,4.470,5.324,1.719,5.346,3.781,3.205,3.857,1.506,3.580,3.624,6.061,2.410,4.931,3.698,3.652,1.234,2.443,5.335,3.606,5.886
VSD0002,autonomy_supportive_context,6.213,6.490,5.329,3.367,1.786,1.619,3.730,4.904,5.506,2.617,5.131,4.185,3.183,4.576,1.800,4.372,3.826,6.351,2.576,5.116,2.674,3.775,2.442,3.108,5.318,4.079,6.092
VSD0003,autonomy_supportive_context,6.675,6.646,4.594,3.312,2.060,2.385,4.842,4.775,5.907,1.976,5.927,2.984,2.525,3.877,1.497,3.080,4.056,6.660,2.686,4.684,3.614,3.975,1.071,2.523,5.917,3.116,6.117
VSD0004,autonomy_supportive_context,7.000,5.626,5.557,2.795,1.186,2.482,4.323,5.051,6.158,1.714,5.059,4.364,3.144,4.240,2.240,4.043,3.633,6.313,1.991,5.304,3.403,4.322,1.901,3.112,5.608,3.948,6.070
VSD0005,autonomy_supportive_context,5.713,6.667,4.529,2.505,1.065,1.636,4.198,4.324,5.246,1.000,5.646,3.316,3.635,4.496,1.695,3.684,4.125,6.190,1.785,4.426,2.917,4.405,1.509,2.957,5.446,3.783,5.997
VSD0006,autonomy_supportive_context,7.000,6.669,5.920,3.701,1.368,1.306,4.591,4.943,6.391,2.140,6.523,4.159,3.635,4.099,1.297,4.425,4.517,6.834,2.534,5.432,2.948,4.300,2.483,3.392,6.457,4.079,6.705
VSD0007,autonomy_supportive_context,5.491,4.465,5.247,4.447,3.165,1.954,4.132,4.618,4.378,4.020,3.157,2.828,3.328,2.533,2.096,2.408,3.167,4.978,3.806,4.933,3.043,1.172,1.890,1.531,3.768,2.774,4.641
VSD0008,autonomy_supportive_context,4.886,4.793,4.573,3.880,3.050,1.572,4.049,4.198,4.093,4.045,3.129,2.511,3.381,2.361,2.624,2.424,2.748,4.840,3.465,4.385,2.810,1.375,1.575,1.475,3.611,2.669,4.432
VSD0009,autonomy_supportive_context,4.308,5.625,4.300,4.331,3.414,1.847,3.590,4.505,3.724,3.642,3.892,3.098,3.501,3.212,2.518,1.920,2.485,4.966,3.873,4.403,2.719,1.094,1.684,1.389,3.808,2.933,4.643
VSD0010,autonomy_supportive_context,4.342,4.535,5.751,4.602,3.307,2.809,4.723,3.966,3.879,3.697,3.239,2.780,4.051,3.076,1.591,2.595,2.920,4.439,3.954,4.858,3.766,0.485,1.092,0.789,3.559,3.125,4.581
VSD0011,autonomy_supportive_context,4.723,5.102,4.788,3.991,3.288,2.242,4.593,4.580,3.553,3.180,3.331,2.629,3.475,3.351,2.220,2.908,2.349,4.913,3.640,4.684,3.418,1.273,1.266,1.270,3.442,3.091,4.598
VSD0012,autonomy_supportive_context,4.099,4.506,4.894,4.495,3.691,2.888,4.716,5.129,3.283,3.733,2.975,3.341,3.311,2.574,1.036,2.395,2.376,4.302,4.093,5.012,3.802,0.209,1.210,0.709,3.129,2.905,4.398
VSD0013,autonomy_supportive_context,5.118,5.197,4.439,3.089,2.873,3.486,5.505,3.765,4.547,2.845,4.389,2.331,2.681,3.533,1.917,2.810,3.243,5.157,2.981,4.102,4.496,2.177,0.394,1.285,4.468,2.839,4.981
VSD0014,autonomy_supportive_context,5.009,5.379,4.561,3.396,1.736,2.965,5.704,3.800,4.044,2.254,4.477,2.117,2.634,3.477,1.464,2.270,3.244,5.194,2.566,4.181,4.334,2.628,0.153,1.391,4.260,2.624,4.917
VSD0015,autonomy_supportive_context,4.967,5.520,4.540,3.746,2.199,3.435,4.584,4.450,4.526,3.051,4.585,3.116,2.613,3.207,1.945,2.688,2.667,5.243,2.973,4.495,4.009,2.270,0.486,1.378,4.555,2.906,5.057
VSD0016,autonomy_supportive_context,5.040,5.218,4.338,3.147,1.853,2.609,5.498,3.812,4.041,2.477,4.675,2.414,2.320,3.495,1.849,2.244,2.969,5.129,2.500,4.075,4.053,2.629,0.022,1.325,4.358,2.618,4.871
VSD0017,autonomy_supportive_context,5.704,5.102,4.709,3.797,2.304,3.193,5.437,4.053,4.531,1.915,4.670,2.792,2.409,3.298,1.769,3.039,3.287,5.403,3.050,4.381,4.315,2.353,0.066,1.209,4.600,2.885,5.143
VSD0018,autonomy_supportive_context,5.113,4.886,3.652,3.170,1.821,3.140,4.793,4.584,4.256,1.907,4.496,2.927,2.702,3.509,1.637,3.292,3.303,5.000,2.495,4.118,3.967,2.504,0.151,1.328,4.376,3.108,5.027
VSD0019,autonomy_supportive_context,5.547,5.600,5.918,4.002,1.386,1.662,3.863,6.315,5.406,2.120,4.475,4.658,4.145,2.984,2.164,3.984,3.811,5.573,2.694,6.116,2.763,2.880,3.354,3.117,4.940,3.943,5.610
VSD0020,autonomy_supportive_context,5.665,5.672,5.318,3.622,2.277,1.851,3.370,5.183,5.405,2.291,4.230,4.409,3.275,2.939,1.754,3.104,3.260,5.668,2.950,5.251,2.611,2.719,2.640,2.679,4.818,3.432,5.489
VSD0021,autonomy_supportive_context,4.550,5.648,5.636,3.419,2.309,1.480,4.124,5.731,5.100,2.291,4.404,4.271,2.984,3.106,1.832,3.266,3.592,5.099,2.864,5.684,2.802,2.235,2.881,2.558,4.752,3.407,5.257
VSD0022,autonomy_supportive_context,5.173,5.155,5.835,3.703,1.994,1.683,4.711,5.820,5.931,2.660,4.300,3.766,4.055,3.950,1.269,3.870,3.070,5.164,2.849,5.827,3.197,2.315,2.631,2.473,5.116,3.910,5.649
VSD0023,autonomy_supportive_context,5.157,5.346,6.258,2.752,2.151,1.000,3.216,5.778,5.261,1.793,4.255,4.270,3.510,3.549,3.173,3.432,2.744,5.251,2.451,6.018,2.108,2.800,3.910,3.355,4.758,3.690,5.213
VSD0024,autonomy_supportive_context,5.580,6.555,5.915,3.257,2.275,1.599,4.821,5.358,5.832,2.340,4.409,3.537,3.678,4.011,1.494,3.121,3.328,6.068,2.766,5.637,3.210,3.302,2.427,2.864,5.121,3.587,5.812
VSD0025,autonomy_supportive_context,5.162,5.011,4.055,3.560,2.279,3.003,5.195,4.252,4.196,3.098,3.712,2.576,2.748,2.903,2.547,1.858,2.212,5.087,2.919,4.153,4.099,2.167,0.055,1.111,3.954,2.521,4.590
VSD0026,autonomy_supportive_context,4.600,5.845,4.828,3.605,2.689,2.638,5.322,4.281,4.288,3.589,3.920,2.636,2.517,1.873,2.579,1.332,2.670,5.223,3.147,4.554,3.980,2.076,0.575,1.325,4.104,2.090,4.537
VSD0027,autonomy_supportive_context,5.543,5.528,4.790,3.742,2.769,2.818,4.909,4.741,4.620,3.540,4.845,1.419,2.071,2.858,2.641,1.226,2.490,5.535,3.256,4.765,3.864,2.280,0.902,1.591,4.732,1.893,4.777
VSD0028,autonomy_supportive_context,5.837,5.225,5.075,4.095,1.627,3.082,5.158,4.723,4.355,3.272,4.617,2.114,2.277,3.198,2.104,1.260,2.839,5.531,2.861,4.899,4.120,2.669,0.779,1.724,4.486,2.212,4.876
VSD0029,autonomy_supportive_context,5.820,4.695,5.323,3.414,1.879,2.927,5.295,3.847,3.548,2.817,4.171,2.255,1.786,2.693,2.639,1.373,1.989,5.258,2.646,4.585,4.111,2.611,0.474,1.543,3.859,2.027,4.438
VSD0030,autonomy_supportive_context,4.677,5.127,4.861,3.381,3.286,2.421,4.545,4.358,4.090,3.409,4.044,2.313,1.914,2.720,2.029,1.000,2.699,4.902,3.333,4.609,3.483,1.569,1.127,1.348,4.067,1.987,4.462
VSD0031,autonomy_supportive_context,5.809,5.925,5.137,3.237,1.551,2.141,4.561,4.325,5.486,2.233,4.854,3.064,2.671,3.682,2.155,2.980,3.312,5.867,2.394,4.731,3.351,3.473,1.380,2.426,5.170,3.099,5.504
VSD0032,autonomy_supportive_context,5.480,6.185,5.703,3.738,1.274,2.229,4.490,5.367,5.661,2.256,5.001,3.652,3.565,3.742,1.977,3.983,4.098,5.832,2.506,5.535,3.360,3.326,2.175,2.751,5.331,3.735,5.784
VSD0033,autonomy_supportive_context,5.461,5.905,5.506,3.100,1.258,2.483,4.500,4.762,4.791,2.003,4.369,3.985,3.734,3.268,1.116,4.168,3.357,5.683,2.179,5.134,3.491,3.504,1.643,2.573,4.580,3.789,5.624
VSD0034,autonomy_supportive_context,6.448,5.027,5.329,2.599,1.585,2.653,3.902,4.097,6.162,2.047,5.245,3.156,2.600,4.490,1.970,3.526,3.335,5.738,2.092,4.713,3.277,3.645,1.436,2.540,5.703,3.443,5.780
VSD0035,autonomy_supportive_context,5.409,5.970,5.448,3.964,2.160,2.291,4.265,4.208,4.993,2.221,4.403,3.904,3.043,4.522,1.619,4.384,4.385,5.690,3.062,4.828,3.278,2.628,1.550,2.089,4.698,3.963,5.653
VSD0036,autonomy_supportive_context,6.020,5.503,5.704,3.423,2.200,2.678,4.116,3.740,6.155,2.446,4.608,3.630,2.494,3.936,1.951,2.228,3.172,5.762,2.811,4.722,3.397,2.950,1.325,2.138,5.381,3.072,5.560
VSD0037,autonomy_supportive_context,5.494,4.122,5.027,3.749,2.776,2.523,4.135,4.824,3.470,3.515,2.968,3.020,2.803,4.183,2.052,2.082,2.986,4.808,3.263,4.925,3.329,1.546,1.597,1.571,3.219,3.022,4.490
VSD0038,autonomy_supportive_context,5.316,3.827,5.258,4.346,3.298,1.889,3.877,4.697,3.354,4.278,2.909,3.676,3.453,2.738,2.779,2.148,2.211,4.571,3.822,4.977,2.883,0.749,2.094,1.422,3.132,3.004,4.272
VSD0039,autonomy_supportive_context,4.620,4.805,4.760,3.853,2.546,1.826,4.089,4.746,3.355,4.493,3.180,3.174,2.957,2.662,2.269,1.760,2.659,4.712,3.200,4.753,2.957,1.513,1.796,1.654,3.268,2.638,4.315
VSD0040,autonomy_supportive_context,4.639,5.020,5.021,3.988,3.237,1.611,4.542,4.405,2.962,4.121,2.929,3.497,2.807,2.872,2.521,2.096,2.148,4.829,3.612,4.713,3.076,1.217,1.637,1.427,2.946,2.818,4.271
VSD0041,autonomy_supportive_context,4.888,4.205,5.515,3.662,3.073,2.265,3.978,4.003,3.166,3.944,3.237,2.391,2.792,2.873,2.522,2.510,2.667,4.546,3.367,4.759,3.122,1.179,1.637,1.408,3.201,2.641,4.203
VSD0042,autonomy_supportive_context,4.367,4.754,4.378,4.250,3.776,2.498,3.660,4.558,3.126,4.598,3.170,2.876,2.840,2.960,2.195,2.548,3.306,4.560,4.013,4.468,3.079,0.547,1.389,0.968,3.148,2.806,4.291
VSD0043,status_competition_context,3.651,4.250,3.339,4.792,3.702,4.236,4.217,2.599,4.941,2.950,4.072,3.059,3.389,3.217,1.057,3.412,3.226,3.951,4.247,2.969,4.226,0.297,1.257,0.777,4.506,3.269,4.858
VSD0044,status_competition_context,4.383,3.924,4.181,5.093,3.855,5.333,3.208,1.934,4.728,3.048,4.677,3.773,3.709,3.676,1.000,3.961,3.607,4.153,4.474,3.057,4.270,0.321,1.213,0.767,4.702,3.780,5.169
VSD0045,status_competition_context,3.986,5.171,3.777,4.545,3.378,3.245,3.205,3.015,5.556,1.868,4.459,3.462,3.461,3.543,1.000,4.053,3.458,4.578,3.961,3.396,3.225,0.617,0.171,0.394,5.007,3.630,5.362
VSD0046,status_competition_context,4.226,4.854,3.197,5.207,4.357,4.461,4.529,2.578,4.952,2.767,4.440,3.183,3.677,3.730,1.000,3.445,2.690,4.540,4.782,2.887,4.495,0.242,1.608,0.925,4.696,3.509,5.206
VSD0047,status_competition_context,4.254,4.754,3.752,4.867,3.380,4.045,3.566,3.292,4.825,3.024,3.925,4.218,3.644,3.356,1.090,3.759,3.020,4.504,4.124,3.522,3.805,0.380,0.284,0.332,4.375,3.744,5.152
VSD0048,status_competition_context,4.502,4.525,2.879,4.754,4.210,4.349,3.826,3.136,4.825,2.998,4.007,2.916,3.680,3.474,1.047,4.030,3.207,4.514,4.482,3.008,4.088,0.032,1.080,0.556,4.416,3.525,5.102
VSD0049,status_competition_context,3.505,2.826,2.855,5.594,4.767,4.137,3.482,3.237,3.449,4.967,2.167,2.412,3.428,2.740,2.129,2.989,2.184,3.165,5.181,3.046,3.809,2.016,0.764,1.390,2.808,2.892,3.751
VSD0050,status_competition_context,2.663,3.100,2.817,5.699,4.483,4.712,3.592,2.131,2.226,4.376,2.145,2.862,3.807,2.463,2.401,2.191,2.742,2.881,5.091,2.474,4.152,2.210,1.678,1.944,2.186,2.831,3.390
VSD0051,status_competition_context,2.505,2.618,2.867,6.313,5.365,4.335,3.188,3.496,2.488,5.487,2.472,2.167,3.752,2.369,1.820,2.979,2.281,2.562,5.839,3.181,3.761,3.277,0.580,1.929,2.480,2.817,3.460
VSD0052,status_competition_context,3.328,2.932,3.088,5.610,5.286,4.124,3.755,3.205,2.160,4.491,2.407,2.905,3.552,2.837,2.116,1.862,2.271,3.130,5.448,3.147,3.940,2.317,0.793,1.555,2.283,2.789,3.532
VSD0053,status_competition_context,3.279,3.144,3.047,6.052,5.960,3.800,3.640,2.621,2.845,5.040,2.196,2.329,3.517,2.972,2.548,2.120,2.518,3.211,6.006,2.834,3.720,2.794,0.886,1.840,2.521,2.735,3.558
VSD0054,status_competition_context,3.173,3.016,3.265,6.315,5.028,4.260,3.451,2.443,2.614,4.323,2.390,2.506,3.427,2.606,2.123,2.468,2.630,3.094,5.672,2.854,3.855,2.577,1.001,1.789,2.502,2.752,3.579
VSD0055,status_competition_context,3.411,3.947,2.645,3.497,3.779,5.428,4.700,2.693,3.239,2.826,3.730,1.447,2.568,3.606,1.566,2.685,2.857,3.679,3.638,2.669,5.064,0.041,2.395,1.218,3.484,2.576,4.123
VSD0056,status_competition_context,3.152,3.090,2.179,4.494,4.036,4.832,4.623,2.003,2.504,3.324,3.601,1.897,2.538,3.215,1.840,2.685,3.469,3.121,4.265,2.091,4.728,1.144,2.637,1.890,3.053,2.584,3.756
VSD0057,status_competition_context,3.438,3.092,2.324,4.910,4.899,5.321,5.123,2.649,3.754,3.588,3.203,1.931,2.855,3.941,1.988,2.840,2.830,3.265,4.904,2.486,5.222,1.639,2.736,2.187,3.478,2.892,4.028
VSD0058,status_competition_context,3.695,3.228,2.696,5.064,4.344,5.089,4.545,1.823,2.924,3.257,3.058,1.494,3.298,3.194,1.952,2.605,2.666,3.462,4.704,2.259,4.817,1.242,2.557,1.900,2.991,2.648,3.855
VSD0059,status_competition_context,3.362,3.773,2.062,4.712,4.411,4.546,4.674,1.840,2.780,3.131,3.485,1.749,2.301,3.289,1.992,2.362,1.989,3.567,4.562,1.951,4.610,0.994,2.659,1.827,3.133,2.425,3.857
VSD0060,status_competition_context,3.000,3.349,2.478,5.334,4.084,5.133,5.002,2.777,2.822,3.630,2.812,2.395,2.568,2.870,2.426,2.691,3.288,3.174,4.709,2.627,5.068,1.535,2.440,1.987,2.817,2.631,3.628
VSD0061,status_competition_context,3.679,3.258,3.968,5.478,4.048,3.821,3.139,2.996,4.097,3.558,4.104,2.881,3.712,2.546,1.318,2.984,3.892,3.468,4.763,3.482,3.480,1.294,0.002,0.648,4.101,3.031,4.445
VSD0062,status_competition_context,3.780,2.972,4.185,4.760,3.988,3.423,3.296,3.852,3.845,2.830,3.162,3.359,3.295,2.607,1.114,3.441,2.752,3.376,4.374,4.019,3.359,0.998,0.659,0.829,3.503,3.176,4.293
VSD0063,status_competition_context,3.397,3.380,3.639,5.493,3.231,2.667,3.250,3.312,4.307,3.388,3.335,3.680,3.563,2.904,1.464,3.822,2.884,3.388,4.362,3.476,2.959,0.974,0.517,0.745,3.821,3.492,4.458
VSD0064,status_competition_context,3.329,3.163,3.919,4.500,3.615,3.195,3.387,3.265,3.962,2.584,3.588,3.634,3.585,2.646,1.484,3.216,3.180,3.246,4.057,3.592,3.291,0.811,0.301,0.556,3.775,3.270,4.318
VSD0065,status_competition_context,3.127,3.354,4.035,5.136,3.667,3.358,3.504,3.881,3.888,3.082,3.690,3.144,3.528,2.784,1.000,3.329,3.186,3.240,4.401,3.958,3.431,1.161,0.527,0.844,3.789,3.196,4.366
VSD0066,status_competition_context,3.379,3.353,3.822,5.072,3.581,3.855,2.816,3.549,4.108,3.183,3.371,3.624,3.194,2.827,1.072,3.793,3.018,3.366,4.327,3.686,3.335,0.960,0.350,0.655,3.739,3.360,4.435
VSD0067,status_competition_context,4.374,3.131,2.749,4.803,5.067,4.158,4.228,2.757,2.915,3.737,3.340,1.132,2.478,2.456,2.986,1.153,2.609,3.752,4.935,2.753,4.193,1.183,1.440,1.311,3.127,1.805,3.568
VSD0068,status_competition_context,3.386,3.485,3.131,6.167,3.945,4.501,4.619,2.135,3.561,3.794,3.289,1.819,1.808,2.345,2.929,1.000,2.306,3.436,5.056,2.633,4.560,1.620,1.927,1.774,3.425,1.743,3.549
VSD0069,status_competition_context,3.144,3.793,3.196,5.392,4.996,4.214,3.902,2.899,2.718,4.216,3.118,1.620,3.153,1.887,2.034,1.000,2.823,3.469,5.194,3.047,4.058,1.725,1.011,1.368,2.918,1.915,3.577
VSD0070,status_competition_context,3.811,3.311,1.449,4.626,4.634,4.305,3.473,2.020,2.521,3.472,2.598,1.000,1.192,2.400,2.782,1.000,1.626,3.561,4.630,1.735,3.889,1.069,2.155,1.612,2.560,1.398,3.209
VSD0071,status_competition_context,3.884,2.992,2.654,5.917,4.653,4.777,3.698,3.103,3.549,4.364,2.816,1.885,2.002,2.482,2.833,1.000,2.589,3.438,5.285,2.879,4.238,1.847,1.359,1.603,3.182,1.842,3.516
VSD0072,status_competition_context,2.920,2.818,2.987,5.109,4.799,4.619,4.430,2.694,3.282,4.043,2.302,2.266,1.711,2.088,2.410,1.312,2.112,2.869,4.954,2.840,4.524,2.085,1.684,1.885,2.792,1.844,3.257
VSD0073,status_competition_context,4.438,4.797,4.090,5.115,4.018,3.486,3.362,1.970,4.777,3.188,4.240,3.336,3.636,2.836,1.000,3.448,3.675,4.618,4.566,3.030,3.424,0.052,0.394,0.223,4.509,3.314,5.104
VSD0074,status_competition_context,3.836,4.033,3.188,5.565,4.310,4.276,3.417,2.920,4.803,2.980,3.130,3.400,3.837,2.609,1.329,4.133,2.960,3.935,4.938,3.054,3.846,1.003,0.792,0.898,3.966,3.495,4.709
VSD0075,status_competition_context,4.196,4.394,3.408,4.790,4.173,4.261,4.266,3.011,4.305,2.972,4.152,3.391,3.781,3.464,1.000,3.357,4.015,4.295,4.482,3.210,4.263,0.187,1.054,0.620,4.229,3.498,4.965
VSD0076,status_competition_context,4.920,3.950,4.522,5.165,3.764,3.737,3.830,2.535,5.409,3.185,4.251,3.946,3.881,3.694,1.000,4.091,3.801,4.435,4.464,3.528,3.784,0.029,0.256,0.142,4.830,3.903,5.346
VSD0077,status_competition_context,4.008,4.809,3.580,5.085,4.157,4.079,4.077,2.716,4.993,3.126,4.277,3.146,2.590,3.770,1.000,2.867,3.025,4.409,4.621,3.148,4.078,0.212,0.930,0.571,4.635,3.093,5.003
VSD0078,status_competition_context,4.354,4.774,3.482,4.636,3.505,3.676,3.350,3.091,4.866,3.511,4.605,2.942,3.063,3.629,1.432,4.030,3.886,4.564,4.071,3.287,3.513,0.493,0.226,0.359,4.736,3.416,5.134
VSD0079,status_competition_context,3.007,3.021,3.471,5.608,5.272,3.898,3.202,2.196,2.712,4.718,3.041,2.231,3.091,2.172,2.681,1.689,2.059,3.014,5.440,2.834,3.550,2.426,0.717,1.571,2.876,2.296,3.446
VSD0080,status_competition_context,3.041,2.996,2.988,6.008,5.155,4.390,3.306,2.147,1.009,5.001,2.527,1.832,2.642,2.130,2.313,1.296,1.895,3.019,5.582,2.567,3.848,2.563,1.281,1.922,1.768,1.975,3.023
VSD0081,status_competition_context,2.302,2.980,3.145,5.816,6.149,3.713,3.921,2.492,1.304,5.419,2.290,2.335,3.300,2.703,2.875,2.132,1.489,2.641,5.982,2.819,3.817,3.341,0.998,2.170,1.797,2.617,3.041
VSD0082,status_competition_context,2.835,2.995,2.999,5.492,4.921,3.650,3.418,2.959,1.852,4.669,2.751,2.769,2.895,2.250,1.856,1.800,2.320,2.915,5.206,2.979,3.534,2.291,0.556,1.423,2.302,2.429,3.383
VSD0083,status_competition_context,3.472,3.072,2.846,6.254,4.929,4.067,3.516,2.375,1.376,4.693,2.874,2.028,3.123,2.435,3.019,2.242,1.755,3.272,5.592,2.610,3.791,2.319,1.181,1.750,2.125,2.457,3.287
VSD0084,status_competition_context,2.674,2.733,3.136,5.937,4.963,4.008,3.038,2.201,1.394,5.260,2.460,1.823,2.899,1.622,2.726,1.740,1.836,2.703,5.450,2.668,3.523,2.747,0.855,1.801,1.927,2.021,2.928
VSD0085,care_and_obligation_context,6.773,5.523,4.382,3.375,2.481,2.743,4.090,2.960,5.412,1.935,5.177,2.923,3.450,4.361,1.184,3.755,3.460,6.148,2.928,3.671,3.417,3.220,0.254,1.737,5.295,3.622,5.952
VSD0086,care_and_obligation_context,5.359,6.137,4.238,2.983,2.536,2.683,3.979,3.355,5.850,2.464,5.255,3.449,3.033,4.545,1.209,3.888,3.842,5.748,2.759,3.797,3.331,2.988,0.466,1.727,5.552,3.729,5.937
VSD0087,care_and_obligation_context,6.371,6.254,3.769,2.846,2.201,2.877,4.162,3.589,6.331,1.589,4.571,3.096,3.412,4.057,1.563,3.865,3.778,6.313,2.524,3.679,3.519,3.789,0.160,1.974,5.451,3.607,6.001
VSD0088,care_and_obligation_context,6.675,6.321,4.287,3.361,1.928,2.555,4.366,3.787,6.155,1.278,5.987,3.706,3.961,4.046,1.000,4.065,4.005,6.498,2.645,4.037,3.460,3.853,0.576,2.215,6.071,3.944,6.462
VSD0089,care_and_obligation_context,6.583,5.976,4.180,3.375,2.243,2.982,4.049,3.388,6.124,2.016,5.402,3.466,3.024,3.870,1.502,3.377,3.971,6.280,2.809,3.784,3.515,3.471,0.268,1.870,5.763,3.434,6.044
VSD0090,care_and_obligation_context,6.721,6.672,4.582,3.685,2.202,2.405,4.609,3.801,5.774,1.950,5.800,3.296,3.068,4.227,1.136,3.942,3.615,6.696,2.944,4.191,3.507,3.753,0.684,2.219,5.787,3.633,6.310
VSD0091,care_and_obligation_context,4.934,4.210,3.519,5.088,3.760,3.053,4.150,2.882,3.760,3.903,2.751,2.743,3.431,3.235,1.193,2.735,2.917,4.572,4.424,3.200,3.601,0.148,0.401,0.274,3.255,3.036,4.551
VSD0092,care_and_obligation_context,5.233,4.920,3.911,5.232,3.742,2.379,4.194,4.057,4.483,4.334,3.389,2.521,3.238,2.942,1.547,2.742,2.498,5.077,4.487,3.984,3.286,0.589,0.698,0.644,3.936,2.861,4.837
VSD0093,care_and_obligation_context,5.127,5.774,3.973,4.429,4.197,2.715,4.743,3.606,4.143,3.815,3.447,2.217,2.750,3.201,1.955,1.995,3.356,5.451,4.313,3.789,3.729,1.137,0.060,0.599,3.795,2.541,4.749
VSD0094,care_and_obligation_context,4.627,4.944,3.841,4.807,3.572,1.992,3.765,3.819,3.736,3.783,4.056,2.649,3.073,3.356,2.019,2.318,3.291,4.786,4.190,3.830,2.878,0.596,0.952,0.774,3.896,2.849,4.655
VSD0095,care_and_obligation_context,5.453,5.551,3.306,4.303,2.968,3.122,4.634,3.221,3.975,3.913,4.071,2.117,2.808,3.530,1.593,2.815,3.712,5.502,3.636,3.263,3.878,1.866,0.615,1.240,4.023,2.817,4.987
VSD0096,care_and_obligation_context,5.523,5.566,3.731,4.400,4.467,3.225,3.507,3.396,4.312,4.363,3.615,2.810,2.713,2.872,1.234,2.738,3.092,5.544,4.433,3.563,3.366,1.111,0.198,0.655,3.964,2.783,5.021
VSD0097,care_and_obligation_context,5.714,5.412,2.938,3.159,2.177,3.933,5.071,3.115,4.556,3.059,4.582,2.080,2.265,3.581,2.202,2.534,2.797,5.563,2.668,3.027,4.502,2.895,1.475,2.185,4.569,2.615,5.034
VSD0098,care_and_obligation_context,5.749,4.867,2.771,3.554,2.480,3.914,5.080,2.672,4.590,2.083,4.018,2.336,2.700,3.886,2.201,2.343,3.979,5.308,3.017,2.722,4.497,2.291,1.776,2.033,4.304,2.816,4.928
VSD0099,care_and_obligation_context,5.473,5.566,3.468,2.973,2.638,3.717,4.860,2.597,4.173,3.087,3.819,1.829,3.540,4.349,2.466,2.800,2.967,5.520,2.805,3.033,4.288,2.714,1.255,1.985,3.996,3.129,4.963
VSD0100,care_and_obligation_context,6.074,4.883,3.008,4.200,3.268,3.963,5.180,2.717,4.461,2.865,4.666,1.980,2.509,3.439,2.266,2.476,2.914,5.479,3.734,2.863,4.572,1.745,1.709,1.727,4.564,2.601,4.991
VSD0101,care_and_obligation_context,6.200,4.472,3.084,3.192,2.663,3.025,5.278,2.839,3.944,2.710,4.295,1.992,2.862,3.713,1.998,2.458,3.069,5.336,2.927,2.961,4.151,2.409,1.190,1.799,4.119,2.756,4.885
VSD0102,care_and_obligation_context,5.510,5.736,2.946,3.265,2.423,3.471,5.112,2.546,3.905,2.689,4.170,1.825,2.461,3.563,1.902,2.832,2.918,5.623,2.844,2.746,4.291,2.779,1.545,2.162,4.037,2.670,4.938
VSD0103,care_and_obligation_context,5.922,5.589,5.382,4.037,2.191,2.573,3.664,4.359,5.631,2.564,4.080,3.652,3.243,4.116,1.802,3.466,3.555,5.755,3.114,4.870,3.118,2.641,1.752,2.197,4.855,3.619,5.586
VSD0104,care_and_obligation_context,5.517,5.704,4.546,4.000,2.530,1.827,4.263,4.709,5.255,2.772,4.097,3.213,2.806,3.391,1.666,3.274,3.141,5.611,3.265,4.628,3.045,2.346,1.583,1.964,4.676,3.171,5.348
VSD0105,care_and_obligation_context,5.945,6.161,4.072,3.709,2.071,1.795,3.875,3.873,4.972,2.860,4.646,3.653,2.964,3.790,1.537,3.569,2.684,6.053,2.890,3.973,2.835,3.164,1.138,2.151,4.809,3.494,5.666
VSD0106,care_and_obligation_context,5.393,5.468,3.888,3.558,2.265,2.275,3.949,4.202,4.163,2.771,4.244,3.628,3.418,3.253,2.075,2.771,2.742,5.431,2.911,4.045,3.112,2.519,0.933,1.726,4.203,3.267,5.104
VSD0107,care_and_obligation_context,5.638,5.242,4.682,4.123,3.211,2.912,4.446,4.136,5.595,2.559,4.726,3.186,3.197,3.937,1.362,3.243,3.806,5.440,3.667,4.409,3.679,1.773,0.730,1.251,5.160,3.391,5.569
VSD0108,care_and_obligation_context,6.075,5.777,4.917,3.807,2.859,2.033,4.065,4.085,5.765,2.267,4.661,3.364,3.444,3.639,1.401,3.544,3.192,5.926,3.333,4.501,3.049,2.593,1.452,2.023,5.213,3.498,5.779
VSD0109,care_and_obligation_context,5.311,5.111,3.828,3.388,2.754,3.327,4.684,3.015,4.263,2.931,4.499,1.594,1.714,3.106,2.529,1.341,3.039,5.211,3.071,3.421,4.005,2.140,0.584,1.362,4.381,1.939,4.582
VSD0110,care_and_obligation_context,6.149,5.516,3.041,3.814,3.008,2.815,4.208,3.781,4.346,3.693,3.889,1.405,3.066,2.353,2.198,1.000,2.494,5.833,3.411,3.411,3.511,2.422,0.100,1.261,4.118,1.956,4.755
VSD0111,care_and_obligation_context,6.057,5.373,3.574,3.722,2.796,4.036,4.743,3.471,4.003,2.635,5.052,2.194,2.327,2.494,2.672,1.653,2.615,5.715,3.259,3.523,4.389,2.456,0.867,1.661,4.527,2.167,4.855
VSD0112,care_and_obligation_context,4.714,4.867,3.579,2.261,3.393,3.339,5.115,3.193,3.604,3.463,4.201,2.086,1.627,2.594,2.887,1.000,2.772,4.791,2.827,3.386,4.227,1.964,0.841,1.402,3.902,1.827,4.194
VSD0113,care_and_obligation_context,4.945,5.137,3.644,3.538,3.904,3.937,5.542,3.363,4.320,3.087,3.969,1.603,1.738,2.922,3.125,1.000,2.842,5.041,3.721,3.503,4.740,1.320,1.236,1.278,4.144,1.816,4.321
VSD0114,care_and_obligation_context,6.080,6.009,3.549,3.471,2.450,3.389,5.417,3.881,4.924,2.844,3.970,1.845,1.730,3.337,2.803,1.313,2.872,6.044,2.960,3.715,4.403,3.084,0.688,1.886,4.447,2.056,4.882
VSD0115,care_and_obligation_context,5.964,6.044,3.988,4.155,2.494,2.994,4.612,3.126,6.038,1.917,4.683,2.878,3.077,4.484,1.416,3.826,4.074,6.004,3.324,3.557,3.803,2.679,0.246,1.463,5.360,3.566,5.875
VSD0116,care_and_obligation_context,6.072,4.667,3.877,3.805,2.413,2.767,4.687,3.600,6.310,2.525,4.856,3.794,3.064,4.309,1.624,3.488,3.790,5.370,3.109,3.739,3.727,2.261,0.012,1.136,5.583,3.664,5.740
VSD0117,care_and_obligation_context,6.033,6.990,4.522,3.732,2.443,2.901,4.547,3.559,5.947,2.261,5.547,3.885,2.741,3.922,1.376,3.296,3.675,6.511,3.087,4.040,3.724,3.424,0.316,1.870,5.747,3.461,6.143
VSD0118,care_and_obligation_context,6.371,5.739,3.718,3.286,2.429,2.469,4.311,3.821,5.029,2.441,5.407,3.626,3.148,4.410,1.454,4.366,4.092,6.055,2.858,3.769,3.390,3.197,0.379,1.788,5.218,3.888,5.946
VSD0119,care_and_obligation_context,6.171,5.783,4.411,3.899,1.602,2.765,3.965,3.555,5.918,2.105,4.778,3.308,3.094,3.347,1.542,3.774,3.430,5.977,2.750,3.983,3.365,3.227,0.618,1.922,5.348,3.381,5.782
VSD0120,care_and_obligation_context,6.191,6.449,3.637,3.669,2.609,2.746,3.658,3.557,5.708,2.248,4.350,2.951,3.217,3.839,1.367,3.753,4.135,6.320,3.139,3.597,3.202,3.181,0.395,1.788,5.029,3.440,5.835
VSD0121,care_and_obligation_context,5.474,4.434,3.529,4.484,3.744,3.059,4.704,4.114,3.523,3.906,2.919,3.043,2.959,2.794,1.709,2.301,2.351,4.954,4.114,3.821,3.881,0.840,0.060,0.450,3.221,2.775,4.506
VSD0122,care_and_obligation_context,5.159,4.291,4.175,4.743,3.635,2.663,4.925,3.902,2.941,3.560,3.811,2.956,2.714,2.986,1.220,2.149,2.705,4.725,4.189,4.039,3.794,0.536,0.245,0.390,3.376,2.701,4.527
VSD0123,care_and_obligation_context,5.586,4.348,4.081,3.881,3.288,2.693,4.192,2.946,3.461,4.055,3.144,2.617,3.120,2.567,1.849,1.872,2.404,4.967,3.585,3.513,3.443,1.382,0.070,0.726,3.302,2.544,4.440
VSD0124,care_and_obligation_context,5.134,5.046,2.826,4.765,2.345,3.017,4.081,3.853,3.003,3.812,3.307,2.203,2.811,2.739,2.126,1.957,2.401,5.090,3.555,3.339,3.549,1.535,0.210,0.872,3.155,2.428,4.354
VSD0125,care_and_obligation_context,4.980,4.848,3.822,4.596,3.554,3.006,3.882,3.932,2.777,3.282,3.267,2.980,2.530,3.167,1.779,3.074,3.085,4.914,4.075,3.877,3.444,0.839,0.433,0.636,3.022,2.938,4.470
VSD0126,care_and_obligation_context,4.358,4.134,3.320,4.208,3.638,2.187,4.930,3.688,2.921,3.797,3.564,1.989,2.347,3.599,2.333,1.900,3.127,4.246,3.923,3.504,3.559,0.323,0.055,0.189,3.242,2.459,4.082
VSD0127,security_under_constraint_context,4.289,4.627,2.266,3.922,3.005,4.446,3.773,2.117,4.950,2.295,3.935,3.535,2.316,4.098,1.136,4.299,3.266,4.458,3.464,2.191,4.110,0.994,1.918,1.456,4.442,3.562,5.092
VSD0128,security_under_constraint_context,4.836,3.712,2.441,4.017,3.359,5.604,3.670,2.088,4.844,2.520,4.576,2.224,3.168,3.436,1.202,2.972,3.487,4.274,3.688,2.264,4.637,0.586,2.373,1.479,4.710,2.950,4.906
VSD0129,security_under_constraint_context,4.215,4.508,2.814,3.294,3.008,4.544,3.524,2.101,4.055,2.389,4.024,2.527,1.932,4.035,1.440,3.304,3.221,4.362,3.151,2.458,4.034,1.211,1.577,1.394,4.039,2.949,4.678
VSD0130,security_under_constraint_context,4.446,4.589,3.045,3.664,2.670,4.542,3.085,2.744,4.864,1.813,4.208,3.169,3.351,3.407,1.000,3.252,3.512,4.517,3.167,2.894,3.813,1.350,0.919,1.135,4.536,3.295,5.073
VSD0131,security_under_constraint_context,4.029,4.535,3.111,3.746,2.243,5.057,2.609,2.543,4.764,2.681,3.997,2.869,3.029,2.875,1.000,3.359,2.615,4.282,2.994,2.827,3.833,1.288,1.006,1.147,4.381,3.033,4.856
VSD0132,security_under_constraint_context,3.959,4.291,2.733,3.450,2.299,4.755,3.326,1.834,4.611,1.703,4.499,3.128,3.218,3.453,1.000,3.642,3.551,4.125,2.875,2.283,4.041,1.250,1.757,1.504,4.555,3.360,4.971
VSD0133,security_under_constraint_context,2.962,2.601,2.326,5.055,3.674,5.009,3.871,2.228,2.814,4.489,2.092,1.756,3.426,2.941,2.207,2.280,2.604,2.782,4.365,2.277,4.440,1.583,2.163,1.873,2.453,2.601,3.397
VSD0134,security_under_constraint_context,3.521,3.491,2.819,4.419,4.275,5.399,3.929,1.987,3.160,3.998,2.762,2.142,2.359,2.608,2.338,2.475,2.707,3.506,4.347,2.403,4.664,0.841,2.261,1.551,2.961,2.396,3.720
VSD0135,security_under_constraint_context,2.703,2.680,2.734,4.731,4.096,4.791,3.401,1.827,2.605,4.199,2.570,2.501,3.302,2.017,1.821,2.403,2.094,2.692,4.414,2.280,4.096,1.722,1.815,1.769,2.588,2.556,3.452
VSD0136,security_under_constraint_context,2.638,2.969,3.612,4.382,4.377,5.089,3.372,2.279,3.106,4.378,1.639,2.518,2.893,2.752,2.072,2.464,2.116,2.804,4.380,2.945,4.231,1.576,1.286,1.431,2.373,2.657,3.415
VSD0137,security_under_constraint_context,2.434,2.859,2.004,4.042,4.501,5.249,3.856,1.555,2.220,4.244,2.138,1.583,3.334,2.785,2.506,2.135,2.360,2.646,4.271,1.780,4.553,1.625,2.773,2.199,2.179,2.459,3.170
VSD0138,security_under_constraint_context,2.316,3.299,2.571,4.272,4.226,4.717,3.821,2.807,2.249,3.982,2.460,2.782,3.391,2.206,1.687,2.448,2.410,2.807,4.249,2.689,4.269,1.442,1.580,1.511,2.354,2.707,3.482
VSD0139,security_under_constraint_context,3.901,3.732,2.005,3.903,3.115,6.224,4.876,1.877,3.403,3.439,3.645,1.766,2.761,3.020,2.509,2.103,2.062,3.816,3.509,1.941,5.550,0.307,3.609,1.958,3.524,2.413,3.992
VSD0140,security_under_constraint_context,4.244,3.635,1.991,3.579,2.958,5.240,4.018,1.706,3.336,2.646,3.632,1.690,2.866,2.784,1.610,2.891,2.867,3.939,3.269,1.849,4.629,0.671,2.780,1.725,3.484,2.558,4.197
VSD0141,security_under_constraint_context,3.043,2.971,1.320,3.965,3.208,5.999,4.657,1.658,2.516,2.957,3.103,1.879,1.923,2.919,2.070,1.827,1.465,3.007,3.586,1.489,5.328,0.579,3.839,2.209,2.810,2.137,3.455
VSD0142,security_under_constraint_context,3.597,3.796,1.801,3.637,2.691,5.962,4.784,1.295,3.522,2.985,3.450,1.278,2.205,3.302,2.093,2.604,2.859,3.696,3.164,1.548,5.373,0.532,3.824,2.178,3.486,2.347,3.978
VSD0143,security_under_constraint_context,3.204,2.965,2.203,3.466,3.428,6.120,5.178,1.496,2.485,2.879,3.716,2.165,1.994,3.142,2.558,2.258,2.581,3.085,3.447,1.850,5.649,0.363,3.799,2.081,3.101,2.390,3.593
VSD0144,security_under_constraint_context,3.703,2.960,1.562,4.061,3.595,6.489,4.035,1.988,3.186,3.166,3.565,1.447,2.094,3.713,2.468,2.327,2.585,3.332,3.828,1.775,5.262,0.496,3.487,1.991,3.376,2.395,3.781
VSD0145,security_under_constraint_context,3.629,4.458,2.927,3.979,3.115,4.272,3.739,2.718,4.056,2.402,3.716,2.671,3.563,3.078,1.000,2.757,3.695,4.043,3.547,2.823,4.005,0.496,1.183,0.839,3.886,3.018,4.606
VSD0146,security_under_constraint_context,3.672,3.366,3.843,4.015,3.387,4.256,3.169,2.427,3.733,2.803,3.761,3.808,2.820,3.177,1.109,3.562,2.706,3.519,3.701,3.135,3.713,0.183,0.578,0.380,3.747,3.342,4.477
VSD0147,security_under_constraint_context,4.257,2.872,3.414,4.061,2.714,4.565,2.988,3.200,3.761,2.993,3.625,2.073,3.141,3.397,1.649,2.771,3.556,3.564,3.388,3.307,3.777,0.177,0.469,0.323,3.693,2.846,4.232
VSD0148,security_under_constraint_context,4.394,4.353,4.012,2.369,2.549,3.970,3.996,3.220,4.739,2.187,3.788,2.999,2.257,3.269,1.060,3.227,3.782,4.374,2.459,3.616,3.983,1.915,0.367,1.141,4.263,2.938,4.807
VSD0149,security_under_constraint_context,3.807,3.921,3.613,3.810,2.200,4.165,2.861,3.534,4.645,2.284,3.754,3.099,3.208,2.101,1.000,3.094,3.324,3.864,3.005,3.573,3.513,0.859,0.060,0.459,4.199,2.876,4.603
VSD0150,security_under_constraint_context,4.205,3.309,2.514,3.881,2.997,3.853,2.842,2.568,3.928,3.128,3.827,2.502,3.645,3.662,1.356,3.610,3.182,3.757,3.439,2.541,3.348,0.318,0.806,0.562,3.878,3.355,4.569
VSD0151,security_under_constraint_context,3.936,3.557,2.796,4.367,3.120,6.150,3.415,1.801,3.208,3.596,3.026,1.080,2.072,2.495,3.434,1.000,2.436,3.747,3.743,2.299,4.782,0.004,2.484,1.244,3.117,1.662,3.451
VSD0152,security_under_constraint_context,3.914,3.288,3.095,4.119,3.726,5.628,4.387,1.523,3.312,3.071,3.371,1.857,1.841,2.170,3.015,1.000,2.101,3.601,3.923,2.309,5.008,0.321,2.698,1.510,3.342,1.717,3.556
VSD0153,security_under_constraint_context,3.454,3.505,2.343,4.057,2.398,5.618,4.510,2.250,3.787,2.732,3.527,1.000,2.347,2.102,2.479,1.230,3.106,3.480,3.227,2.296,5.064,0.252,2.768,1.510,3.657,1.670,3.681
VSD0154,security_under_constraint_context,4.014,3.068,2.248,4.101,3.074,5.095,4.460,2.002,3.388,2.817,2.960,1.481,2.173,2.090,2.406,1.000,2.175,3.541,3.587,2.125,4.778,0.046,2.653,1.349,3.174,1.686,3.557
VSD0155,security_under_constraint_context,3.608,4.013,2.216,4.394,3.578,5.715,3.754,2.136,3.451,3.013,3.360,1.127,2.306,1.910,2.800,1.000,2.493,3.811,3.986,2.176,4.734,0.175,2.558,1.367,3.405,1.586,3.634
VSD0156,security_under_constraint_context,3.742,3.006,1.922,3.986,3.559,5.562,4.282,2.280,3.010,3.720,3.020,1.425,2.003,2.181,2.845,1.000,2.032,3.374,3.772,2.101,4.922,0.398,2.821,1.609,3.015,1.652,3.374
VSD0157,security_under_constraint_context,3.926,3.618,3.370,3.859,2.096,5.090,3.089,3.278,4.733,2.501,4.101,3.552,2.259,2.852,1.000,4.028,2.937,3.772,2.977,3.324,4.089,0.794,0.766,0.780,4.417,3.173,4.744
VSD0158,security_under_constraint_context,4.585,4.440,2.491,3.525,3.015,4.563,3.282,1.738,5.209,1.916,4.295,2.419,2.455,3.459,1.505,3.744,2.974,4.513,3.270,2.115,3.922,1.242,1.808,1.525,4.752,3.019,4.980
VSD0159,security_under_constraint_context,4.387,4.075,2.665,3.827,2.295,5.364,3.690,2.041,5.053,2.628,4.392,3.304,2.694,3.231,1.389,3.911,3.406,4.231,3.061,2.353,4.527,1.170,2.174,1.672,4.722,3.285,4.981
VSD0160,security_under_constraint_context,3.705,4.507,2.215,4.174,2.149,4.905,3.954,2.159,4.910,2.953,4.650,2.499,2.979,3.809,1.675,2.925,3.094,4.106,3.161,2.187,4.430,0.945,2.243,1.594,4.780,3.053,4.840
VSD0161,security_under_constraint_context,3.929,4.025,3.168,4.099,2.993,5.483,3.758,1.305,4.705,2.977,3.935,2.379,3.107,3.503,1.191,3.534,3.168,3.977,3.546,2.237,4.621,0.431,2.384,1.407,4.320,3.131,4.739
VSD0162,security_under_constraint_context,4.815,3.437,2.990,3.491,2.349,5.449,3.480,2.447,4.904,1.824,3.863,3.685,2.647,3.908,1.000,3.731,3.840,4.126,2.920,2.718,4.464,1.205,1.746,1.476,4.383,3.493,4.958
VSD0163,security_under_constraint_context,3.300,2.600,2.220,4.338,4.062,4.689,3.201,2.704,1.765,4.475,1.972,2.808,3.442,2.588,1.221,2.707,2.047,2.950,4.200,2.462,3.945,1.250,1.483,1.367,1.868,2.886,3.494
VSD0164,security_under_constraint_context,2.412,3.419,2.969,4.988,4.640,4.616,3.623,2.948,2.105,4.166,1.755,2.921,2.716,2.208,2.485,1.349,2.466,2.916,4.814,2.958,4.119,1.898,1.161,1.530,1.930,2.299,3.127
VSD0165,security_under_constraint_context,3.951,3.232,2.011,5.073,4.009,5.508,4.920,1.779,2.165,4.349,2.973,1.834,2.536,2.685,2.065,1.998,2.433,3.591,4.541,1.895,5.214,0.950,3.319,2.135,2.569,2.263,3.613
VSD0166,security_under_constraint_context,2.799,2.675,2.722,4.215,3.566,4.562,3.548,2.203,2.422,3.622,2.385,1.966,2.896,1.814,1.798,2.128,1.925,2.737,3.891,2.463,4.055,1.154,1.592,1.373,2.403,2.201,3.290
VSD0167,security_under_constraint_context,3.419,2.851,2.693,4.770,3.543,5.036,3.490,2.257,2.593,4.477,2.958,2.279,2.279,3.054,1.838,1.951,2.504,3.135,4.156,2.475,4.263,1.021,1.788,1.405,2.776,2.391,3.605
VSD0168,security_under_constraint_context,3.063,2.660,2.587,5.469,3.176,5.252,3.144,2.319,1.967,3.248,2.445,1.829,3.245,2.047,2.102,2.276,2.269,2.862,4.322,2.453,4.198,1.461,1.745,1.603,2.206,2.349,3.272
VSD0169,tradition_and_belonging_context,5.856,5.382,2.741,3.404,1.456,3.341,5.303,2.672,4.339,2.368,5.220,2.553,2.818,4.329,1.638,3.102,3.993,5.619,2.430,2.707,4.322,3.189,1.615,2.402,4.779,3.200,5.399
VSD0170,tradition_and_belonging_context,5.940,5.733,3.305,3.021,2.549,3.236,4.647,3.506,6.064,2.456,5.083,3.671,3.000,3.539,1.000,3.558,3.960,5.837,2.785,3.405,3.942,3.051,0.536,1.794,5.574,3.442,5.908
VSD0171,tradition_and_belonging_context,6.076,5.264,2.899,2.897,2.373,3.618,4.661,2.885,5.385,2.019,4.485,2.901,2.708,4.893,1.395,3.649,3.866,5.670,2.635,2.892,4.140,3.035,1.247,2.141,4.935,3.538,5.615
VSD0172,tradition_and_belonging_context,5.924,5.925,3.314,3.668,1.634,2.873,4.576,3.043,5.488,1.463,4.784,3.510,2.921,3.550,1.000,2.872,3.352,5.925,2.651,3.178,3.725,3.273,0.546,1.910,5.136,3.213,5.715
VSD0173,tradition_and_belonging_context,5.749,5.874,3.171,3.574,2.583,3.281,5.173,3.117,4.877,2.595,5.877,3.214,3.432,4.872,1.000,3.450,4.005,5.811,3.079,3.144,4.227,2.733,1.084,1.908,5.377,3.742,5.934
VSD0174,tradition_and_belonging_context,5.194,6.271,3.698,3.013,1.608,3.638,4.867,2.206,4.977,1.344,5.129,3.198,2.019,4.172,1.000,3.326,3.778,5.733,2.311,2.952,4.253,3.422,1.301,2.361,5.053,3.179,5.612
VSD0175,tradition_and_belonging_context,5.343,3.657,2.425,3.435,3.282,3.283,4.479,3.001,3.185,3.438,2.968,1.701,2.877,2.988,1.601,2.282,2.418,4.500,3.358,2.713,3.881,1.141,1.168,1.155,3.077,2.462,4.217
VSD0176,tradition_and_belonging_context,4.294,4.176,3.344,3.989,3.186,3.479,4.608,3.694,2.411,3.836,3.414,2.923,3.013,3.257,1.902,3.079,2.670,4.235,3.588,3.519,4.044,0.647,0.525,0.586,2.912,3.068,4.234
VSD0177,tradition_and_belonging_context,4.250,3.750,3.102,4.338,3.074,3.323,4.205,2.440,3.369,3.788,2.893,1.963,3.369,3.204,1.659,2.079,2.885,4.000,3.706,2.771,3.764,0.294,0.993,0.643,3.131,2.654,4.125
VSD0178,tradition_and_belonging_context,4.259,4.564,3.473,3.800,3.917,3.332,4.690,2.987,3.785,4.185,3.031,3.120,2.478,3.051,2.411,2.827,3.316,4.411,3.858,3.230,4.011,0.553,0.781,0.667,3.408,2.869,4.318
VSD0179,tradition_and_belonging_context,4.734,4.188,2.913,3.384,3.576,3.321,4.760,2.328,3.087,3.470,2.457,2.441,3.395,3.055,2.002,2.324,2.681,4.461,3.480,2.620,4.040,0.981,1.420,1.201,2.772,2.804,4.160
VSD0180,tradition_and_belonging_context,3.997,4.508,2.833,4.702,3.712,3.222,4.707,2.529,2.623,4.093,2.878,1.868,3.459,2.743,1.944,2.222,2.408,4.252,4.207,2.681,3.965,0.046,1.284,0.665,2.751,2.573,4.014
VSD0181,tradition_and_belonging_context,5.106,4.584,2.461,3.090,3.082,4.762,6.231,2.013,4.001,3.382,3.865,1.516,2.483,3.577,2.174,2.547,2.651,4.845,3.086,2.237,5.496,1.759,3.259,2.509,3.933,2.531,4.559
VSD0182,tradition_and_belonging_context,4.710,4.911,2.282,3.194,2.627,4.417,5.310,2.227,4.165,2.137,4.480,2.390,2.679,3.727,1.945,2.584,2.879,4.811,2.910,2.255,4.863,1.901,2.609,2.255,4.322,2.845,4.815
VSD0183,tradition_and_belonging_context,5.049,4.173,2.286,3.210,2.456,5.302,6.062,1.460,3.942,3.008,4.335,1.841,2.705,3.785,1.694,2.901,3.011,4.611,2.833,1.873,5.682,1.778,3.809,2.794,4.139,2.808,4.711
VSD0184,tradition_and_belonging_context,4.816,4.839,2.876,3.257,3.015,4.283,6.236,1.694,3.844,3.227,4.885,1.969,2.134,3.920,2.045,2.417,3.184,4.827,3.136,2.285,5.260,1.691,2.975,2.333,4.364,2.610,4.742
VSD0185,tradition_and_belonging_context,5.074,4.339,2.086,3.648,2.707,3.963,5.879,1.978,3.742,2.981,5.011,2.191,2.639,3.747,2.204,2.815,2.774,4.706,3.178,2.032,4.921,1.529,2.889,2.209,4.377,2.848,4.762
VSD0186,tradition_and_belonging_context,5.043,4.977,1.317,3.011,1.629,4.365,5.823,1.779,4.270,2.414,4.397,1.166,2.212,3.967,3.055,2.453,2.899,5.010,2.320,1.548,5.094,2.690,3.546,3.118,4.333,2.449,4.595
VSD0187,tradition_and_belonging_context,4.880,5.243,3.565,3.682,1.155,2.306,4.079,3.407,5.810,2.657,4.247,3.312,3.184,3.363,1.597,3.150,2.974,5.061,2.418,3.486,3.193,2.643,0.293,1.468,5.028,3.252,5.319
VSD0188,tradition_and_belonging_context,5.118,4.111,3.568,3.422,2.200,2.434,4.140,3.133,4.375,2.742,3.460,3.408,3.044,3.497,1.096,4.386,3.250,4.614,2.811,3.350,3.287,1.803,0.064,0.933,3.918,3.584,4.982
VSD0189,tradition_and_belonging_context,5.011,5.116,4.366,3.815,1.119,2.955,4.401,3.877,4.986,2.796,3.976,3.522,3.317,3.605,1.848,3.047,3.865,5.064,2.467,4.121,3.678,2.597,0.444,1.520,4.481,3.373,5.142
VSD0190,tradition_and_belonging_context,5.123,5.091,2.991,3.730,2.513,2.637,4.483,3.158,4.026,2.444,3.635,3.408,2.711,3.356,1.805,3.253,3.532,5.107,3.122,3.074,3.560,1.985,0.486,1.236,3.831,3.182,4.882
VSD0191,tradition_and_belonging_context,4.586,5.068,4.034,3.438,1.923,3.028,4.213,3.682,3.942,2.536,3.752,2.916,3.396,3.392,1.250,3.609,2.965,4.827,2.681,3.858,3.620,2.146,0.237,1.192,3.847,3.328,4.922
VSD0192,tradition_and_belonging_context,4.756,4.859,3.746,3.941,1.648,2.369,4.153,3.937,4.813,2.120,3.656,3.152,3.113,3.262,1.330,2.886,3.513,4.808,2.795,3.841,3.261,2.013,0.580,1.296,4.235,3.103,4.959
VSD0193,tradition_and_belonging_context,5.595,4.374,2.788,3.497,3.108,3.870,5.715,2.087,3.524,3.294,3.781,1.074,2.068,2.914,3.242,1.000,2.364,4.985,3.302,2.437,4.793,1.682,2.355,2.019,3.653,1.764,4.104
VSD0194,tradition_and_belonging_context,4.721,4.519,2.644,3.680,2.727,4.184,5.741,1.601,4.282,3.337,3.392,1.122,1.752,2.897,3.432,1.000,1.621,4.620,3.203,2.123,4.963,1.417,2.840,2.129,3.837,1.693,3.993
VSD0195,tradition_and_belonging_context,5.133,5.021,2.954,3.254,2.542,4.104,5.149,2.404,4.176,2.784,4.233,1.637,2.258,2.551,2.867,1.000,1.952,5.077,2.898,2.679,4.626,2.179,1.947,2.063,4.205,1.861,4.405
VSD0196,tradition_and_belonging_context,4.656,4.014,3.111,3.608,3.661,3.795,4.903,2.428,4.316,2.877,3.904,1.353,1.671,2.653,2.847,1.059,1.968,4.335,3.635,2.769,4.349,0.700,1.580,1.140,4.110,1.684,4.070
VSD0197,tradition_and_belonging_context,5.852,5.686,3.317,3.520,2.348,3.105,5.569,3.265,4.521,3.084,4.397,1.434,2.525,3.132,1.922,1.113,2.829,5.769,2.934,3.291,4.337,2.835,1.046,1.941,4.459,2.051,4.918
VSD0198,tradition_and_belonging_context,5.262,4.584,2.717,4.331,3.319,3.981,5.369,2.393,3.892,3.540,3.763,1.411,2.680,2.455,3.069,1.000,2.008,4.923,3.825,2.555,4.675,1.098,2.121,1.609,3.828,1.887,4.207
VSD0199,tradition_and_belonging_context,5.329,5.076,2.883,3.705,1.698,3.136,4.878,3.299,5.570,2.084,5.179,3.215,2.535,4.104,1.448,3.660,3.623,5.202,2.702,3.091,4.007,2.500,0.917,1.709,5.374,3.378,5.545
VSD0200,tradition_and_belonging_context,5.898,5.237,3.796,3.678,1.467,3.631,4.657,3.338,5.571,2.084,5.287,3.545,2.930,4.395,2.174,3.504,3.459,5.567,2.572,3.567,4.144,2.995,0.577,1.786,5.429,3.593,5.653
VSD0201,tradition_and_belonging_context,5.624,5.120,3.692,2.609,1.990,3.444,4.806,2.309,5.037,2.328,5.010,2.841,2.724,3.901,2.047,2.755,3.433,5.372,2.299,3.001,4.125,3.073,1.125,2.099,5.024,3.055,5.291
VSD0202,tradition_and_belonging_context,5.650,4.874,3.112,3.482,1.956,3.333,4.876,3.086,5.621,2.236,4.434,2.546,2.836,3.686,1.421,2.972,3.425,5.262,2.719,3.099,4.105,2.543,1.006,1.775,5.027,3.010,5.330
VSD0203,tradition_and_belonging_context,5.923,4.675,3.260,2.650,2.514,3.264,4.967,3.270,5.025,1.830,5.804,2.872,2.374,4.327,1.374,3.484,3.501,5.299,2.582,3.265,4.116,2.717,0.851,1.784,5.414,3.264,5.563
VSD0204,tradition_and_belonging_context,5.956,5.403,3.210,3.402,2.369,3.889,5.482,3.615,4.784,1.641,4.520,2.653,3.014,3.958,1.000,2.978,3.263,5.679,2.886,3.412,4.686,2.794,1.273,2.033,4.652,3.151,5.451
VSD0205,tradition_and_belonging_context,4.655,3.435,3.230,5.167,3.121,3.399,4.513,3.394,2.981,3.882,2.580,2.256,2.962,2.442,1.795,1.784,2.115,4.045,4.144,3.312,3.956,0.099,0.644,0.372,2.781,2.361,3.906
VSD0206,tradition_and_belonging_context,5.350,4.507,2.902,3.998,3.698,3.823,5.004,2.375,3.097,4.013,3.114,1.830,3.025,3.039,1.765,1.814,2.083,4.929,3.848,2.639,4.414,1.081,1.775,1.428,3.106,2.427,4.335
VSD0207,tradition_and_belonging_context,4.493,4.505,3.279,4.515,2.518,2.653,4.649,3.120,2.601,3.947,2.888,2.536,2.791,3.676,1.860,2.603,3.126,4.499,3.517,3.200,3.651,0.983,0.451,0.717,2.744,2.902,4.216
VSD0208,tradition_and_belonging_context,4.426,3.844,3.226,4.004,3.369,3.199,4.183,2.875,2.821,4.816,3.074,2.530,2.358,2.706,1.000,2.369,2.342,4.135,3.686,3.050,3.691,0.449,0.641,0.545,2.948,2.491,4.148
VSD0209,tradition_and_belonging_context,4.796,4.499,2.099,4.507,3.291,3.728,4.678,2.558,2.445,4.458,3.116,2.540,2.415,3.376,2.225,2.163,3.045,4.647,3.899,2.329,4.203,0.749,1.874,1.311,2.781,2.623,4.133
VSD0210,tradition_and_belonging_context,3.936,3.663,3.497,4.738,3.459,3.803,4.672,3.023,2.910,4.011,3.578,2.873,3.060,2.971,2.207,2.461,2.703,3.799,4.099,3.260,4.237,0.299,0.977,0.638,3.244,2.841,4.080
VSD0211,transition_and_reorientation_context,5.777,5.351,4.310,3.961,3.144,3.755,3.755,3.418,5.403,2.122,5.503,2.833,3.521,3.875,1.000,3.082,3.580,5.564,3.552,3.864,3.755,2.011,0.109,1.060,5.453,3.328,5.739
VSD0212,transition_and_reorientation_context,4.997,4.636,4.259,4.088,2.986,2.911,4.003,3.366,4.907,2.503,4.684,2.849,2.926,3.219,1.000,3.785,3.421,4.816,3.537,3.813,3.457,1.280,0.356,0.818,4.796,3.195,5.226
VSD0213,transition_and_reorientation_context,5.431,5.749,3.966,3.660,2.364,3.449,3.465,3.477,5.690,1.865,4.683,3.706,3.146,3.350,1.000,3.345,3.136,5.590,3.012,3.721,3.457,2.578,0.264,1.421,5.187,3.387,5.678
VSD0214,transition_and_reorientation_context,5.078,5.387,4.546,3.575,2.958,2.950,3.900,3.715,4.869,2.438,5.142,3.608,3.720,3.266,1.441,3.988,3.471,5.232,3.266,4.130,3.425,1.966,0.705,1.336,5.006,3.646,5.522
VSD0215,transition_and_reorientation_context,5.423,5.222,3.639,4.400,3.134,3.133,4.109,3.762,4.949,2.835,5.188,3.638,3.712,4.018,1.014,3.974,3.347,5.322,3.767,3.700,3.621,1.555,0.079,0.817,5.069,3.836,5.698
VSD0216,transition_and_reorientation_context,5.321,5.460,4.508,3.783,2.989,3.076,3.942,3.722,4.644,2.135,5.311,4.005,2.729,3.679,1.000,4.078,3.346,5.390,3.386,4.115,3.509,2.004,0.606,1.305,4.977,3.623,5.621
VSD0217,transition_and_reorientation_context,3.560,3.697,3.756,4.396,4.553,3.591,3.419,3.413,3.390,4.176,2.858,2.043,2.548,2.399,1.985,1.986,2.299,3.629,4.475,3.585,3.505,0.846,0.079,0.463,3.124,2.244,3.815
VSD0218,transition_and_reorientation_context,4.548,3.648,4.349,4.514,4.835,3.032,3.360,4.075,3.009,4.040,3.540,2.989,3.281,2.823,2.380,2.469,2.527,4.098,4.674,4.212,3.196,0.576,1.016,0.796,3.275,2.891,4.181
VSD0219,transition_and_reorientation_context,4.161,4.425,3.548,5.169,3.498,3.561,3.933,4.185,3.829,4.239,2.838,2.410,3.729,3.104,1.914,2.582,3.157,4.293,4.334,3.866,3.747,0.040,0.119,0.080,3.333,2.956,4.354
VSD0220,transition_and_reorientation_context,3.661,4.006,4.397,5.014,3.970,3.568,3.369,3.453,3.314,3.690,3.010,3.698,3.965,2.406,2.104,2.816,2.180,3.833,4.492,3.925,3.469,0.659,0.456,0.557,3.162,3.221,4.205
VSD0221,transition_and_reorientation_context,3.995,4.349,3.802,4.505,4.609,4.195,4.349,3.192,2.953,4.334,2.828,2.843,3.349,2.749,1.176,2.804,3.084,4.172,4.557,3.497,4.272,0.385,0.775,0.580,2.891,2.936,4.265
VSD0222,transition_and_reorientation_context,3.372,4.279,4.314,5.709,3.889,4.265,4.006,3.861,3.753,4.283,2.348,3.319,3.110,2.970,1.721,2.322,2.536,3.825,4.799,4.087,4.136,0.974,0.049,0.511,3.051,2.930,4.123
VSD0223,transition_and_reorientation_context,4.101,4.066,3.910,4.102,3.502,4.132,4.758,3.151,3.983,2.955,3.861,2.674,2.347,3.320,1.242,3.018,2.957,4.084,3.802,3.531,4.445,0.281,0.915,0.598,3.922,2.840,4.538
VSD0224,transition_and_reorientation_context,4.207,4.509,3.379,4.431,2.961,4.364,4.783,3.180,3.896,2.874,3.851,1.910,3.043,3.723,1.340,3.043,3.260,4.358,3.696,3.279,4.574,0.662,1.294,0.978,3.874,2.930,4.629
VSD0225,transition_and_reorientation_context,4.462,4.681,3.656,3.409,2.902,4.699,4.526,3.577,3.807,2.399,3.718,1.646,2.986,3.730,1.799,2.673,3.070,4.571,3.156,3.617,4.613,1.416,0.996,1.206,3.763,2.759,4.541
VSD0226,transition_and_reorientation_context,3.840,3.821,3.618,3.991,2.971,4.422,5.070,3.010,3.326,2.527,3.655,2.219,2.991,3.201,1.295,2.830,3.187,3.830,3.481,3.314,4.746,0.349,1.432,0.891,3.490,2.810,4.292
VSD0227,transition_and_reorientation_context,3.982,3.574,2.621,4.189,3.789,3.973,4.836,2.841,3.735,2.513,3.355,1.903,2.899,2.750,1.620,2.686,2.758,3.778,3.989,2.731,4.404,0.211,1.673,0.942,3.545,2.560,4.163
VSD0228,transition_and_reorientation_context,4.230,4.316,3.591,4.235,4.007,5.109,5.106,3.359,3.673,2.699,4.355,2.083,2.811,2.495,1.416,2.896,3.410,4.273,4.121,3.475,5.108,0.152,1.632,0.892,4.014,2.571,4.517
VSD0229,transition_and_reorientation_context,4.339,4.785,5.156,4.588,2.898,2.430,2.875,4.504,4.948,2.630,4.285,2.916,3.866,2.694,1.239,3.887,2.542,4.562,3.743,4.830,2.653,0.819,2.177,1.498,4.617,3.341,5.096
VSD0230,transition_and_reorientation_context,5.408,4.268,5.399,3.965,2.876,3.318,3.315,4.249,4.490,2.319,3.904,4.092,2.734,3.544,1.443,3.694,3.970,4.838,3.421,4.824,3.316,1.417,1.508,1.463,4.197,3.516,5.078
VSD0231,transition_and_reorientation_context,4.764,4.640,5.183,4.950,2.470,2.901,3.190,4.729,5.198,2.016,3.980,4.136,3.319,3.588,1.781,3.131,3.295,4.702,3.710,4.956,3.046,0.992,1.910,1.451,4.589,3.543,5.124
VSD0232,transition_and_reorientation_context,4.397,4.760,5.230,4.086,2.675,2.464,3.718,5.239,5.534,2.434,3.618,3.869,2.902,3.599,1.475,3.061,3.328,4.578,3.381,5.234,3.091,1.197,2.144,1.671,4.576,3.358,5.060
VSD0233,transition_and_reorientation_context,3.864,4.326,5.213,5.274,2.814,2.871,3.107,5.049,4.423,2.713,3.760,4.076,3.355,2.909,1.034,3.681,3.814,4.095,4.044,5.131,2.989,0.051,2.142,1.097,4.091,3.505,4.850
VSD0234,transition_and_reorientation_context,4.345,4.619,5.068,4.710,3.057,2.461,2.954,5.364,4.975,2.783,3.627,4.209,4.228,3.780,1.000,4.568,3.555,4.482,3.884,5.216,2.708,0.598,2.508,1.553,4.301,4.197,5.284
VSD0235,transition_and_reorientation_context,4.443,4.016,4.330,4.836,3.339,4.835,4.510,3.598,4.223,3.811,3.935,2.192,2.753,2.165,1.966,1.000,2.470,4.229,4.087,3.964,4.673,0.142,0.709,0.426,4.079,2.028,4.265
VSD0236,transition_and_reorientation_context,4.930,4.627,3.809,5.099,3.050,4.549,4.902,3.496,4.152,3.895,3.291,2.411,2.055,2.525,2.673,1.000,2.583,4.779,4.075,3.652,4.725,0.704,1.073,0.888,3.721,1.998,4.217
VSD0237,transition_and_reorientation_context,5.029,4.618,3.160,4.817,3.501,4.501,4.903,3.826,3.857,3.131,4.214,1.212,1.758,2.326,2.681,1.000,2.292,4.824,4.159,3.493,4.702,0.665,1.209,0.937,4.035,1.574,4.195
VSD0238,transition_and_reorientation_context,4.071,4.254,4.171,4.340,3.236,4.328,4.904,4.234,3.989,3.417,4.089,2.297,2.384,2.537,2.527,1.701,2.574,4.162,3.788,4.202,4.616,0.374,0.414,0.394,4.039,2.230,4.216
VSD0239,transition_and_reorientation_context,4.397,4.598,4.297,4.464,4.182,4.108,5.392,4.341,3.879,4.126,3.964,1.991,1.840,1.750,2.653,1.000,2.674,4.498,4.323,4.319,4.750,0.175,0.431,0.303,3.922,1.645,4.076
VSD0240,transition_and_reorientation_context,4.204,4.056,3.951,3.763,4.020,4.425,4.695,3.461,3.135,3.202,3.569,1.744,1.959,2.602,2.065,1.143,2.711,4.130,3.892,3.706,4.560,0.238,0.854,0.546,3.352,1.862,3.920
VSD0241,transition_and_reorientation_context,4.743,4.150,4.468,4.406,2.154,3.783,4.115,3.322,5.343,2.667,3.778,2.920,2.859,3.459,1.276,2.985,3.254,4.446,3.280,3.895,3.949,1.166,0.054,0.610,4.560,3.056,4.938
VSD0242,transition_and_reorientation_context,4.548,4.934,4.382,3.361,2.740,3.856,4.137,3.628,5.188,2.402,4.914,2.934,2.934,3.234,1.207,3.328,3.505,4.741,3.050,4.005,3.997,1.691,0.008,0.849,5.051,3.108,5.228
VSD0243,transition_and_reorientation_context,5.006,5.419,4.498,3.688,2.786,3.807,3.932,3.857,5.430,2.265,4.752,3.754,3.226,3.374,1.395,3.936,2.869,5.213,3.237,4.177,3.869,1.976,0.308,1.142,5.091,3.572,5.526
VSD0244,transition_and_reorientation_context,4.261,4.120,3.841,4.175,2.840,3.486,3.864,4.076,4.765,2.542,4.536,3.467,3.435,3.158,1.000,3.733,3.863,4.190,3.507,3.959,3.675,0.683,0.284,0.483,4.651,3.448,5.054
VSD0245,transition_and_reorientation_context,4.841,4.948,4.472,4.043,3.064,3.984,3.536,4.283,4.982,2.027,4.439,3.524,3.280,3.810,1.418,3.268,3.970,4.895,3.554,4.377,3.760,1.341,0.618,0.979,4.710,3.470,5.256
VSD0246,transition_and_reorientation_context,4.855,5.686,4.212,4.291,1.860,4.487,3.970,3.848,5.281,3.314,4.849,3.270,2.854,4.117,1.262,3.393,3.345,5.270,3.076,4.030,4.229,2.195,0.199,1.197,5.065,3.408,5.501
VSD0247,transition_and_reorientation_context,3.750,3.891,3.831,4.812,4.201,3.639,3.484,4.378,2.749,4.363,2.533,2.923,2.716,2.378,1.379,2.230,2.645,3.821,4.506,4.105,3.561,0.685,0.543,0.614,2.641,2.562,3.911
VSD0248,transition_and_reorientation_context,3.525,2.831,4.313,5.374,4.067,4.012,4.229,3.440,2.945,4.327,2.975,2.513,2.969,2.080,1.736,1.856,2.667,3.178,4.721,3.877,4.120,1.543,0.244,0.893,2.960,2.355,3.683
VSD0249,transition_and_reorientation_context,4.650,4.586,4.029,5.184,3.366,3.623,3.451,4.746,2.651,4.486,3.205,3.293,3.293,2.259,2.182,2.203,2.991,4.618,4.275,4.388,3.537,0.343,0.851,0.597,2.928,2.762,4.224
VSD0250,transition_and_reorientation_context,3.859,4.361,4.332,4.478,4.295,3.537,3.538,4.141,2.633,4.678,2.643,2.622,2.814,2.655,1.903,2.193,2.573,4.110,4.386,4.237,3.538,0.277,0.699,0.488,2.638,2.571,3.934
VSD0251,transition_and_reorientation_context,4.200,4.178,3.859,4.725,4.116,3.696,3.821,3.238,2.030,4.365,2.783,2.672,2.363,3.063,1.935,2.092,2.383,4.189,4.420,3.549,3.758,0.231,0.210,0.221,2.407,2.547,3.871
VSD0252,transition_and_reorientation_context,3.945,3.264,4.066,5.103,2.566,3.410,4.402,4.043,3.131,4.178,3.119,2.987,3.540,2.824,1.995,1.685,2.269,3.605,3.834,4.054,3.906,0.230,0.148,0.189,3.125,2.759,3.978
