person_id,self_system_context,self_warmth,self_conscientiousness,self_emotional_stability,self_openness,other_warmth,other_conscientiousness,other_emotional_stability,other_openness,actual_self,ideal_self,ought_self,self_esteem,social_recognition,external_devaluation,well_being,warmth_gap,conscientiousness_gap,emotional_stability_gap,openness_gap,self_other_gap_mean,self_knowledge_accuracy,actual_ideal_discrepancy,actual_ought_discrepancy,total_self_discrepancy,self_concept_positivity
SCS0001,recognized_secure_self_context,6.053,6.315,6.121,5.805,5.563,6.325,5.495,6.093,6.544,7.000,7.000,4.552,5.129,1.100,2.939,0.490,0.011,0.627,0.288,0.354,0.941,0.456,0.456,0.456,6.074
SCS0002,recognized_secure_self_context,6.183,5.961,6.270,6.384,5.677,5.798,5.675,6.415,5.990,6.514,6.178,5.027,5.128,1.479,3.303,0.506,0.163,0.594,0.031,0.323,0.946,0.524,0.188,0.356,6.199
SCS0003,recognized_secure_self_context,5.481,6.222,5.622,7.000,4.820,6.272,5.208,6.718,5.756,6.503,6.147,4.472,5.215,1.690,2.534,0.661,0.050,0.413,0.282,0.352,0.941,0.747,0.391,0.569,6.081
SCS0004,recognized_secure_self_context,5.590,6.408,5.807,5.532,5.977,6.098,5.542,5.046,5.559,6.007,6.049,4.251,4.897,1.508,3.280,0.387,0.311,0.266,0.486,0.362,0.940,0.449,0.490,0.469,5.834
SCS0005,recognized_secure_self_context,6.360,5.918,5.449,4.912,6.459,5.948,6.108,5.101,5.885,6.529,6.055,3.657,5.545,1.757,2.562,0.099,0.029,0.658,0.189,0.244,0.959,0.644,0.169,0.406,5.660
SCS0006,recognized_secure_self_context,5.899,5.691,6.302,6.112,5.034,5.428,6.134,5.890,6.421,7.000,6.746,4.053,5.033,1.000,3.128,0.865,0.263,0.168,0.222,0.380,0.937,0.579,0.325,0.452,6.001
SCS0007,recognized_secure_self_context,7.000,6.415,6.190,5.778,5.938,5.619,5.431,5.501,6.050,6.749,7.000,4.193,5.195,1.326,2.989,1.062,0.795,0.759,0.277,0.723,0.879,0.699,0.950,0.824,6.346
SCS0008,recognized_secure_self_context,6.922,6.148,6.323,6.288,5.912,5.345,4.606,5.037,6.385,7.000,6.714,5.294,5.620,1.000,3.710,1.011,0.803,1.717,1.251,1.195,0.801,0.615,0.329,0.472,6.420
SCS0009,recognized_secure_self_context,6.347,5.608,5.594,6.605,5.419,4.643,4.134,5.819,6.242,7.000,7.000,4.911,4.785,1.146,3.369,0.928,0.965,1.460,0.786,1.035,0.828,0.758,0.758,0.758,6.039
SCS0010,recognized_secure_self_context,6.585,6.282,6.828,6.253,5.440,5.147,6.341,5.369,6.831,7.000,7.000,4.722,4.613,1.000,3.076,1.145,1.135,0.487,0.884,0.913,0.848,0.169,0.169,0.169,6.487
SCS0011,recognized_secure_self_context,5.971,6.070,5.970,5.912,4.512,4.980,4.675,4.863,6.113,7.000,7.000,4.462,4.752,1.751,3.845,1.459,1.090,1.295,1.049,1.223,0.796,0.887,0.887,0.887,5.981
SCS0012,recognized_secure_self_context,6.537,6.342,6.764,5.942,4.837,4.848,6.279,4.336,6.182,7.000,7.000,4.881,5.395,1.000,2.718,1.700,1.493,0.485,1.606,1.321,0.780,0.818,0.818,0.818,6.396
SCS0013,recognized_secure_self_context,4.491,4.811,4.159,4.489,4.522,4.850,4.022,4.753,4.518,6.314,6.152,2.800,5.356,1.814,2.398,0.031,0.039,0.137,0.264,0.118,0.980,1.796,1.633,1.715,4.487
SCS0014,recognized_secure_self_context,4.029,4.400,4.573,4.671,4.092,4.185,4.402,4.532,3.819,5.810,5.721,3.660,5.660,1.025,2.381,0.063,0.215,0.171,0.139,0.147,0.976,1.992,1.902,1.947,4.418
SCS0015,recognized_secure_self_context,4.813,5.090,4.826,5.099,5.520,4.574,4.285,5.308,5.650,7.000,7.000,2.715,5.478,1.197,2.227,0.707,0.515,0.541,0.209,0.493,0.918,1.350,1.350,1.350,4.957
SCS0016,recognized_secure_self_context,4.348,4.126,4.269,3.545,3.957,3.616,4.142,3.856,4.018,5.981,5.763,2.896,4.923,1.000,2.640,0.391,0.510,0.127,0.311,0.335,0.944,1.964,1.745,1.855,4.072
SCS0017,recognized_secure_self_context,3.970,4.511,3.722,4.193,3.512,4.541,3.298,4.778,3.940,6.811,5.616,2.955,4.515,1.326,2.357,0.458,0.029,0.424,0.585,0.374,0.938,2.871,1.676,2.274,4.099
SCS0018,recognized_secure_self_context,4.186,4.306,4.255,4.277,4.018,4.171,4.386,3.290,4.290,6.018,5.863,2.201,4.392,1.430,1.631,0.168,0.135,0.131,0.987,0.355,0.941,1.729,1.573,1.651,4.256
SCS0019,recognized_secure_self_context,5.774,5.253,5.162,5.631,4.925,5.494,5.115,5.243,5.224,7.000,6.689,3.985,5.064,1.116,2.337,0.849,0.241,0.047,0.388,0.381,0.936,1.776,1.465,1.621,5.455
SCS0020,recognized_secure_self_context,5.376,5.238,4.963,5.962,5.077,4.728,4.765,5.796,5.867,7.000,7.000,3.763,4.698,1.172,2.660,0.299,0.510,0.198,0.166,0.293,0.951,1.133,1.133,1.133,5.385
SCS0021,recognized_secure_self_context,5.347,5.542,4.407,4.972,4.389,5.620,4.260,4.590,4.764,7.000,6.931,3.101,4.195,1.188,2.501,0.957,0.079,0.147,0.382,0.391,0.935,2.236,2.167,2.201,5.067
SCS0022,recognized_secure_self_context,6.584,5.238,4.883,5.391,5.585,4.717,4.356,5.482,5.244,6.892,7.000,3.321,5.053,1.438,2.401,0.999,0.521,0.527,0.090,0.534,0.911,1.648,1.756,1.702,5.524
SCS0023,recognized_secure_self_context,5.349,5.444,5.434,5.179,5.374,5.294,5.219,4.662,5.177,7.000,6.688,3.648,5.174,1.111,2.545,0.026,0.150,0.214,0.517,0.227,0.962,1.823,1.510,1.666,5.351
SCS0024,recognized_secure_self_context,4.810,4.752,5.641,5.160,4.868,4.898,5.328,5.311,4.983,7.000,6.276,3.559,4.790,1.376,3.088,0.057,0.146,0.313,0.151,0.167,0.972,2.017,1.293,1.655,5.091
SCS0025,recognized_secure_self_context,6.237,5.453,5.143,6.316,5.371,4.774,4.344,5.776,5.412,7.000,5.856,4.289,4.733,1.153,3.235,0.866,0.679,0.798,0.539,0.721,0.880,1.588,0.443,1.016,5.787
SCS0026,recognized_secure_self_context,5.447,6.051,5.328,5.892,5.368,5.456,4.679,4.688,5.992,7.000,7.000,4.273,5.224,1.191,2.988,0.078,0.594,0.650,1.204,0.632,0.895,1.008,1.008,1.008,5.679
SCS0027,recognized_secure_self_context,6.243,6.384,5.470,5.639,5.199,5.572,4.899,4.683,5.904,7.000,6.846,4.097,5.635,1.320,2.272,1.044,0.812,0.571,0.955,0.846,0.859,1.096,0.942,1.019,5.934
SCS0028,recognized_secure_self_context,6.424,5.545,5.523,6.658,5.812,4.750,4.812,6.476,5.939,7.000,7.000,4.361,5.290,1.000,3.838,0.612,0.795,0.711,0.182,0.575,0.904,1.061,1.061,1.061,6.038
SCS0029,recognized_secure_self_context,5.953,5.497,5.091,5.915,4.695,5.441,4.853,5.066,5.257,7.000,6.264,2.728,4.879,1.005,2.805,1.258,0.056,0.238,0.848,0.600,0.900,1.743,1.007,1.375,5.614
SCS0030,recognized_secure_self_context,6.769,6.139,5.400,6.510,6.391,4.913,5.073,5.468,6.360,7.000,7.000,3.645,4.731,2.128,2.104,0.378,1.226,0.327,1.041,0.743,0.876,0.640,0.640,0.640,6.204
SCS0031,recognized_secure_self_context,4.739,4.733,4.992,5.929,5.278,4.959,5.407,6.091,4.774,5.986,5.698,3.376,5.277,1.000,2.716,0.539,0.226,0.415,0.162,0.335,0.944,1.212,0.924,1.068,5.098
SCS0032,recognized_secure_self_context,5.148,5.872,4.532,6.046,5.523,6.078,4.337,5.734,5.562,7.000,7.000,3.548,5.208,1.425,2.588,0.375,0.206,0.195,0.312,0.272,0.955,1.438,1.438,1.438,5.400
SCS0033,recognized_secure_self_context,4.578,5.034,5.212,5.879,5.052,5.141,5.745,6.748,5.492,7.000,6.935,2.966,4.443,1.354,2.083,0.474,0.107,0.533,0.869,0.496,0.917,1.508,1.443,1.476,5.176
SCS0034,recognized_secure_self_context,4.903,5.356,4.505,5.172,5.729,6.100,4.704,4.471,5.215,6.334,6.062,3.567,5.615,1.000,2.733,0.826,0.744,0.199,0.700,0.617,0.897,1.119,0.847,0.983,4.984
SCS0035,recognized_secure_self_context,5.239,6.144,4.611,5.870,6.248,6.971,4.935,6.485,5.256,7.000,6.127,3.809,5.042,1.420,3.033,1.009,0.827,0.324,0.616,0.694,0.884,1.744,0.872,1.308,5.466
SCS0036,recognized_secure_self_context,4.450,5.495,5.292,5.593,4.508,5.718,5.997,5.802,5.034,6.523,6.483,3.557,5.014,1.000,2.711,0.058,0.224,0.705,0.209,0.299,0.950,1.489,1.449,1.469,5.208
SCS0037,recognized_secure_self_context,6.388,5.612,5.564,5.714,6.522,5.226,5.512,5.874,5.783,7.000,7.000,4.193,5.510,1.000,3.024,0.135,0.386,0.052,0.161,0.183,0.969,1.217,1.217,1.217,5.819
SCS0038,recognized_secure_self_context,5.365,5.622,5.909,4.481,5.028,5.596,5.607,4.211,5.228,6.220,6.087,3.798,5.245,1.132,3.057,0.337,0.026,0.302,0.270,0.234,0.961,0.992,0.859,0.926,5.344
SCS0039,recognized_secure_self_context,6.257,5.095,5.193,5.520,6.118,4.290,5.039,5.532,5.472,7.000,6.905,3.531,5.338,1.858,2.732,0.139,0.805,0.153,0.012,0.277,0.954,1.528,1.433,1.481,5.516
SCS0040,recognized_secure_self_context,6.014,6.121,5.641,6.321,5.959,5.429,5.524,5.782,6.077,7.000,7.000,4.091,5.659,1.000,3.234,0.055,0.692,0.117,0.540,0.351,0.941,0.923,0.923,0.923,6.024
SCS0041,recognized_secure_self_context,5.680,5.411,5.421,5.818,5.771,5.996,5.213,5.341,5.314,6.832,6.347,3.411,5.047,2.338,2.783,0.091,0.586,0.208,0.477,0.340,0.943,1.518,1.033,1.276,5.583
SCS0042,recognized_secure_self_context,6.031,4.865,5.643,5.692,6.220,4.961,5.449,5.565,5.539,6.630,6.374,3.820,5.357,1.000,2.531,0.189,0.096,0.193,0.127,0.151,0.975,1.092,0.836,0.964,5.558
SCS0043,high_devaluation_low_recognition_context,2.596,2.978,2.757,3.841,1.251,2.477,2.962,3.259,3.223,3.920,4.031,1.340,1.279,4.908,1.000,1.345,0.500,0.205,0.582,0.658,0.890,0.697,0.808,0.753,3.043
SCS0044,high_devaluation_low_recognition_context,2.867,3.214,2.765,3.540,3.975,3.015,1.000,4.313,2.945,3.805,3.520,1.692,1.438,5.854,1.000,1.108,0.199,1.765,0.773,0.961,0.840,0.859,0.575,0.717,3.097
SCS0045,high_devaluation_low_recognition_context,2.901,3.295,2.878,3.323,2.927,2.717,3.986,2.585,3.450,4.179,4.445,1.804,1.000,4.496,1.000,0.026,0.578,1.108,0.737,0.613,0.898,0.728,0.994,0.861,3.099
SCS0046,high_devaluation_low_recognition_context,2.857,2.201,2.999,3.301,2.278,2.107,4.608,4.391,2.970,3.878,3.352,1.856,1.232,4.663,1.000,0.579,0.095,1.609,1.090,0.843,0.859,0.908,0.383,0.645,2.840
SCS0047,high_devaluation_low_recognition_context,4.018,2.833,3.180,2.864,3.265,2.942,1.734,5.624,2.925,3.915,3.477,2.348,1.462,4.533,1.383,0.753,0.109,1.447,2.760,1.267,0.789,0.990,0.551,0.771,3.224
SCS0048,high_devaluation_low_recognition_context,2.362,2.316,2.727,3.886,2.738,1.000,3.142,2.852,2.891,3.181,2.710,2.005,1.000,4.803,1.338,0.376,1.316,0.415,1.033,0.785,0.869,0.289,0.182,0.235,2.823
SCS0049,high_devaluation_low_recognition_context,3.754,3.369,3.237,3.413,1.552,2.791,1.445,4.065,2.735,4.119,2.993,1.503,1.166,5.375,1.000,2.202,0.578,1.793,0.652,1.306,0.782,1.385,0.259,0.822,3.443
SCS0050,high_devaluation_low_recognition_context,4.169,4.166,3.035,3.571,3.175,2.368,2.706,2.411,3.656,5.310,4.367,1.531,1.794,5.135,1.000,0.994,1.797,0.330,1.161,1.070,0.822,1.654,0.711,1.183,3.735
SCS0051,high_devaluation_low_recognition_context,3.660,3.471,3.412,3.595,1.985,1.739,1.000,1.000,3.049,4.473,3.637,1.483,1.139,5.248,1.071,1.676,1.732,2.412,2.595,2.104,0.649,1.424,0.588,1.006,3.534
SCS0052,high_devaluation_low_recognition_context,3.893,3.816,3.368,2.592,3.485,3.978,1.935,1.434,2.881,4.111,4.040,1.326,1.634,5.276,1.656,0.408,0.162,1.432,1.158,0.790,0.868,1.230,1.160,1.195,3.417
SCS0053,high_devaluation_low_recognition_context,2.882,3.447,2.975,3.294,1.000,3.346,1.893,2.198,2.779,3.723,3.253,1.337,1.275,5.233,1.000,1.882,0.101,1.083,1.096,1.040,0.827,0.944,0.474,0.709,3.150
SCS0054,high_devaluation_low_recognition_context,2.790,3.523,3.112,3.089,3.883,2.370,1.493,1.399,3.417,4.561,3.921,1.387,1.790,4.731,1.000,1.093,1.153,1.618,1.690,1.389,0.769,1.145,0.504,0.824,3.128
SCS0055,high_devaluation_low_recognition_context,1.062,1.574,1.067,2.203,1.000,1.868,1.000,3.601,1.059,3.335,2.897,1.000,1.031,5.519,1.000,0.062,0.294,0.067,1.398,0.455,0.924,2.276,1.838,2.057,1.476
SCS0056,high_devaluation_low_recognition_context,1.600,1.442,1.174,1.308,2.294,1.000,1.000,1.692,1.164,3.413,2.357,1.000,1.079,4.858,1.000,0.694,0.442,0.174,0.384,0.424,0.929,2.249,1.193,1.721,1.381
SCS0057,high_devaluation_low_recognition_context,1.543,1.739,1.610,2.218,2.367,2.121,1.392,3.069,1.817,3.619,4.385,1.000,1.224,5.058,1.000,0.824,0.383,0.218,0.851,0.569,0.905,1.802,2.568,2.185,1.778
SCS0058,high_devaluation_low_recognition_context,1.467,1.535,1.000,1.022,2.679,1.000,1.000,1.000,1.633,3.831,3.161,1.000,1.317,5.208,1.000,1.212,0.535,0.000,0.022,0.442,0.926,2.198,1.528,1.863,1.256
SCS0059,high_devaluation_low_recognition_context,1.156,1.257,1.015,2.005,2.458,1.181,1.112,2.309,1.364,3.172,3.598,1.000,1.581,5.186,1.000,1.302,0.076,0.097,0.304,0.445,0.926,1.808,2.234,2.021,1.358
SCS0060,high_devaluation_low_recognition_context,1.727,2.016,1.097,2.636,1.016,1.000,1.045,1.968,1.870,3.808,2.919,1.000,1.869,4.967,1.000,0.711,1.016,0.052,0.668,0.612,0.898,1.938,1.049,1.493,1.869
SCS0061,high_devaluation_low_recognition_context,2.845,2.854,2.228,2.816,3.396,2.501,1.789,2.895,2.462,4.968,3.349,1.009,1.590,5.311,1.050,0.551,0.353,0.439,0.079,0.355,0.941,2.505,0.887,1.696,2.686
SCS0062,high_devaluation_low_recognition_context,2.595,3.021,1.992,2.858,2.428,2.226,1.075,2.554,2.518,4.691,3.917,1.000,1.665,5.062,1.000,0.167,0.795,0.917,0.304,0.546,0.909,2.174,1.400,1.787,2.616
SCS0063,high_devaluation_low_recognition_context,2.449,2.359,2.032,3.133,3.720,1.601,1.303,2.477,2.678,4.675,3.815,1.000,1.000,5.454,1.000,1.271,0.758,0.729,0.656,0.853,0.858,1.996,1.137,1.567,2.493
SCS0064,high_devaluation_low_recognition_context,3.017,1.891,2.259,2.265,1.295,1.000,1.000,2.243,2.009,4.755,3.608,1.000,1.548,5.262,1.000,1.721,0.891,1.259,0.022,0.973,0.838,2.746,1.600,2.173,2.358
SCS0065,high_devaluation_low_recognition_context,2.089,1.967,2.246,3.011,1.000,1.721,2.054,4.226,2.856,5.191,5.338,1.000,1.605,5.068,1.000,1.089,0.246,0.192,1.215,0.686,0.886,2.335,2.482,2.409,2.328
SCS0066,high_devaluation_low_recognition_context,2.273,3.511,1.584,3.143,1.000,6.173,2.846,2.097,2.945,4.981,5.066,1.000,1.253,4.979,1.000,1.273,2.662,1.262,1.046,1.561,0.740,2.037,2.122,2.079,2.628
SCS0067,high_devaluation_low_recognition_context,3.013,3.334,2.459,3.617,2.283,2.717,1.119,2.748,3.552,5.190,5.353,1.520,1.552,5.061,1.000,0.730,0.617,1.340,0.870,0.889,0.852,1.638,1.801,1.720,3.106
SCS0068,high_devaluation_low_recognition_context,2.712,3.731,2.569,3.202,1.637,2.064,1.603,3.760,3.001,4.334,3.873,1.672,2.043,5.726,1.000,1.076,1.667,0.966,0.558,1.067,0.822,1.333,0.872,1.103,3.054
SCS0069,high_devaluation_low_recognition_context,3.350,3.483,2.375,2.601,2.957,2.914,1.832,1.740,3.251,5.092,4.525,1.000,1.560,5.738,1.000,0.392,0.569,0.543,0.862,0.592,0.901,1.842,1.274,1.558,2.952
SCS0070,high_devaluation_low_recognition_context,2.944,3.573,2.565,3.367,2.617,3.036,1.980,3.438,3.767,4.990,5.447,1.876,1.802,4.659,1.000,0.328,0.537,0.585,0.071,0.380,0.937,1.223,1.680,1.452,3.112
SCS0071,high_devaluation_low_recognition_context,3.198,3.258,2.436,2.826,2.933,2.823,1.561,4.380,2.354,3.622,2.993,1.956,1.781,4.696,1.000,0.265,0.435,0.875,1.553,0.782,0.870,1.268,0.640,0.954,2.930
SCS0072,high_devaluation_low_recognition_context,3.914,2.856,2.742,2.797,1.999,2.066,3.197,1.000,2.449,3.603,4.023,1.000,1.071,4.696,1.000,1.915,0.790,0.455,1.797,1.239,0.794,1.154,1.574,1.364,3.077
SCS0073,high_devaluation_low_recognition_context,2.028,3.540,1.740,2.211,2.513,5.703,3.370,1.212,2.557,4.947,3.967,1.000,2.326,5.272,1.000,0.485,2.164,1.631,0.999,1.319,0.780,2.390,1.410,1.900,2.380
SCS0074,high_devaluation_low_recognition_context,2.372,2.688,1.635,2.481,2.829,2.320,1.447,1.820,1.949,2.874,3.201,1.202,1.378,5.553,1.000,0.457,0.369,0.188,0.661,0.419,0.930,0.925,1.252,1.089,2.294
SCS0075,high_devaluation_low_recognition_context,1.489,2.735,1.928,3.072,1.065,4.208,2.987,2.839,1.978,3.314,2.698,1.088,1.967,4.595,1.000,0.424,1.473,1.059,0.233,0.798,0.867,1.336,0.720,1.028,2.306
SCS0076,high_devaluation_low_recognition_context,2.293,2.177,1.998,3.427,2.408,1.474,1.605,2.291,3.013,5.260,4.370,1.000,1.579,5.356,1.000,0.115,0.703,0.393,1.136,0.587,0.902,2.247,1.357,1.802,2.474
SCS0077,high_devaluation_low_recognition_context,1.611,2.632,1.126,3.115,1.806,2.606,1.000,3.185,2.466,4.554,3.738,1.000,1.674,5.413,1.000,0.195,0.025,0.126,0.070,0.104,0.983,2.087,1.272,1.680,2.121
SCS0078,high_devaluation_low_recognition_context,1.813,2.852,2.224,3.609,2.847,2.894,2.126,2.959,2.909,4.373,3.588,1.000,1.294,5.485,1.000,1.034,0.043,0.098,0.649,0.456,0.924,1.463,0.678,1.071,2.624
SCS0079,high_devaluation_low_recognition_context,2.951,2.598,2.044,2.827,2.194,2.156,1.480,2.513,2.939,2.956,3.489,1.319,1.469,4.372,1.000,0.757,0.442,0.564,0.314,0.519,0.913,0.017,0.550,0.284,2.605
SCS0080,high_devaluation_low_recognition_context,2.170,2.039,2.179,2.703,2.494,1.960,1.782,1.000,2.484,4.059,3.301,1.000,1.000,5.393,1.000,0.324,0.079,0.397,1.703,0.626,0.896,1.576,0.817,1.197,2.273
SCS0081,high_devaluation_low_recognition_context,3.462,3.276,3.011,3.276,2.290,3.138,2.179,3.936,3.591,5.972,4.209,1.313,1.238,4.641,1.000,1.172,0.138,0.833,0.660,0.701,0.883,2.382,0.619,1.500,3.256
SCS0082,high_devaluation_low_recognition_context,2.275,2.839,2.558,2.171,2.017,3.612,2.081,1.825,2.782,3.990,3.904,1.000,1.495,4.936,1.235,0.258,0.773,0.477,0.346,0.464,0.923,1.208,1.122,1.165,2.461
SCS0083,high_devaluation_low_recognition_context,2.712,2.825,2.806,3.151,2.126,3.607,3.202,4.019,3.190,4.340,3.907,1.000,1.951,5.071,1.000,0.586,0.782,0.396,0.869,0.658,0.890,1.150,0.717,0.934,2.873
SCS0084,high_devaluation_low_recognition_context,2.836,2.449,1.922,2.913,2.707,3.220,2.224,1.914,2.680,3.612,3.151,1.201,1.180,5.734,1.000,0.128,0.772,0.302,0.999,0.550,0.908,0.932,0.472,0.702,2.530
SCS0085,contingent_performance_context,4.189,4.194,4.292,4.203,4.327,4.831,3.980,4.546,4.158,4.732,4.639,3.382,3.576,3.804,1.593,0.138,0.637,0.312,0.343,0.357,0.940,0.574,0.481,0.527,4.219
SCS0086,contingent_performance_context,4.236,4.086,3.661,3.777,3.230,3.841,3.397,3.145,4.197,5.217,5.779,2.963,3.329,3.452,1.956,1.005,0.244,0.264,0.632,0.537,0.911,1.020,1.582,1.301,3.940
SCS0087,contingent_performance_context,4.216,3.946,4.535,3.848,4.053,4.636,4.318,4.012,3.640,5.067,3.846,2.583,3.645,3.311,2.233,0.163,0.690,0.217,0.164,0.308,0.949,1.428,0.207,0.817,4.136
SCS0088,contingent_performance_context,3.975,3.653,3.715,3.821,3.637,4.000,3.237,2.201,4.552,4.898,5.440,2.500,3.159,3.782,1.888,0.338,0.346,0.478,1.620,0.696,0.884,0.346,0.888,0.617,3.791
SCS0089,contingent_performance_context,4.082,3.933,3.773,3.708,3.562,3.909,3.952,3.526,3.420,3.671,3.308,2.364,3.354,3.974,2.091,0.520,0.024,0.178,0.182,0.226,0.962,0.251,0.112,0.181,3.874
SCS0090,contingent_performance_context,4.308,4.012,3.699,3.640,3.159,2.521,4.183,3.355,3.904,5.267,3.975,2.906,2.976,2.884,1.861,1.149,1.491,0.483,0.285,0.852,0.858,1.363,0.070,0.717,3.915
SCS0091,contingent_performance_context,4.343,3.862,3.671,4.131,3.063,3.173,1.906,3.552,4.334,5.038,5.738,2.196,3.445,3.542,2.047,1.280,0.690,1.765,0.579,1.079,0.820,0.704,1.404,1.054,4.002
SCS0092,contingent_performance_context,4.439,4.155,5.165,3.798,4.818,3.291,2.807,4.073,4.568,5.110,5.630,3.244,3.623,3.465,2.113,0.379,0.864,2.357,0.275,0.969,0.839,0.542,1.062,0.802,4.389
SCS0093,contingent_performance_context,4.024,4.248,4.164,3.930,3.072,2.557,2.473,2.248,3.997,5.810,4.677,2.413,2.820,3.258,1.844,0.952,1.691,1.691,1.682,1.504,0.749,1.813,0.679,1.246,4.092
SCS0094,contingent_performance_context,4.183,4.323,4.367,5.114,2.619,3.380,3.443,4.857,5.091,6.388,5.788,2.673,3.742,2.700,1.642,1.564,0.942,0.925,0.257,0.922,0.846,1.297,0.697,0.997,4.497
SCS0095,contingent_performance_context,4.677,4.140,4.010,5.030,4.490,2.944,2.817,4.357,4.363,5.220,5.673,2.806,3.357,3.531,1.574,0.187,1.196,1.193,0.673,0.812,0.865,0.858,1.310,1.084,4.464
SCS0096,contingent_performance_context,5.000,4.757,4.433,4.191,4.003,4.206,3.502,3.732,4.644,6.066,5.570,2.994,3.605,2.966,2.589,0.998,0.551,0.931,0.459,0.734,0.878,1.422,0.926,1.174,4.595
SCS0097,contingent_performance_context,3.332,2.446,2.432,3.453,3.197,2.524,2.257,3.086,2.785,5.062,3.843,1.168,3.806,3.675,1.752,0.135,0.079,0.175,0.368,0.189,0.969,2.278,1.058,1.668,2.916
SCS0098,contingent_performance_context,3.292,2.744,2.692,2.414,3.118,3.362,2.166,2.782,2.996,4.526,5.009,1.100,3.873,3.638,1.115,0.174,0.619,0.526,0.368,0.422,0.930,1.529,2.013,1.771,2.786
SCS0099,contingent_performance_context,2.401,1.760,2.087,3.327,1.735,1.650,2.886,3.073,2.113,4.409,3.863,1.474,2.984,2.960,1.312,0.666,0.110,0.798,0.254,0.457,0.924,2.296,1.750,2.023,2.394
SCS0100,contingent_performance_context,2.752,3.119,2.482,2.458,2.560,3.407,1.558,1.721,2.727,5.168,4.387,1.077,3.091,3.738,1.000,0.192,0.287,0.924,0.737,0.535,0.911,2.442,1.660,2.051,2.703
SCS0101,contingent_performance_context,2.874,3.177,2.562,3.160,2.275,3.288,2.688,3.251,2.619,5.040,4.008,1.682,3.321,3.112,1.514,0.600,0.111,0.126,0.091,0.232,0.961,2.420,1.389,1.905,2.944
SCS0102,contingent_performance_context,3.821,2.319,2.043,2.941,2.605,1.749,1.664,2.578,2.960,5.561,4.351,1.000,3.381,3.438,1.000,1.216,0.571,0.379,0.363,0.632,0.895,2.601,1.391,1.996,2.781
SCS0103,contingent_performance_context,2.993,3.836,2.949,3.560,2.572,3.055,2.772,3.523,3.029,5.848,5.165,1.809,3.115,2.749,1.407,0.422,0.782,0.177,0.038,0.354,0.941,2.819,2.136,2.477,3.335
SCS0104,contingent_performance_context,3.576,3.708,2.242,3.953,3.567,3.635,2.220,4.333,3.153,5.501,5.393,1.450,3.374,2.864,1.479,0.009,0.073,0.021,0.381,0.121,0.980,2.348,2.241,2.295,3.369
SCS0105,contingent_performance_context,3.474,3.083,2.924,2.734,4.529,2.212,3.303,2.222,3.429,5.602,4.966,1.486,3.027,3.539,1.000,1.056,0.871,0.379,0.512,0.704,0.883,2.173,1.537,1.855,3.054
SCS0106,contingent_performance_context,3.756,3.710,2.210,4.195,4.677,3.510,3.205,4.639,3.572,6.578,6.157,2.662,3.909,3.562,1.858,0.921,0.200,0.995,0.444,0.640,0.893,3.006,2.585,2.796,3.468
SCS0107,contingent_performance_context,3.170,3.660,3.204,3.709,2.325,3.462,2.400,4.125,2.888,4.736,4.358,1.654,3.625,3.426,1.981,0.845,0.198,0.804,0.415,0.565,0.906,1.848,1.469,1.659,3.436
SCS0108,contingent_performance_context,4.264,2.485,2.599,3.652,3.344,2.071,1.758,4.092,2.704,5.296,4.167,1.802,4.312,3.626,1.414,0.920,0.414,0.842,0.441,0.654,0.891,2.592,1.462,2.027,3.250
SCS0109,contingent_performance_context,3.785,3.922,3.375,4.228,2.440,2.538,2.268,3.873,3.150,5.542,4.295,2.462,3.402,3.623,1.387,1.346,1.384,1.107,0.355,1.048,0.825,2.391,1.145,1.768,3.828
SCS0110,contingent_performance_context,4.631,3.404,2.533,3.638,3.491,3.066,1.000,3.925,3.982,5.236,5.217,1.959,3.914,3.777,1.778,1.140,0.338,1.533,0.287,0.824,0.863,1.255,1.235,1.245,3.551
SCS0111,contingent_performance_context,4.356,4.589,3.500,4.258,2.753,5.038,1.717,3.563,4.366,6.034,5.170,2.678,3.835,2.751,2.287,1.603,0.450,1.782,0.695,1.133,0.811,1.667,0.804,1.236,4.176
SCS0112,contingent_performance_context,4.311,4.535,2.925,3.936,3.942,3.683,2.483,2.938,4.214,6.019,5.570,3.165,2.913,3.303,1.550,0.369,0.851,0.442,0.997,0.665,0.889,1.806,1.357,1.581,3.927
SCS0113,contingent_performance_context,4.951,4.325,4.081,4.131,4.162,2.842,1.929,3.652,4.083,5.672,5.481,1.949,3.318,3.502,1.000,0.789,1.483,2.152,0.480,1.226,0.796,1.589,1.398,1.494,4.372
SCS0114,contingent_performance_context,4.183,3.753,3.423,4.092,4.047,2.301,1.824,4.319,3.868,5.307,5.627,2.273,3.427,3.714,1.170,0.137,1.452,1.599,0.227,0.854,0.858,1.439,1.760,1.599,3.863
SCS0115,contingent_performance_context,3.262,3.269,3.484,4.069,3.680,4.272,3.966,4.531,3.669,5.599,5.069,1.748,3.575,3.330,1.319,0.418,1.003,0.482,0.462,0.591,0.901,1.929,1.399,1.664,3.521
SCS0116,contingent_performance_context,2.699,3.213,3.294,3.360,3.161,3.508,3.863,4.469,3.588,5.587,5.388,1.714,3.423,3.616,1.956,0.461,0.296,0.569,1.110,0.609,0.899,1.999,1.801,1.900,3.141
SCS0117,contingent_performance_context,3.190,4.303,2.628,4.032,3.613,5.397,3.330,5.038,3.469,5.570,4.525,1.575,3.300,3.231,1.243,0.423,1.094,0.702,1.006,0.806,0.866,2.101,1.056,1.579,3.538
SCS0118,contingent_performance_context,2.626,4.062,2.921,3.352,2.835,4.220,3.037,3.484,3.158,4.883,5.285,2.270,3.490,3.553,1.621,0.209,0.158,0.116,0.132,0.154,0.974,1.725,2.127,1.926,3.240
SCS0119,contingent_performance_context,3.242,3.169,3.535,3.557,4.636,3.644,3.333,2.974,3.533,5.525,4.866,1.727,2.955,3.278,1.789,1.394,0.475,0.202,0.582,0.663,0.889,1.992,1.333,1.662,3.376
SCS0120,contingent_performance_context,3.342,4.026,3.067,2.828,3.632,3.253,3.692,3.837,3.197,4.753,4.685,2.245,3.124,3.196,1.982,0.290,0.773,0.625,1.009,0.674,0.888,1.556,1.488,1.522,3.316
SCS0121,contingent_performance_context,3.469,4.249,3.973,3.838,3.190,4.516,4.201,3.226,3.577,4.431,4.469,3.057,3.547,2.422,1.953,0.278,0.267,0.228,0.612,0.346,0.942,0.854,0.893,0.874,3.882
SCS0122,contingent_performance_context,4.243,3.186,3.604,4.320,3.588,2.298,3.643,4.540,3.601,4.558,4.726,2.208,3.618,3.427,1.556,0.655,0.888,0.038,0.220,0.450,0.925,0.957,1.124,1.040,3.838
SCS0123,contingent_performance_context,3.821,3.275,3.690,3.813,3.591,3.307,2.433,3.423,3.583,4.903,4.115,1.996,3.654,3.127,1.704,0.230,0.031,1.257,0.389,0.477,0.921,1.320,0.531,0.926,3.650
SCS0124,contingent_performance_context,3.007,3.193,2.908,3.981,2.475,3.808,2.346,4.246,3.216,4.576,3.979,1.987,2.977,3.001,1.625,0.532,0.615,0.562,0.265,0.494,0.918,1.360,0.763,1.061,3.272
SCS0125,contingent_performance_context,2.864,3.635,3.785,3.405,3.006,2.103,3.613,2.739,3.376,3.914,4.249,1.718,3.782,3.601,1.563,0.142,1.532,0.172,0.666,0.628,0.895,0.538,0.873,0.705,3.423
SCS0126,contingent_performance_context,4.135,3.658,3.461,3.785,3.443,3.258,2.854,4.165,4.177,5.236,5.337,1.968,3.824,3.842,1.076,0.691,0.401,0.606,0.380,0.520,0.913,1.059,1.160,1.109,3.760
SCS0127,supportive_corrective_feedback_context,6.156,5.271,5.294,5.178,6.200,5.191,4.748,5.203,4.732,5.226,5.357,3.736,4.573,1.313,2.986,0.044,0.080,0.546,0.025,0.174,0.971,0.494,0.625,0.560,5.475
SCS0128,supportive_corrective_feedback_context,6.357,5.570,5.142,5.840,5.794,6.388,4.508,5.654,5.400,5.950,6.133,4.021,4.324,1.738,2.903,0.563,0.818,0.633,0.186,0.550,0.908,0.550,0.733,0.641,5.727
SCS0129,supportive_corrective_feedback_context,5.426,5.317,5.216,5.630,4.987,5.179,5.534,5.555,5.339,6.052,5.656,3.843,5.041,1.535,3.005,0.439,0.139,0.319,0.075,0.243,0.960,0.713,0.318,0.516,5.397
SCS0130,supportive_corrective_feedback_context,5.736,4.336,5.571,5.016,4.923,4.079,5.866,4.935,5.122,5.644,5.808,4.395,4.986,1.829,3.057,0.813,0.256,0.296,0.081,0.361,0.940,0.523,0.686,0.604,5.165
SCS0131,supportive_corrective_feedback_context,5.863,5.523,4.870,5.419,6.171,5.173,5.529,5.436,5.522,6.596,5.870,3.808,3.982,2.085,2.509,0.308,0.350,0.659,0.017,0.333,0.944,1.074,0.348,0.711,5.419
SCS0132,supportive_corrective_feedback_context,6.000,4.804,5.529,6.009,6.152,4.072,5.808,5.602,5.603,6.219,5.579,4.214,4.888,1.784,2.704,0.152,0.732,0.279,0.407,0.392,0.935,0.616,0.025,0.320,5.586
SCS0133,supportive_corrective_feedback_context,5.889,4.675,5.067,5.441,4.622,3.391,4.153,4.285,5.551,6.123,6.812,3.594,4.246,1.959,2.183,1.267,1.284,0.914,1.156,1.155,0.807,0.571,1.261,0.916,5.268
SCS0134,supportive_corrective_feedback_context,5.686,5.555,6.080,5.964,4.361,4.437,5.498,4.616,5.299,5.778,6.471,4.196,4.356,1.707,2.781,1.325,1.118,0.583,1.348,1.094,0.818,0.479,1.172,0.825,5.822
SCS0135,supportive_corrective_feedback_context,6.230,5.619,5.394,5.881,5.359,4.484,4.293,4.913,5.427,6.396,6.393,3.923,3.657,1.638,2.708,0.870,1.135,1.101,0.968,1.019,0.830,0.969,0.967,0.968,5.781
SCS0136,supportive_corrective_feedback_context,6.354,4.774,5.522,6.354,5.052,3.461,4.208,5.578,5.796,7.000,6.788,3.841,4.623,1.660,2.313,1.302,1.313,1.314,0.777,1.177,0.804,1.204,0.992,1.098,5.751
SCS0137,supportive_corrective_feedback_context,5.875,4.976,5.105,5.945,4.540,3.755,3.808,5.229,5.728,7.000,6.319,3.768,4.922,1.164,2.237,1.335,1.221,1.297,0.716,1.142,0.810,1.272,0.591,0.931,5.475
SCS0138,supportive_corrective_feedback_context,6.020,5.426,6.604,5.548,4.684,4.615,5.298,4.571,6.218,7.000,6.970,4.302,4.980,1.502,3.251,1.336,0.811,1.306,0.977,1.107,0.815,0.782,0.752,0.767,5.899
SCS0139,supportive_corrective_feedback_context,4.594,3.586,3.919,5.082,4.524,3.445,3.456,4.699,3.877,5.921,5.910,2.341,5.065,2.216,1.888,0.070,0.141,0.464,0.383,0.264,0.956,2.044,2.032,2.038,4.296
SCS0140,supportive_corrective_feedback_context,4.062,3.841,3.876,4.323,3.842,4.034,4.062,4.291,3.979,6.552,5.037,2.468,4.811,1.396,3.224,0.220,0.194,0.186,0.031,0.158,0.974,2.573,1.058,1.816,4.025
SCS0141,supportive_corrective_feedback_context,3.979,4.472,3.276,3.630,3.199,4.540,3.330,2.898,4.133,6.563,5.261,2.864,5.248,1.970,2.793,0.780,0.068,0.054,0.731,0.408,0.932,2.430,1.128,1.779,3.839
SCS0142,supportive_corrective_feedback_context,3.934,3.682,4.628,4.514,4.641,4.185,4.668,4.989,4.382,6.139,5.594,2.194,4.147,1.293,2.108,0.707,0.503,0.040,0.475,0.431,0.928,1.757,1.212,1.484,4.189
SCS0143,supportive_corrective_feedback_context,3.648,3.692,3.893,4.138,3.545,3.613,3.815,3.867,3.548,6.232,4.759,2.075,5.077,1.976,1.623,0.103,0.080,0.078,0.270,0.133,0.978,2.684,1.211,1.948,3.843
SCS0144,supportive_corrective_feedback_context,4.226,3.589,3.669,4.330,4.309,3.236,3.599,4.611,4.068,6.235,5.778,2.851,5.284,1.398,2.143,0.084,0.354,0.070,0.282,0.197,0.967,2.167,1.711,1.939,3.953
SCS0145,supportive_corrective_feedback_context,5.803,4.533,4.810,5.115,5.352,4.222,4.255,4.670,5.402,7.000,7.000,3.169,4.747,1.648,2.254,0.451,0.312,0.555,0.445,0.441,0.927,1.598,1.598,1.598,5.065
SCS0146,supportive_corrective_feedback_context,5.030,4.331,4.454,4.899,5.390,4.098,4.306,4.344,4.879,7.000,6.904,3.136,4.412,1.679,2.174,0.361,0.233,0.148,0.554,0.324,0.946,2.121,2.025,2.073,4.679
SCS0147,supportive_corrective_feedback_context,5.406,4.317,5.101,4.407,4.272,4.131,4.158,4.170,4.773,7.000,6.261,2.582,4.345,1.122,1.920,1.133,0.186,0.942,0.237,0.624,0.896,2.227,1.487,1.857,4.807
SCS0148,supportive_corrective_feedback_context,5.206,5.216,4.781,4.489,4.988,4.430,4.727,4.048,5.212,7.000,7.000,2.945,4.991,2.032,2.274,0.218,0.786,0.054,0.441,0.375,0.938,1.788,1.788,1.788,4.923
SCS0149,supportive_corrective_feedback_context,5.294,4.570,4.382,4.426,4.386,4.106,3.747,3.926,4.233,6.849,6.602,2.697,4.915,2.423,2.235,0.908,0.463,0.635,0.500,0.627,0.896,2.616,2.369,2.492,4.668
SCS0150,supportive_corrective_feedback_context,4.552,4.740,4.918,4.622,3.745,4.628,4.572,4.302,4.692,6.941,6.477,3.220,4.541,1.373,1.739,0.806,0.112,0.346,0.321,0.396,0.934,2.249,1.785,2.017,4.708
SCS0151,supportive_corrective_feedback_context,5.967,5.097,3.926,4.840,5.358,4.156,3.248,3.961,5.186,6.850,6.419,3.203,5.032,1.813,2.454,0.609,0.941,0.678,0.879,0.777,0.871,1.663,1.232,1.448,4.958
SCS0152,supportive_corrective_feedback_context,5.695,4.686,5.324,4.196,4.588,3.645,4.720,4.338,4.751,6.183,6.512,3.422,4.650,2.104,2.199,1.107,1.041,0.604,0.143,0.724,0.879,1.432,1.761,1.597,4.975
SCS0153,supportive_corrective_feedback_context,5.516,4.575,5.818,5.544,4.753,3.438,5.525,4.775,5.294,6.751,6.445,3.096,4.483,2.085,2.502,0.763,1.137,0.293,0.769,0.740,0.877,1.457,1.151,1.304,5.363
SCS0154,supportive_corrective_feedback_context,6.077,5.127,5.207,5.689,4.737,4.700,4.853,5.346,6.106,7.000,7.000,3.738,5.039,1.000,2.612,1.340,0.427,0.355,0.343,0.616,0.897,0.894,0.894,0.894,5.525
SCS0155,supportive_corrective_feedback_context,6.168,5.375,4.656,5.186,5.958,4.304,4.439,3.991,5.530,6.702,7.000,3.214,4.829,1.629,2.664,0.210,1.071,0.216,1.196,0.673,0.888,1.172,1.470,1.321,5.346
SCS0156,supportive_corrective_feedback_context,5.651,5.949,4.733,5.205,4.835,4.887,4.537,4.672,5.684,6.957,6.467,3.856,4.520,2.117,2.297,0.816,1.062,0.197,0.534,0.652,0.891,1.273,0.783,1.028,5.385
SCS0157,supportive_corrective_feedback_context,4.321,5.495,4.258,5.199,4.337,6.309,4.506,5.066,5.349,6.281,6.534,3.710,4.088,1.663,2.576,0.016,0.814,0.248,0.133,0.303,0.950,0.931,1.185,1.058,4.818
SCS0158,supportive_corrective_feedback_context,4.766,4.249,4.148,5.216,5.475,4.538,3.820,5.897,4.781,5.686,6.223,2.599,4.065,1.525,2.257,0.710,0.288,0.329,0.681,0.502,0.916,0.905,1.442,1.174,4.595
SCS0159,supportive_corrective_feedback_context,4.442,5.014,3.915,4.719,5.562,4.964,3.956,4.995,4.742,5.928,6.019,2.602,4.201,1.520,2.228,1.120,0.051,0.041,0.276,0.372,0.938,1.186,1.277,1.231,4.523
SCS0160,supportive_corrective_feedback_context,4.699,4.950,3.605,4.939,5.540,5.444,3.745,5.062,4.772,6.593,6.208,3.371,5.021,1.750,3.033,0.841,0.494,0.140,0.123,0.400,0.933,1.821,1.436,1.629,4.548
SCS0161,supportive_corrective_feedback_context,4.842,5.260,3.985,4.641,5.289,4.726,4.328,4.659,4.371,5.652,5.635,3.181,4.724,1.159,2.807,0.446,0.533,0.344,0.018,0.335,0.944,1.282,1.264,1.273,4.682
SCS0162,supportive_corrective_feedback_context,4.142,4.863,4.622,5.195,4.818,4.664,5.707,6.008,4.846,6.151,6.424,3.742,4.983,1.702,2.513,0.676,0.199,1.085,0.813,0.693,0.884,1.305,1.578,1.442,4.705
SCS0163,supportive_corrective_feedback_context,5.205,5.235,4.769,4.760,5.033,4.668,5.273,5.402,4.937,5.717,5.625,3.692,4.899,1.454,2.613,0.172,0.567,0.504,0.642,0.471,0.921,0.779,0.687,0.733,4.992
SCS0164,supportive_corrective_feedback_context,5.507,4.505,5.377,5.493,5.517,3.935,5.019,5.771,5.563,6.884,6.573,2.509,4.605,2.104,2.740,0.010,0.570,0.358,0.277,0.304,0.949,1.321,1.010,1.166,5.220
SCS0165,supportive_corrective_feedback_context,5.181,4.741,4.542,4.337,5.523,4.886,4.545,4.269,4.355,5.971,5.627,2.727,4.887,1.922,1.929,0.341,0.146,0.003,0.068,0.140,0.977,1.615,1.271,1.443,4.700
SCS0166,supportive_corrective_feedback_context,4.745,5.125,4.642,4.588,4.282,5.313,5.415,4.796,5.208,6.389,5.856,3.391,4.553,1.611,2.116,0.463,0.188,0.774,0.208,0.408,0.932,1.181,0.648,0.914,4.775
SCS0167,supportive_corrective_feedback_context,5.342,5.770,5.297,5.252,5.656,5.744,5.232,5.469,5.193,6.559,6.000,3.506,4.686,1.000,2.457,0.313,0.026,0.066,0.218,0.156,0.974,1.365,0.807,1.086,5.415
SCS0168,supportive_corrective_feedback_context,4.509,4.927,4.012,5.104,4.529,5.185,4.219,5.533,4.782,5.699,5.147,3.354,4.239,2.150,2.261,0.020,0.258,0.207,0.428,0.228,0.962,0.917,0.365,0.641,4.638
SCS0169,misrecognition_and_role_pressure_context,3.455,3.923,3.366,3.569,3.950,3.765,3.639,4.042,3.700,4.065,4.631,1.909,1.885,4.844,1.099,0.495,0.159,0.273,0.473,0.350,0.942,0.365,0.931,0.648,3.578
SCS0170,misrecognition_and_role_pressure_context,3.218,2.775,2.793,3.967,1.846,3.561,3.915,5.107,2.906,3.206,3.103,1.958,1.726,3.657,1.000,1.372,0.786,1.122,1.140,1.105,0.816,0.300,0.197,0.249,3.188
SCS0171,misrecognition_and_role_pressure_context,3.093,4.233,3.461,4.245,2.463,3.539,4.135,5.184,3.927,4.026,4.389,2.217,2.048,4.760,1.118,0.630,0.694,0.674,0.938,0.734,0.878,0.099,0.462,0.280,3.758
SCS0172,misrecognition_and_role_pressure_context,4.049,2.552,2.595,3.364,4.067,3.180,1.000,2.906,3.208,4.011,4.348,2.610,2.152,4.760,1.266,0.017,0.627,1.595,0.459,0.675,0.888,0.803,1.141,0.972,3.140
SCS0173,misrecognition_and_role_pressure_context,4.816,3.411,3.211,3.320,4.790,1.622,3.013,3.709,3.333,3.869,4.067,2.142,2.152,4.395,2.039,0.026,1.790,0.198,0.389,0.601,0.900,0.535,0.734,0.635,3.690
SCS0174,misrecognition_and_role_pressure_context,3.529,3.633,3.166,3.127,3.871,3.615,2.192,1.652,3.605,4.067,4.908,1.753,1.290,4.571,1.195,0.342,0.018,0.975,1.474,0.702,0.883,0.461,1.303,0.882,3.364
SCS0175,misrecognition_and_role_pressure_context,4.222,3.726,2.579,3.220,2.508,2.663,2.170,2.042,3.361,4.230,4.458,1.337,1.658,4.802,1.188,1.714,1.064,0.409,1.178,1.091,0.818,0.869,1.097,0.983,3.437
SCS0176,misrecognition_and_role_pressure_context,3.700,3.979,2.826,3.520,1.974,3.208,1.896,2.323,3.076,4.823,4.136,1.661,1.783,4.994,1.126,1.726,0.771,0.930,1.198,1.156,0.807,1.747,1.060,1.404,3.506
SCS0177,misrecognition_and_role_pressure_context,3.465,4.355,2.987,3.902,3.074,1.000,1.808,1.749,3.726,4.894,3.967,1.477,1.580,4.717,1.000,0.390,3.355,1.179,2.152,1.769,0.705,1.169,0.241,0.705,3.677
SCS0178,misrecognition_and_role_pressure_context,4.504,3.284,3.056,3.611,2.911,2.941,3.123,1.748,3.153,4.380,4.673,1.580,1.776,4.507,1.060,1.593,0.343,0.067,1.863,0.966,0.839,1.227,1.520,1.374,3.614
SCS0179,misrecognition_and_role_pressure_context,4.651,3.288,4.055,3.065,3.357,1.843,2.887,2.095,3.389,4.867,4.355,2.377,2.573,3.995,1.502,1.294,1.445,1.167,0.970,1.219,0.797,1.479,0.966,1.223,3.765
SCS0180,misrecognition_and_role_pressure_context,3.537,3.571,2.927,2.999,1.649,2.300,2.216,2.346,3.237,4.689,4.267,1.171,2.312,4.636,1.328,1.888,1.270,0.710,0.654,1.131,0.812,1.452,1.030,1.241,3.258
SCS0181,misrecognition_and_role_pressure_context,1.000,2.428,1.790,2.005,1.000,2.464,1.000,2.053,1.223,3.744,2.963,1.000,2.061,5.050,1.000,0.000,0.036,0.790,0.048,0.218,0.964,2.521,1.740,2.130,1.806
SCS0182,misrecognition_and_role_pressure_context,1.666,1.613,1.810,2.347,1.000,1.000,1.953,2.072,1.560,4.046,3.447,1.000,1.962,4.894,1.000,0.666,0.613,0.142,0.275,0.424,0.929,2.486,1.887,2.187,1.859
SCS0183,misrecognition_and_role_pressure_context,2.318,1.491,1.739,2.683,1.000,1.000,1.019,2.254,1.754,3.852,3.392,1.000,1.651,4.603,1.117,1.318,0.491,0.720,0.429,0.739,0.877,2.099,1.638,1.868,2.058
SCS0184,misrecognition_and_role_pressure_context,1.456,1.958,1.947,2.273,2.431,3.115,2.469,2.242,1.831,4.632,2.989,1.000,1.566,4.389,1.000,0.975,1.158,0.522,0.031,0.671,0.888,2.801,1.158,1.979,1.909
SCS0185,misrecognition_and_role_pressure_context,2.248,2.741,1.891,1.638,1.341,3.825,1.000,2.231,1.817,3.478,3.249,1.000,1.780,4.575,1.000,0.908,1.084,0.891,0.593,0.869,0.855,1.662,1.432,1.547,2.130
SCS0186,misrecognition_and_role_pressure_context,1.537,2.845,2.005,1.543,1.391,3.332,2.022,2.223,1.876,3.868,3.685,1.000,2.251,4.335,1.000,0.145,0.487,0.017,0.680,0.333,0.945,1.992,1.808,1.900,1.982
SCS0187,misrecognition_and_role_pressure_context,2.828,2.982,2.209,3.386,2.340,1.580,2.409,2.985,2.712,4.843,4.722,1.087,1.935,4.766,1.000,0.488,1.402,0.200,0.401,0.623,0.896,2.131,2.010,2.070,2.851
SCS0188,misrecognition_and_role_pressure_context,2.647,3.431,2.102,2.104,1.126,3.614,1.462,1.884,2.495,5.121,4.271,1.022,1.494,4.424,1.000,1.521,0.183,0.640,0.220,0.641,0.893,2.626,1.775,2.200,2.571
SCS0189,misrecognition_and_role_pressure_context,3.203,2.503,3.264,3.461,2.622,3.012,1.793,2.809,3.445,5.877,5.203,1.000,1.314,5.256,1.000,0.581,0.509,1.471,0.653,0.803,0.866,2.432,1.758,2.095,3.108
SCS0190,misrecognition_and_role_pressure_context,3.245,3.602,1.856,2.587,3.425,2.836,2.557,2.433,2.749,5.154,4.157,1.130,2.138,4.320,1.046,0.180,0.765,0.701,0.154,0.450,0.925,2.405,1.408,1.907,2.823
SCS0191,misrecognition_and_role_pressure_context,2.359,3.192,2.595,3.379,1.018,2.866,3.110,3.776,3.147,5.878,4.608,1.484,1.360,3.848,1.000,1.341,0.326,0.516,0.397,0.645,0.893,2.731,1.461,2.096,2.881
SCS0192,misrecognition_and_role_pressure_context,3.212,2.354,2.500,3.631,3.491,1.471,2.623,4.179,3.036,5.082,5.569,1.000,1.925,3.964,1.000,0.280,0.883,0.122,0.548,0.458,0.924,2.046,2.532,2.289,2.924
SCS0193,misrecognition_and_role_pressure_context,4.082,4.117,3.214,3.817,4.672,4.121,2.194,3.867,4.015,5.908,5.365,1.910,2.269,4.693,1.000,0.590,0.004,1.021,0.050,0.416,0.931,1.893,1.350,1.622,3.807
SCS0194,misrecognition_and_role_pressure_context,3.758,3.945,3.563,3.768,3.339,3.161,2.471,3.188,3.884,5.174,5.758,2.332,1.944,4.033,1.115,0.419,0.784,1.092,0.580,0.719,0.880,1.290,1.873,1.582,3.759
SCS0195,misrecognition_and_role_pressure_context,4.413,4.125,2.566,3.855,3.939,3.493,1.318,2.483,3.646,5.761,4.288,1.260,1.698,4.083,1.000,0.473,0.633,1.248,1.372,0.932,0.845,2.115,0.642,1.378,3.740
SCS0196,misrecognition_and_role_pressure_context,3.187,3.529,2.851,3.396,1.205,3.651,2.612,3.904,3.515,5.429,4.550,1.293,1.818,4.320,1.000,1.982,0.122,0.238,0.507,0.713,0.881,1.915,1.036,1.475,3.241
SCS0197,misrecognition_and_role_pressure_context,3.477,3.509,3.264,3.126,1.611,2.452,4.196,1.909,3.332,5.133,5.183,1.251,1.456,4.640,1.000,1.865,1.057,0.932,1.217,1.268,0.789,1.801,1.851,1.826,3.344
SCS0198,misrecognition_and_role_pressure_context,3.434,2.921,2.365,3.903,2.310,1.595,1.000,2.680,3.072,4.778,4.571,1.385,1.478,4.198,1.245,1.124,1.326,1.365,1.223,1.260,0.790,1.706,1.499,1.602,3.156
SCS0199,misrecognition_and_role_pressure_context,1.863,2.944,2.081,3.245,2.083,2.943,2.733,3.344,2.991,4.392,4.326,1.000,2.387,4.389,1.001,0.219,0.001,0.653,0.099,0.243,0.959,1.402,1.336,1.369,2.533
SCS0200,misrecognition_and_role_pressure_context,3.195,2.838,2.575,3.760,3.285,2.112,4.390,3.443,3.278,5.216,4.254,1.000,1.852,4.570,1.000,0.090,0.726,1.815,0.318,0.737,0.877,1.938,0.976,1.457,3.092
SCS0201,misrecognition_and_role_pressure_context,3.021,3.974,2.335,3.772,3.528,4.792,3.158,4.030,3.664,5.934,4.986,1.000,1.698,4.648,1.040,0.507,0.819,0.822,0.258,0.602,0.900,2.270,1.322,1.796,3.276
SCS0202,misrecognition_and_role_pressure_context,2.389,3.369,2.409,2.591,2.294,3.463,2.760,4.804,2.709,4.180,4.139,1.067,2.004,4.487,1.339,0.095,0.094,0.352,2.213,0.688,0.885,1.470,1.430,1.450,2.689
SCS0203,misrecognition_and_role_pressure_context,2.122,3.323,1.848,2.990,2.838,2.867,2.295,4.975,2.404,3.926,3.948,1.008,2.285,4.734,1.000,0.716,0.456,0.448,1.986,0.901,0.850,1.522,1.544,1.533,2.571
SCS0204,misrecognition_and_role_pressure_context,2.764,2.984,2.059,3.344,2.466,3.830,2.530,3.753,2.953,4.753,4.111,1.000,2.226,3.998,1.000,0.299,0.846,0.472,0.409,0.506,0.916,1.800,1.158,1.479,2.788
SCS0205,misrecognition_and_role_pressure_context,3.756,3.438,2.933,2.494,2.998,2.917,1.964,2.730,3.161,4.345,3.725,1.738,1.401,4.297,1.000,0.757,0.521,0.969,0.236,0.621,0.897,1.184,0.564,0.874,3.155
SCS0206,misrecognition_and_role_pressure_context,2.874,2.987,2.802,3.100,2.207,2.149,4.728,3.380,2.972,4.914,3.110,1.802,1.831,4.714,1.127,0.668,0.838,1.926,0.280,0.928,0.845,1.942,0.138,1.040,2.941
SCS0207,misrecognition_and_role_pressure_context,3.100,2.816,2.412,3.398,3.298,2.657,1.809,3.171,3.316,5.214,4.261,1.419,1.478,4.781,1.000,0.198,0.158,0.604,0.227,0.297,0.951,1.898,0.944,1.421,2.931
SCS0208,misrecognition_and_role_pressure_context,3.934,2.516,2.513,3.211,2.899,1.757,3.703,3.614,3.332,4.953,4.472,2.138,1.455,4.131,1.458,1.035,0.759,1.190,0.403,0.847,0.859,1.620,1.140,1.380,3.043
SCS0209,misrecognition_and_role_pressure_context,3.294,2.563,2.022,3.032,2.576,1.246,1.549,2.403,2.112,3.875,3.189,1.356,2.243,4.798,1.052,0.718,1.318,0.473,0.629,0.784,0.869,1.763,1.077,1.420,2.728
SCS0210,misrecognition_and_role_pressure_context,3.266,3.183,2.825,3.382,3.710,3.827,3.847,1.713,2.848,4.557,4.375,1.672,2.437,4.459,1.063,0.444,0.644,1.021,1.669,0.944,0.843,1.709,1.526,1.617,3.164
SCS0211,developmental_self_revision_context,5.674,4.555,5.739,5.007,4.855,3.995,5.856,4.690,5.146,6.126,6.013,3.019,4.350,2.802,1.849,0.819,0.560,0.117,0.317,0.453,0.924,0.979,0.867,0.923,5.244
SCS0212,developmental_self_revision_context,4.609,4.981,5.074,5.139,4.851,4.779,4.589,5.678,4.900,5.790,5.397,2.686,3.719,2.637,2.538,0.242,0.202,0.485,0.539,0.367,0.939,0.890,0.497,0.694,4.951
SCS0213,developmental_self_revision_context,4.998,4.939,5.062,5.264,5.243,4.848,5.006,5.279,4.641,5.380,5.497,2.503,4.626,2.740,2.738,0.245,0.090,0.056,0.015,0.102,0.983,0.739,0.856,0.798,5.066
SCS0214,developmental_self_revision_context,5.865,5.863,4.573,5.056,5.403,5.006,5.040,4.976,5.597,5.906,5.788,3.642,3.545,2.326,2.630,0.462,0.857,0.467,0.080,0.467,0.922,0.309,0.192,0.251,5.339
SCS0215,developmental_self_revision_context,4.066,5.258,4.706,4.542,4.042,4.842,5.228,3.707,4.620,6.013,5.333,3.732,4.020,2.943,1.840,0.024,0.416,0.522,0.835,0.449,0.925,1.393,0.713,1.053,4.643
SCS0216,developmental_self_revision_context,4.713,5.172,4.611,5.026,4.220,5.429,5.085,4.167,5.216,6.296,6.089,3.320,3.381,2.476,2.587,0.493,0.257,0.474,0.859,0.521,0.913,1.080,0.873,0.977,4.880
SCS0217,developmental_self_revision_context,5.270,5.502,4.941,5.981,4.784,4.930,4.073,4.711,4.794,6.125,5.654,3.013,3.694,2.743,2.268,0.486,0.572,0.868,1.270,0.799,0.867,1.331,0.860,1.095,5.424
SCS0218,developmental_self_revision_context,5.376,5.126,5.706,4.752,4.005,4.169,5.853,3.860,5.021,5.905,5.551,3.005,4.332,3.418,1.639,1.371,0.957,0.147,0.892,0.842,0.860,0.884,0.531,0.707,5.240
SCS0219,developmental_self_revision_context,5.497,5.401,5.716,5.084,4.235,4.886,4.963,4.103,5.472,6.625,6.862,3.540,4.249,2.808,2.366,1.262,0.515,0.753,0.980,0.877,0.854,1.153,1.390,1.271,5.424
SCS0220,developmental_self_revision_context,5.393,5.072,4.538,5.599,5.206,3.267,4.146,3.994,5.601,6.394,6.318,3.003,4.020,2.727,1.818,0.187,1.805,0.392,1.605,0.997,0.834,0.793,0.717,0.755,5.150
SCS0221,developmental_self_revision_context,5.762,5.132,5.043,5.264,4.141,4.969,3.755,3.596,5.494,7.000,6.964,3.659,3.751,2.208,1.877,1.621,0.163,1.288,1.669,1.185,0.802,1.506,1.470,1.488,5.300
SCS0222,developmental_self_revision_context,5.932,5.394,4.410,6.143,4.264,4.052,3.163,5.812,5.179,7.000,6.516,3.622,4.287,3.122,2.457,1.668,1.342,1.248,0.331,1.147,0.809,1.821,1.337,1.579,5.470
SCS0223,developmental_self_revision_context,3.571,3.576,3.578,4.209,3.121,3.144,2.828,4.266,3.900,6.426,5.358,2.168,4.017,2.405,1.449,0.450,0.432,0.751,0.057,0.422,0.930,2.525,1.458,1.991,3.734
SCS0224,developmental_self_revision_context,3.560,3.507,4.426,3.586,3.220,2.677,3.605,3.583,3.750,5.968,4.554,2.042,3.934,2.982,1.000,0.340,0.830,0.821,0.003,0.498,0.917,2.218,0.804,1.511,3.770
SCS0225,developmental_self_revision_context,3.578,4.382,3.809,3.977,2.736,4.199,3.688,4.151,4.003,5.999,5.665,1.942,3.772,2.514,2.128,0.842,0.183,0.122,0.174,0.330,0.945,1.996,1.662,1.829,3.936
SCS0226,developmental_self_revision_context,3.513,3.529,3.947,3.319,3.882,4.012,5.012,2.595,3.668,6.031,5.536,1.463,4.179,2.730,1.785,0.368,0.483,1.064,0.724,0.660,0.890,2.363,1.869,2.116,3.577
SCS0227,developmental_self_revision_context,3.027,3.658,3.219,3.435,2.590,4.179,3.069,3.002,3.308,5.359,4.666,1.026,3.814,2.963,1.321,0.437,0.521,0.150,0.432,0.385,0.936,2.050,1.357,1.704,3.335
SCS0228,developmental_self_revision_context,3.985,2.770,3.938,3.946,3.593,2.537,3.701,4.120,3.357,5.592,6.260,1.565,4.078,2.035,1.976,0.393,0.233,0.238,0.174,0.259,0.957,2.236,2.903,2.570,3.660
SCS0229,developmental_self_revision_context,3.815,4.350,4.610,4.316,3.177,3.407,3.911,4.406,3.794,6.648,5.560,2.184,3.619,2.995,1.982,0.638,0.943,0.699,0.090,0.593,0.901,2.855,1.766,2.310,4.273
SCS0230,developmental_self_revision_context,5.284,4.362,4.092,5.572,4.536,4.249,4.347,5.200,4.644,7.000,6.166,2.913,4.184,2.401,1.662,0.748,0.113,0.255,0.372,0.372,0.938,2.356,1.522,1.939,4.827
SCS0231,developmental_self_revision_context,3.931,3.560,4.534,4.023,3.690,3.054,3.729,3.225,4.068,6.079,6.297,1.746,4.079,1.850,1.752,0.241,0.506,0.806,0.798,0.588,0.902,2.011,2.230,2.120,4.012
SCS0232,developmental_self_revision_context,3.479,4.645,3.548,4.179,3.723,4.143,3.325,3.918,4.300,6.512,6.292,2.182,4.120,3.329,1.499,0.244,0.502,0.223,0.262,0.308,0.949,2.212,1.992,2.102,3.963
SCS0233,developmental_self_revision_context,4.881,5.293,4.182,4.113,4.822,5.602,2.993,3.796,4.864,6.880,6.899,2.933,4.264,1.659,2.012,0.060,0.309,1.189,0.317,0.469,0.922,2.016,2.035,2.026,4.618
SCS0234,developmental_self_revision_context,4.660,4.552,4.047,3.919,4.051,4.174,3.729,3.590,4.242,6.188,5.701,3.578,3.902,1.995,2.144,0.609,0.378,0.319,0.329,0.409,0.932,1.946,1.460,1.703,4.294
SCS0235,developmental_self_revision_context,5.349,4.803,4.292,5.017,5.644,5.417,3.968,5.280,4.509,6.736,6.037,3.006,3.798,2.027,1.569,0.296,0.614,0.324,0.263,0.374,0.938,2.227,1.527,1.877,4.865
SCS0236,developmental_self_revision_context,5.333,5.393,4.265,5.152,4.847,4.211,3.856,4.764,4.863,6.444,5.486,2.836,4.259,2.517,1.776,0.486,1.182,0.410,0.388,0.616,0.897,1.581,0.623,1.102,5.036
SCS0237,developmental_self_revision_context,5.098,4.679,4.768,5.126,3.701,4.029,3.952,3.466,5.102,6.928,6.277,2.821,3.955,1.859,1.563,1.397,0.650,0.816,1.660,1.131,0.812,1.827,1.175,1.501,4.918
SCS0238,developmental_self_revision_context,5.326,5.081,4.482,4.976,4.785,4.093,3.803,4.965,4.771,6.698,5.221,2.953,3.554,2.312,2.485,0.541,0.988,0.679,0.011,0.555,0.908,1.927,0.450,1.189,4.966
SCS0239,developmental_self_revision_context,5.852,4.933,5.085,4.842,4.908,4.607,5.239,3.972,5.131,6.897,6.488,2.652,4.034,2.972,2.134,0.944,0.325,0.154,0.870,0.573,0.904,1.766,1.356,1.561,5.178
SCS0240,developmental_self_revision_context,5.014,5.491,3.979,4.956,3.613,4.708,3.168,4.122,5.229,6.589,5.843,3.067,3.698,2.639,2.427,1.401,0.783,0.811,0.834,0.957,0.840,1.360,0.614,0.987,4.860
SCS0241,developmental_self_revision_context,3.902,4.890,4.133,5.281,4.714,4.166,3.754,6.254,4.726,6.393,6.190,2.979,4.135,2.464,2.450,0.812,0.723,0.379,0.973,0.722,0.880,1.667,1.463,1.565,4.551
SCS0242,developmental_self_revision_context,4.026,4.941,4.497,5.658,4.750,5.199,5.186,5.094,4.548,6.634,5.689,3.163,4.587,2.397,2.326,0.725,0.258,0.689,0.563,0.559,0.907,2.085,1.141,1.613,4.780
SCS0243,developmental_self_revision_context,3.484,4.272,3.225,4.883,4.146,3.932,2.595,4.988,3.800,4.992,4.700,3.082,3.877,2.356,2.464,0.661,0.339,0.630,0.105,0.434,0.928,1.191,0.899,1.045,3.966
SCS0244,developmental_self_revision_context,3.936,4.760,4.297,4.682,4.890,5.110,5.508,4.378,4.364,6.051,5.731,2.784,4.482,2.866,1.180,0.954,0.350,1.211,0.303,0.705,0.883,1.686,1.367,1.526,4.419
SCS0245,developmental_self_revision_context,4.845,3.784,3.886,4.193,6.275,3.626,4.073,5.145,4.644,6.409,6.467,2.404,4.126,2.497,1.244,1.430,0.159,0.186,0.952,0.682,0.886,1.765,1.823,1.794,4.177
SCS0246,developmental_self_revision_context,4.336,4.547,4.169,5.091,5.422,4.892,4.170,4.702,4.364,5.872,5.159,2.613,3.878,2.384,1.639,1.085,0.345,0.001,0.388,0.455,0.924,1.508,0.795,1.152,4.536
SCS0247,developmental_self_revision_context,4.664,4.696,4.997,4.231,5.010,4.955,4.754,5.357,5.018,6.298,5.667,3.432,4.541,2.734,1.539,0.345,0.259,0.243,1.127,0.493,0.918,1.281,0.650,0.965,4.647
SCS0248,developmental_self_revision_context,4.989,5.073,4.567,4.328,5.323,5.584,4.960,4.452,4.946,6.295,6.571,2.397,4.161,3.132,2.015,0.334,0.511,0.394,0.124,0.341,0.943,1.349,1.625,1.487,4.739
SCS0249,developmental_self_revision_context,4.742,3.710,5.015,4.466,5.676,3.394,5.070,4.667,4.388,4.952,5.020,3.127,3.536,2.610,2.223,0.934,0.316,0.055,0.201,0.377,0.937,0.564,0.633,0.598,4.483
SCS0250,developmental_self_revision_context,4.445,4.031,3.460,4.609,4.633,4.257,3.498,4.837,4.077,5.311,5.292,2.845,4.130,2.131,2.185,0.188,0.226,0.038,0.228,0.170,0.972,1.234,1.215,1.225,4.136
SCS0251,developmental_self_revision_context,4.568,4.912,4.512,4.948,4.267,5.236,4.027,5.507,4.814,5.361,5.486,2.809,4.373,2.152,2.116,0.301,0.324,0.485,0.560,0.417,0.930,0.547,0.672,0.609,4.735
SCS0252,developmental_self_revision_context,4.932,4.166,3.784,4.840,3.693,3.395,4.710,5.298,4.192,5.090,5.677,2.731,3.954,1.752,1.785,1.239,0.771,0.925,0.458,0.848,0.859,0.897,1.485,1.191,4.431
