participant_id,institutional_context,machiavellianism,narcissism,psychopathy,sadism,honesty_humility,conscientious_reliability,fairness_orientation,compassion_kindness,moral_identity,practical_judgment,institutional_accountability,status_reward_pressure,unethical_behavior,prosocial_restraint,harm_indicator,dark_trait_burden,virtue_relevant_tendency,moral_integration_index,dark_accountability_risk
DTV0001,high_accountability_public_service,5.714,3.979,5.351,3.988,4.750,4.250,4.444,4.755,4.521,3.946,4.757,2.680,2.531,3.093,1.599,4.758,4.550,4.339,3.557
DTV0002,high_accountability_public_service,5.272,3.296,2.871,3.764,4.686,3.694,4.626,3.834,4.186,3.489,4.895,3.159,2.012,2.978,2.019,3.801,4.210,3.962,2.666
DTV0003,high_accountability_public_service,4.734,3.855,3.555,2.707,3.702,3.828,3.132,3.475,3.409,3.025,5.178,2.731,2.457,3.215,1.358,3.713,3.534,3.323,2.254
DTV0004,high_accountability_public_service,3.225,3.148,2.990,2.977,4.023,4.111,3.879,3.487,2.990,2.882,4.663,3.037,2.001,2.519,1.238,3.085,3.875,3.249,2.403
DTV0005,high_accountability_public_service,5.530,4.109,3.927,3.862,4.773,5.173,4.502,4.951,3.989,3.849,4.887,3.293,2.305,3.069,1.931,4.357,4.850,4.229,3.069
DTV0006,high_accountability_public_service,6.491,5.343,5.162,5.367,4.720,4.605,4.665,4.842,4.475,3.719,5.704,3.423,2.723,3.029,2.481,5.591,4.708,4.301,2.416
DTV0007,high_accountability_public_service,4.533,3.599,3.072,2.589,5.231,5.936,5.266,4.766,4.132,4.137,4.855,2.632,2.119,4.536,1.836,3.448,5.300,4.523,2.466
DTV0008,high_accountability_public_service,4.312,3.399,3.240,3.671,3.959,3.585,4.143,4.219,3.775,3.876,5.015,2.730,1.443,4.218,1.235,3.656,3.976,3.875,2.419
DTV0009,high_accountability_public_service,3.647,4.854,3.841,3.536,2.877,3.030,3.556,3.692,3.308,3.178,4.994,3.011,1.940,3.102,1.499,3.969,3.289,3.258,2.655
DTV0010,high_accountability_public_service,3.410,3.935,3.831,3.326,3.751,3.573,3.594,3.401,3.225,3.456,4.745,2.460,1.101,2.851,2.256,3.625,3.580,3.420,2.726
DTV0011,high_accountability_public_service,3.318,5.089,2.987,3.925,4.506,4.490,4.152,3.551,3.767,3.788,4.409,2.985,2.475,3.281,2.272,3.830,4.175,3.910,3.307
DTV0012,high_accountability_public_service,3.854,4.963,2.909,3.680,4.082,3.134,4.621,4.435,4.186,4.414,5.069,2.849,2.326,3.735,2.006,3.852,4.068,4.223,2.479
DTV0013,high_accountability_public_service,4.852,5.122,3.369,4.036,4.075,4.666,4.719,4.875,3.743,4.029,4.811,2.877,1.995,3.887,2.516,4.345,4.584,4.118,3.171
DTV0014,high_accountability_public_service,4.467,5.213,4.325,3.685,4.483,4.174,4.101,4.657,3.881,4.142,4.293,3.149,3.111,3.281,2.304,4.422,4.354,4.126,3.991
DTV0015,high_accountability_public_service,3.305,3.802,2.490,2.575,3.869,3.375,4.148,4.008,3.727,3.520,4.941,2.621,1.324,3.903,1.495,3.043,3.850,3.699,2.088
DTV0016,high_accountability_public_service,3.756,4.500,3.261,3.356,4.404,3.804,4.177,3.198,3.796,3.935,4.970,2.595,1.354,3.453,1.428,3.718,3.896,3.876,2.516
DTV0017,high_accountability_public_service,3.585,3.267,4.338,4.038,4.021,4.480,4.637,4.587,4.708,4.330,5.197,2.657,1.390,4.004,1.215,3.807,4.431,4.490,2.289
DTV0018,high_accountability_public_service,3.997,2.985,5.004,3.208,4.333,4.442,4.180,5.090,4.322,4.022,5.345,2.423,1.477,3.764,2.190,3.798,4.511,4.285,2.096
DTV0019,high_accountability_public_service,3.484,4.017,4.781,4.290,3.435,4.549,3.408,3.895,3.520,3.587,4.916,2.483,2.520,2.698,1.745,4.143,3.822,3.643,2.878
DTV0020,high_accountability_public_service,4.253,3.428,4.611,4.167,4.164,3.888,4.668,3.895,3.821,4.242,5.743,2.606,2.030,3.330,1.605,4.115,4.154,4.072,1.725
DTV0021,high_accountability_public_service,3.714,3.233,4.511,3.899,3.733,4.472,4.145,4.106,5.032,4.341,4.861,2.410,1.935,4.266,1.674,3.839,4.114,4.496,2.738
DTV0022,high_accountability_public_service,3.581,3.882,4.702,4.111,4.761,4.706,4.039,4.781,3.817,3.788,5.816,2.715,1.515,3.269,1.076,4.069,4.572,4.059,1.606
DTV0023,high_accountability_public_service,4.102,4.163,6.154,3.652,3.906,4.438,5.181,4.078,4.905,4.601,4.736,2.693,1.888,4.620,2.269,4.518,4.401,4.636,3.410
DTV0024,high_accountability_public_service,4.153,3.669,5.376,4.794,4.721,4.592,4.745,3.631,4.326,4.422,5.155,2.729,1.344,3.260,1.784,4.498,4.422,4.390,2.766
DTV0025,high_accountability_public_service,3.389,4.192,4.545,5.313,4.485,3.507,3.520,3.952,3.874,3.649,4.854,2.516,1.529,3.559,2.006,4.360,3.866,3.796,3.119
DTV0026,high_accountability_public_service,1.973,3.544,3.959,4.787,4.604,4.478,4.734,4.336,3.888,3.409,4.305,2.631,1.366,4.056,1.774,3.566,4.538,3.945,3.203
DTV0027,high_accountability_public_service,4.079,3.767,3.180,4.736,5.093,3.979,4.698,4.259,4.616,4.053,5.232,2.451,1.734,3.420,2.007,3.940,4.507,4.392,2.323
DTV0028,high_accountability_public_service,3.391,3.518,3.852,5.228,3.445,3.915,3.447,4.056,3.559,3.901,4.901,2.828,2.689,2.931,1.428,3.997,3.716,3.725,2.797
DTV0029,high_accountability_public_service,3.796,3.741,3.575,5.196,4.409,4.075,3.702,4.099,3.919,4.247,5.267,2.975,2.110,3.623,2.051,4.077,4.071,4.079,2.355
DTV0030,high_accountability_public_service,3.611,3.379,3.283,4.495,4.631,4.743,3.564,3.297,4.168,4.135,4.944,2.945,1.818,3.644,1.201,3.692,4.059,4.121,2.530
DTV0031,high_accountability_public_service,2.913,4.607,4.568,4.688,4.522,4.555,4.082,4.196,2.979,4.245,4.861,2.545,1.991,3.497,1.833,4.194,4.339,3.854,2.991
DTV0032,high_accountability_public_service,3.011,3.222,3.491,4.287,4.308,4.563,3.138,3.574,3.398,3.594,4.317,2.527,1.263,3.434,1.996,3.503,3.896,3.629,3.133
DTV0033,high_accountability_public_service,3.552,3.031,3.287,3.652,4.964,5.794,5.473,5.164,4.261,4.374,5.014,2.109,1.000,4.061,1.000,3.380,5.349,4.661,2.237
DTV0034,high_accountability_public_service,2.187,2.502,2.346,2.885,6.412,5.619,5.475,5.449,4.639,5.305,4.480,2.318,1.000,4.638,1.000,2.480,5.739,5.228,2.083
DTV0035,high_accountability_public_service,2.066,2.736,1.924,2.832,5.343,4.474,4.779,5.092,4.284,5.080,4.965,2.449,1.000,4.728,1.000,2.389,4.922,4.762,1.621
DTV0036,high_accountability_public_service,3.537,2.903,1.772,3.479,5.263,4.933,4.944,5.245,5.173,4.332,4.914,2.759,1.000,3.984,1.000,2.923,5.096,4.867,2.033
DTV0037,high_accountability_public_service,3.223,3.981,4.556,4.191,5.281,5.807,4.628,5.524,4.546,3.879,4.889,2.334,1.363,3.694,1.101,3.988,5.310,4.579,2.806
DTV0038,high_accountability_public_service,2.542,3.516,3.158,3.608,5.077,5.118,4.574,3.847,3.816,5.292,5.150,2.703,1.000,3.738,1.000,3.206,4.654,4.587,1.977
DTV0039,high_accountability_public_service,4.085,3.607,3.589,4.078,5.742,4.940,5.662,6.514,4.934,4.889,5.581,3.028,2.097,5.042,1.478,3.840,5.714,5.179,1.817
DTV0040,high_accountability_public_service,2.711,3.129,3.209,4.304,5.439,5.152,5.001,4.355,4.745,3.967,4.945,2.400,1.000,4.307,1.698,3.339,4.987,4.566,2.287
DTV0041,high_accountability_public_service,4.904,3.867,4.237,5.048,4.236,3.315,3.402,4.034,3.876,4.123,5.219,2.376,2.247,3.474,1.917,4.514,3.747,3.916,2.680
DTV0042,high_accountability_public_service,4.225,4.945,3.945,4.069,3.489,3.155,4.443,3.907,4.041,4.136,4.696,3.160,2.335,3.636,2.256,4.296,3.749,3.975,3.299
DTV0043,high_accountability_public_service,3.132,3.680,3.427,2.638,3.772,3.581,4.658,3.728,4.046,4.075,5.119,1.874,1.218,3.806,1.061,3.219,3.935,4.019,2.019
DTV0044,high_accountability_public_service,4.823,4.475,4.907,4.541,3.825,3.970,3.460,3.299,3.277,3.279,4.585,2.639,2.029,3.204,2.211,4.687,3.639,3.398,3.773
DTV0045,high_accountability_public_service,4.069,3.665,3.818,3.616,4.000,3.778,3.485,3.715,4.247,3.305,5.140,3.243,2.556,3.293,1.801,3.792,3.745,3.766,2.351
DTV0046,high_accountability_public_service,4.027,3.705,4.291,4.395,4.758,4.772,4.587,5.087,4.057,3.660,4.957,2.979,1.687,3.272,1.773,4.105,4.801,4.173,2.796
DTV0047,high_accountability_public_service,4.027,2.951,3.137,3.589,3.546,4.322,3.843,4.035,3.314,3.516,5.845,2.219,1.699,3.970,1.232,3.426,3.936,3.589,1.319
DTV0048,high_accountability_public_service,5.103,5.061,4.288,3.843,3.269,3.441,3.477,4.496,3.560,3.394,4.760,3.286,3.087,3.198,2.457,4.574,3.671,3.542,3.414
DTV0049,high_accountability_public_service,2.449,2.504,3.965,3.239,4.767,5.033,3.420,3.063,3.478,4.008,4.073,1.853,1.234,4.192,1.424,3.039,4.071,3.852,2.965
DTV0050,high_accountability_public_service,2.979,3.468,3.762,2.888,5.272,5.045,4.987,4.744,5.415,4.153,4.374,3.230,1.745,4.539,1.619,3.274,5.012,4.860,2.866
DTV0051,high_accountability_public_service,2.963,2.700,2.463,1.953,4.417,4.948,4.315,4.157,4.250,3.774,5.096,3.042,1.000,4.362,1.461,2.520,4.459,4.161,1.599
DTV0052,high_accountability_public_service,2.565,3.006,2.314,2.237,5.050,4.835,4.972,5.615,4.784,4.792,5.190,3.199,1.000,4.241,1.000,2.531,5.118,4.898,1.527
DTV0053,high_accountability_public_service,3.261,3.744,3.392,3.840,4.202,3.809,4.539,5.073,3.948,3.777,5.141,2.639,1.380,3.651,1.373,3.560,4.406,4.044,2.206
DTV0054,high_accountability_public_service,2.140,2.760,2.783,2.799,3.735,4.532,5.150,4.526,4.097,4.371,3.904,2.042,1.000,3.471,1.109,2.621,4.486,4.318,2.704
DTV0055,high_accountability_public_service,2.453,3.172,3.523,2.974,4.910,4.898,5.129,4.959,4.942,4.727,5.293,2.795,1.017,4.282,1.000,3.030,4.974,4.881,1.724
DTV0056,high_accountability_public_service,3.518,3.681,3.353,3.406,5.300,5.419,4.961,4.460,4.691,4.704,4.668,2.797,1.000,4.064,1.873,3.490,5.035,4.810,2.713
DTV0057,image_driven_corporate_status,6.451,5.478,6.104,5.330,3.010,2.903,2.279,3.372,2.508,1.913,2.402,6.152,4.885,1.977,4.015,5.841,2.891,2.437,7.000
DTV0058,image_driven_corporate_status,6.531,4.926,5.624,4.791,2.900,2.116,3.392,3.227,3.019,3.459,2.362,5.834,4.504,1.996,4.024,5.468,2.909,3.129,7.000
DTV0059,image_driven_corporate_status,6.482,5.400,5.240,5.728,3.763,3.256,2.242,3.959,2.895,2.622,2.563,6.106,4.668,2.185,4.843,5.713,3.305,2.940,7.000
DTV0060,image_driven_corporate_status,6.723,5.746,4.572,5.341,1.922,2.505,2.481,2.700,2.314,1.785,2.556,6.236,4.865,1.054,4.214,5.595,2.402,2.167,7.000
DTV0061,image_driven_corporate_status,5.450,5.372,5.364,3.890,2.709,1.602,2.290,3.067,2.857,2.479,2.683,5.271,4.056,1.919,4.076,5.019,2.417,2.584,7.000
DTV0062,image_driven_corporate_status,5.762,5.494,6.026,6.207,2.817,2.698,2.653,2.319,3.038,2.528,1.905,6.439,4.364,1.831,4.432,5.872,2.622,2.729,7.000
DTV0063,image_driven_corporate_status,5.111,4.333,4.163,3.827,3.056,2.819,4.141,3.476,2.898,3.087,2.241,5.969,3.797,2.515,3.886,4.359,3.373,3.119,6.914
DTV0064,image_driven_corporate_status,7.000,6.233,5.159,5.805,2.403,2.225,2.263,2.394,1.438,2.110,2.668,6.428,5.113,1.910,4.526,6.049,2.321,1.956,7.000
DTV0065,image_driven_corporate_status,4.161,5.514,3.943,4.328,2.539,3.351,2.953,2.809,2.346,3.127,2.686,5.696,3.964,2.187,3.706,4.487,2.913,2.795,6.452
DTV0066,image_driven_corporate_status,4.982,6.768,5.181,5.721,3.384,3.230,2.968,3.213,3.112,2.947,2.555,6.352,4.080,2.155,4.607,5.663,3.199,3.086,7.000
DTV0067,image_driven_corporate_status,4.381,5.587,4.840,3.939,2.263,2.414,2.324,2.475,1.945,2.455,2.056,5.673,4.584,1.584,3.980,4.687,2.369,2.256,7.000
DTV0068,image_driven_corporate_status,4.909,5.852,5.162,4.714,2.858,2.115,2.689,2.776,1.400,3.051,2.064,5.915,4.017,1.690,4.120,5.159,2.610,2.354,7.000
DTV0069,image_driven_corporate_status,5.846,6.488,5.292,5.842,3.150,3.279,2.590,2.760,2.450,2.751,2.359,5.726,4.192,1.869,4.786,5.867,2.945,2.715,7.000
DTV0070,image_driven_corporate_status,4.395,5.868,4.421,5.080,2.894,2.617,2.708,2.160,2.565,2.596,2.150,5.794,3.614,2.603,4.671,4.941,2.595,2.585,7.000
DTV0071,image_driven_corporate_status,5.393,6.047,5.585,4.994,2.278,2.762,2.791,2.461,2.889,2.051,2.419,6.312,4.726,1.709,4.954,5.505,2.573,2.504,7.000
DTV0072,image_driven_corporate_status,5.150,5.320,5.298,5.118,2.675,2.492,2.232,3.171,2.649,2.698,2.696,4.841,4.119,1.990,3.550,5.222,2.642,2.663,7.000
DTV0073,image_driven_corporate_status,6.096,5.911,6.992,5.083,2.737,2.780,2.528,2.918,2.456,2.588,2.686,5.545,5.131,1.190,4.432,6.020,2.741,2.595,7.000
DTV0074,image_driven_corporate_status,5.134,5.053,6.886,5.343,2.019,2.100,1.709,1.855,2.381,2.225,2.733,5.356,4.114,1.350,4.020,5.604,1.921,2.176,7.000
DTV0075,image_driven_corporate_status,4.982,4.863,6.064,4.969,2.303,2.059,3.029,2.617,2.404,2.314,2.594,5.974,4.332,2.192,3.949,5.219,2.502,2.406,7.000
DTV0076,image_driven_corporate_status,5.053,4.680,5.738,5.148,2.619,2.448,2.138,2.222,1.558,1.902,2.364,5.574,3.703,1.849,5.324,5.155,2.357,1.939,7.000
DTV0077,image_driven_corporate_status,5.051,5.133,5.931,5.069,2.460,3.102,2.756,3.523,3.223,2.725,2.525,5.868,4.092,2.104,4.528,5.296,2.961,2.969,7.000
DTV0078,image_driven_corporate_status,6.585,6.061,5.645,5.854,1.886,3.257,1.877,1.952,2.408,2.170,2.677,6.189,4.939,2.435,5.207,6.036,2.243,2.274,7.000
DTV0079,image_driven_corporate_status,5.289,4.474,5.757,4.758,1.898,1.946,1.366,1.495,1.552,1.941,2.680,5.810,4.656,1.118,4.271,5.070,1.676,1.723,7.000
DTV0080,image_driven_corporate_status,5.719,4.825,6.697,5.779,1.952,1.706,2.018,1.000,1.586,2.761,3.123,5.288,4.630,1.370,4.349,5.755,1.669,2.005,7.000
DTV0081,image_driven_corporate_status,6.886,6.122,6.278,6.642,2.797,3.125,1.468,2.127,2.089,2.013,2.734,5.795,5.357,1.612,4.180,6.482,2.379,2.160,7.000
DTV0082,image_driven_corporate_status,4.337,5.039,4.477,5.950,1.733,2.405,2.757,2.577,1.867,2.007,3.193,5.515,4.107,1.810,3.713,4.951,2.368,2.081,6.283
DTV0083,image_driven_corporate_status,4.682,5.003,5.831,6.239,3.661,3.464,3.306,3.248,3.963,3.291,2.093,5.823,3.812,2.609,4.141,5.439,3.420,3.558,7.000
DTV0084,image_driven_corporate_status,4.942,5.066,5.617,6.298,2.654,3.337,2.262,3.292,2.932,2.464,3.183,5.258,3.988,2.079,4.623,5.480,2.886,2.761,6.972
DTV0085,image_driven_corporate_status,5.884,4.823,5.214,6.544,2.818,3.260,2.576,3.404,3.028,2.430,2.843,6.017,4.809,2.182,4.139,5.616,3.015,2.824,7.000
DTV0086,image_driven_corporate_status,4.388,4.750,5.557,6.232,3.083,3.276,2.356,3.058,3.001,2.919,2.815,6.050,3.554,2.094,4.274,5.232,2.943,2.954,7.000
DTV0087,image_driven_corporate_status,5.065,5.534,5.683,6.634,3.094,2.545,2.091,2.469,2.590,2.094,2.733,5.607,4.147,2.226,4.379,5.729,2.550,2.411,7.000
DTV0088,image_driven_corporate_status,5.701,5.350,5.493,6.825,3.245,2.859,2.968,3.408,2.645,2.681,1.979,5.497,4.137,2.264,4.124,5.842,3.120,2.815,7.000
DTV0089,image_driven_corporate_status,4.874,4.982,4.856,4.875,4.982,3.804,4.225,3.042,3.615,3.994,1.955,5.920,3.565,3.485,3.903,4.897,4.013,3.874,7.000
DTV0090,image_driven_corporate_status,4.171,4.313,4.864,4.890,3.958,4.009,3.508,4.036,2.706,2.948,2.064,5.725,3.200,3.279,3.939,4.559,3.878,3.177,7.000
DTV0091,image_driven_corporate_status,4.989,4.269,5.448,4.217,4.244,2.896,3.983,3.794,3.770,3.349,2.049,5.733,2.827,2.704,3.980,4.731,3.729,3.616,7.000
DTV0092,image_driven_corporate_status,4.391,4.901,4.204,5.167,3.551,3.857,3.568,4.147,3.804,2.746,2.696,5.551,3.569,2.852,3.983,4.666,3.781,3.444,6.694
DTV0093,image_driven_corporate_status,4.680,5.627,5.972,4.356,3.669,3.892,4.400,3.009,3.591,4.232,1.849,5.959,3.823,2.983,3.859,5.159,3.743,3.855,7.000
DTV0094,image_driven_corporate_status,5.372,5.035,4.801,5.368,4.409,3.761,4.664,3.888,3.218,3.477,2.838,5.748,3.587,2.975,3.623,5.144,4.180,3.625,7.000
DTV0095,image_driven_corporate_status,4.124,4.368,4.634,4.569,4.717,4.765,4.923,4.824,3.990,3.497,3.208,5.308,2.964,3.226,2.672,4.424,4.807,4.098,5.591
DTV0096,image_driven_corporate_status,5.456,4.944,4.831,4.555,3.989,4.722,4.224,5.072,3.258,3.722,2.229,5.202,4.123,2.443,3.654,4.946,4.502,3.827,7.000
DTV0097,image_driven_corporate_status,5.164,5.137,5.644,6.230,1.932,1.950,2.337,1.672,2.559,2.498,2.283,5.970,4.709,1.646,3.986,5.544,1.972,2.343,7.000
DTV0098,image_driven_corporate_status,5.432,5.716,5.168,5.853,2.140,2.309,2.509,2.130,2.500,2.487,2.681,6.259,4.594,2.688,4.050,5.543,2.272,2.420,7.000
DTV0099,image_driven_corporate_status,5.753,6.119,5.131,5.717,2.769,3.233,2.529,2.625,2.956,2.816,2.361,5.606,4.996,1.848,4.129,5.680,2.789,2.854,7.000
DTV0100,image_driven_corporate_status,4.644,5.015,5.259,4.774,2.263,3.490,2.598,2.941,2.824,2.377,2.253,5.433,3.979,1.858,4.766,4.923,2.823,2.675,7.000
DTV0101,image_driven_corporate_status,5.388,5.636,5.036,4.764,1.817,1.572,2.197,2.855,2.131,1.617,2.822,5.483,4.100,1.656,4.071,5.206,2.110,1.953,7.000
DTV0102,image_driven_corporate_status,6.044,5.608,5.847,5.525,3.081,3.133,2.600,3.853,3.083,2.074,2.604,6.296,4.635,2.494,3.904,5.756,3.167,2.775,7.000
DTV0103,image_driven_corporate_status,5.978,6.509,5.855,5.554,1.558,2.679,2.594,2.701,2.051,1.632,2.902,5.565,4.282,2.001,4.763,5.974,2.383,2.022,7.000
DTV0104,image_driven_corporate_status,5.735,5.156,4.999,5.177,2.788,2.723,2.748,2.633,2.763,2.216,2.766,6.051,4.340,2.699,3.655,5.267,2.723,2.567,7.000
DTV0105,image_driven_corporate_status,4.819,4.313,4.533,4.920,3.721,2.987,3.319,2.922,2.990,3.045,2.246,5.676,3.478,2.138,4.289,4.646,3.237,3.091,7.000
DTV0106,image_driven_corporate_status,4.889,4.335,4.997,4.936,3.186,2.948,3.047,3.866,3.180,3.453,2.599,5.534,3.935,1.966,3.478,4.789,3.262,3.298,7.000
DTV0107,image_driven_corporate_status,3.819,4.261,3.163,4.385,3.586,3.598,3.938,3.624,2.945,2.440,2.441,5.561,3.048,2.450,3.312,3.907,3.687,3.024,5.937
DTV0108,image_driven_corporate_status,4.605,4.837,4.412,5.236,3.485,3.677,3.381,3.132,2.974,2.992,2.716,6.146,3.464,2.807,3.805,4.773,3.419,3.128,6.815
DTV0109,image_driven_corporate_status,5.487,4.827,5.505,4.625,2.948,3.922,2.438,3.226,2.795,3.072,3.044,5.630,3.919,1.986,3.497,5.111,3.133,3.000,6.740
DTV0110,image_driven_corporate_status,5.381,5.409,5.881,4.902,3.477,4.144,4.009,3.445,3.192,2.632,1.987,6.017,3.832,1.927,4.765,5.393,3.768,3.198,7.000
DTV0111,image_driven_corporate_status,4.504,3.852,4.343,3.640,3.865,3.640,2.607,3.903,3.100,2.518,2.328,5.460,3.563,2.782,3.297,4.085,3.504,3.041,6.361
DTV0112,image_driven_corporate_status,4.154,5.316,3.707,4.186,3.172,3.866,3.736,3.944,2.719,3.227,2.183,6.038,3.724,2.741,2.864,4.341,3.680,3.209,6.971
DTV0113,competitive_low_oversight,6.021,4.456,5.020,3.800,3.643,2.977,3.034,2.738,2.326,2.423,1.802,5.628,4.146,2.594,4.108,4.824,3.098,2.616,7.000
DTV0114,competitive_low_oversight,5.256,4.805,5.289,4.811,3.030,2.610,3.164,2.894,2.302,2.792,2.390,5.874,3.970,2.183,4.505,5.040,2.924,2.673,7.000
DTV0115,competitive_low_oversight,7.000,5.546,6.049,6.166,3.383,2.232,2.667,2.301,2.604,2.553,1.598,6.104,4.570,1.408,4.642,6.190,2.646,2.601,7.000
DTV0116,competitive_low_oversight,6.001,5.828,5.838,4.850,3.652,2.663,2.837,2.827,2.633,3.039,1.981,5.019,4.553,1.609,4.712,5.629,2.995,2.889,7.000
DTV0117,competitive_low_oversight,6.371,5.024,5.977,5.273,2.468,2.263,2.636,2.178,2.608,1.673,1.972,5.394,5.163,1.572,4.727,5.661,2.386,2.222,7.000
DTV0118,competitive_low_oversight,6.614,5.304,6.031,5.580,3.207,3.426,2.657,2.968,2.056,2.959,1.683,5.834,4.870,2.228,4.472,5.882,3.065,2.693,7.000
DTV0119,competitive_low_oversight,6.833,5.198,5.565,5.209,2.992,2.399,2.253,2.951,1.936,2.654,2.156,5.589,4.687,1.401,4.192,5.701,2.649,2.413,7.000
DTV0120,competitive_low_oversight,6.028,5.347,6.261,5.432,2.283,2.557,2.231,2.324,2.461,2.001,1.936,5.487,4.846,1.920,4.085,5.767,2.349,2.270,7.000
DTV0121,competitive_low_oversight,5.500,6.796,4.742,5.090,3.726,3.148,3.902,3.212,2.904,2.992,2.126,5.955,3.744,2.764,4.538,5.532,3.497,3.131,7.000
DTV0122,competitive_low_oversight,4.577,5.952,4.715,4.337,2.076,2.428,2.423,2.443,2.231,2.113,1.664,5.203,4.293,2.170,4.376,4.895,2.342,2.229,7.000
DTV0123,competitive_low_oversight,5.509,6.275,4.693,5.611,2.309,3.365,2.994,2.783,2.126,2.402,2.563,5.451,4.313,1.819,4.069,5.522,2.863,2.464,7.000
DTV0124,competitive_low_oversight,5.263,6.345,4.625,4.915,1.452,2.140,2.263,1.579,1.647,2.622,2.918,5.045,4.158,1.589,3.641,5.287,1.859,2.043,7.000
DTV0125,competitive_low_oversight,4.729,4.761,4.655,4.293,2.547,3.049,2.688,1.987,2.053,2.723,1.346,5.763,3.565,2.168,3.694,4.610,2.568,2.448,7.000
DTV0126,competitive_low_oversight,6.129,6.900,4.916,4.641,3.082,3.553,2.539,3.030,2.237,2.605,2.030,5.593,4.369,2.285,4.372,5.647,3.051,2.631,7.000
DTV0127,competitive_low_oversight,5.104,6.311,5.362,4.981,1.687,1.599,1.900,1.809,2.394,1.427,1.641,5.584,4.395,1.989,4.614,5.440,1.749,1.857,7.000
DTV0128,competitive_low_oversight,5.451,5.380,5.494,5.792,2.276,2.524,2.233,1.891,1.367,1.300,1.936,5.680,4.267,1.886,4.057,5.529,2.231,1.633,7.000
DTV0129,competitive_low_oversight,4.488,4.096,6.496,5.161,3.119,2.047,2.106,3.228,2.210,2.405,1.936,4.948,3.061,1.310,4.939,5.060,2.625,2.413,7.000
DTV0130,competitive_low_oversight,5.409,4.859,6.026,5.295,3.709,3.423,3.498,3.967,2.595,2.828,1.830,5.982,4.136,2.454,3.900,5.397,3.649,3.024,7.000
DTV0131,competitive_low_oversight,4.521,5.720,5.176,4.032,2.084,2.080,2.296,2.638,2.438,1.795,2.582,5.494,4.660,1.585,3.991,4.862,2.274,2.169,7.000
DTV0132,competitive_low_oversight,4.865,4.618,5.573,4.237,3.091,2.543,2.338,2.350,2.357,2.424,2.575,5.163,4.274,1.671,3.865,4.823,2.580,2.454,7.000
DTV0133,competitive_low_oversight,5.049,5.430,5.567,5.013,1.807,2.223,1.397,1.854,1.875,1.629,1.875,5.908,4.631,1.240,5.145,5.265,1.820,1.775,7.000
DTV0134,competitive_low_oversight,5.984,5.486,6.611,6.081,1.984,2.443,1.880,2.152,1.431,1.718,2.512,5.440,4.813,1.787,3.971,6.041,2.115,1.755,7.000
DTV0135,competitive_low_oversight,4.897,5.495,6.056,4.755,2.421,1.801,2.052,1.916,1.802,2.550,2.138,5.317,4.062,1.847,4.151,5.301,2.047,2.133,7.000
DTV0136,competitive_low_oversight,5.868,4.309,5.980,5.534,2.467,2.456,2.040,2.430,2.115,2.027,1.726,5.575,4.411,2.238,4.578,5.423,2.348,2.163,7.000
DTV0137,competitive_low_oversight,5.281,5.573,5.067,6.373,1.000,2.304,2.276,2.182,1.277,1.821,2.168,5.905,4.236,1.549,4.348,5.574,1.940,1.680,7.000
DTV0138,competitive_low_oversight,4.596,4.783,5.371,5.828,2.636,2.622,3.405,3.163,2.872,1.994,1.724,5.742,3.356,2.099,5.119,5.144,2.957,2.608,7.000
DTV0139,competitive_low_oversight,4.828,6.017,5.914,6.882,2.419,3.685,3.282,3.291,2.759,1.552,1.482,5.654,4.114,2.517,4.187,5.910,3.169,2.493,7.000
DTV0140,competitive_low_oversight,5.252,5.047,5.127,6.432,1.475,1.542,2.825,2.093,2.233,2.346,1.873,5.368,4.415,1.608,4.295,5.464,1.984,2.187,7.000
DTV0141,competitive_low_oversight,4.571,4.555,4.553,5.239,2.583,2.549,2.754,1.767,2.287,2.543,1.583,5.190,3.988,2.042,4.203,4.729,2.413,2.415,7.000
DTV0142,competitive_low_oversight,4.439,4.860,4.651,6.327,3.232,2.571,2.577,2.704,2.444,2.947,1.753,5.736,3.961,2.174,4.347,5.069,2.771,2.721,7.000
DTV0143,competitive_low_oversight,5.258,4.437,5.515,6.176,2.507,2.579,2.567,2.056,2.701,2.407,2.137,5.551,3.851,1.931,4.315,5.346,2.427,2.512,7.000
DTV0144,competitive_low_oversight,5.659,5.385,6.378,6.357,3.753,3.031,3.570,3.098,3.004,2.704,1.406,5.944,4.318,1.984,4.331,5.945,3.363,3.023,7.000
DTV0145,competitive_low_oversight,4.227,5.466,3.609,4.604,3.876,3.787,4.202,4.226,2.947,2.871,2.239,5.611,3.075,2.338,3.999,4.476,4.023,3.280,7.000
DTV0146,competitive_low_oversight,4.254,4.647,4.953,4.725,3.686,3.805,4.362,4.336,3.727,2.449,2.142,5.806,3.787,2.757,4.109,4.645,4.047,3.408,7.000
DTV0147,competitive_low_oversight,5.145,5.099,4.706,3.999,3.281,3.281,3.346,3.747,2.749,3.070,1.998,5.425,3.454,2.651,3.731,4.737,3.414,3.077,7.000
DTV0148,competitive_low_oversight,4.571,5.217,5.496,4.708,3.529,3.845,4.428,3.812,3.198,2.799,1.879,5.219,3.206,2.536,4.276,4.998,3.903,3.300,7.000
DTV0149,competitive_low_oversight,4.140,3.648,4.182,4.877,3.935,3.925,3.620,3.779,3.389,3.337,1.898,6.075,2.840,3.078,4.287,4.212,3.815,3.514,7.000
DTV0150,competitive_low_oversight,5.084,5.127,5.225,5.279,4.678,4.852,4.484,4.179,4.286,3.384,1.883,5.792,3.455,3.007,4.321,5.179,4.548,4.073,7.000
DTV0151,competitive_low_oversight,4.102,4.173,5.329,4.284,4.200,3.816,4.071,3.979,3.429,2.785,2.374,5.424,2.921,3.324,3.636,4.472,4.017,3.410,6.896
DTV0152,competitive_low_oversight,4.786,4.194,4.395,4.688,4.129,4.194,4.920,4.011,3.985,3.448,1.841,5.014,3.530,2.226,3.292,4.516,4.314,3.916,7.000
DTV0153,competitive_low_oversight,5.343,4.836,4.692,4.917,1.723,2.725,2.731,2.220,2.435,2.512,1.886,5.477,3.618,1.626,4.126,4.947,2.350,2.432,7.000
DTV0154,competitive_low_oversight,5.142,4.986,5.469,5.086,2.978,2.233,3.086,2.967,2.591,2.779,2.029,5.571,4.138,1.694,3.509,5.171,2.816,2.729,7.000
DTV0155,competitive_low_oversight,5.930,6.378,6.332,6.448,1.802,2.389,2.155,2.038,2.566,2.029,1.900,6.218,4.948,1.816,4.935,6.272,2.096,2.230,7.000
DTV0156,competitive_low_oversight,7.000,6.661,6.092,5.650,2.117,2.686,2.246,2.274,2.279,1.884,2.035,5.741,4.835,1.904,4.813,6.351,2.331,2.164,7.000
DTV0157,competitive_low_oversight,6.226,5.971,5.186,5.547,1.585,2.315,2.284,1.847,1.360,1.904,1.952,5.781,4.503,1.490,4.100,5.732,2.008,1.757,7.000
DTV0158,competitive_low_oversight,5.880,5.136,5.409,6.172,1.354,1.819,1.700,2.815,2.182,2.192,2.435,5.790,4.638,1.847,4.796,5.649,1.922,2.098,7.000
DTV0159,competitive_low_oversight,6.274,5.445,4.975,4.990,2.635,2.958,2.324,3.136,2.923,2.033,3.031,5.454,4.510,1.547,4.206,5.421,2.763,2.573,7.000
DTV0160,competitive_low_oversight,5.642,5.438,5.475,5.266,2.240,2.854,2.740,2.728,2.048,2.378,2.676,5.411,4.625,2.390,4.742,5.455,2.641,2.356,7.000
DTV0161,competitive_low_oversight,5.221,5.718,5.732,5.359,2.923,1.626,2.601,2.979,1.947,2.088,1.997,5.256,3.841,1.681,3.635,5.507,2.532,2.189,7.000
DTV0162,competitive_low_oversight,4.367,3.990,5.337,5.289,2.420,2.595,2.850,3.099,2.860,2.522,1.804,5.658,3.872,1.667,3.586,4.746,2.741,2.708,7.000
DTV0163,competitive_low_oversight,4.821,4.188,4.482,4.420,2.828,3.617,3.441,3.979,3.020,2.809,1.900,4.336,3.321,1.935,3.992,4.478,3.466,3.098,7.000
DTV0164,competitive_low_oversight,4.299,3.948,4.522,4.212,3.049,3.651,3.550,4.384,2.385,2.684,1.513,5.113,3.780,2.200,3.277,4.245,3.659,2.909,7.000
DTV0165,competitive_low_oversight,4.570,4.605,4.332,5.273,2.864,2.551,2.741,3.004,2.882,2.649,1.794,5.492,4.448,1.725,4.376,4.695,2.790,2.774,7.000
DTV0166,competitive_low_oversight,4.050,3.861,3.852,2.895,2.608,2.719,2.899,3.850,2.684,2.526,1.728,5.253,3.690,2.614,4.430,3.665,3.019,2.743,6.440
DTV0167,competitive_low_oversight,4.444,4.602,4.499,4.620,2.984,2.866,2.151,1.210,2.504,2.974,1.768,5.209,3.520,1.766,4.289,4.542,2.302,2.593,7.000
DTV0168,competitive_low_oversight,4.346,5.008,4.457,4.813,3.420,2.632,2.464,1.901,3.079,2.632,2.000,5.473,2.686,1.539,4.330,4.656,2.604,2.772,7.000
DTV0169,community_care_context,4.825,2.966,3.054,3.028,3.735,4.113,3.559,4.691,4.113,3.432,5.446,2.826,1.934,3.710,1.000,3.468,4.024,3.857,1.796
DTV0170,community_care_context,5.338,3.573,3.705,3.248,3.397,2.946,4.048,3.899,3.719,2.933,4.413,2.789,1.875,2.920,2.360,3.966,3.572,3.408,3.421
DTV0171,community_care_context,4.872,3.734,2.759,4.086,3.585,3.935,3.756,3.335,3.833,3.459,4.480,3.460,2.558,2.691,1.868,3.863,3.653,3.648,3.245
DTV0172,community_care_context,5.429,5.172,5.701,5.868,3.745,3.487,3.755,3.578,3.421,3.768,4.686,3.648,2.982,2.650,2.714,5.543,3.641,3.610,4.275
DTV0173,community_care_context,4.239,3.489,3.149,2.925,4.554,4.383,4.641,4.309,4.312,4.347,4.977,3.059,1.769,4.347,1.304,3.451,4.472,4.377,2.327
DTV0174,community_care_context,5.317,4.032,4.781,4.118,4.085,3.144,4.914,3.488,3.389,3.398,3.955,2.787,2.915,3.129,2.593,4.562,3.908,3.565,4.630
DTV0175,community_care_context,4.894,3.333,4.921,4.109,4.455,5.401,5.101,4.534,4.430,3.969,4.966,2.826,2.704,4.147,2.109,4.314,4.873,4.424,2.926
DTV0176,community_care_context,4.841,3.499,3.575,4.333,4.730,4.862,4.473,4.082,4.160,4.374,4.976,3.088,1.722,3.836,1.529,4.062,4.537,4.357,2.740
DTV0177,community_care_context,3.911,5.221,4.043,4.136,4.180,4.208,4.656,3.444,3.233,4.539,4.679,3.712,2.845,2.944,2.341,4.328,4.122,3.965,3.348
DTV0178,community_care_context,3.189,4.574,2.507,3.308,3.504,3.584,3.753,3.481,3.412,3.847,4.893,2.733,1.365,3.101,1.251,3.394,3.581,3.613,2.384
DTV0179,community_care_context,3.895,4.992,2.607,3.254,3.850,4.021,3.839,3.926,3.419,3.251,4.882,3.333,1.933,3.319,1.504,3.687,3.909,3.526,2.604
DTV0180,community_care_context,4.024,4.900,3.746,3.784,4.966,4.248,4.320,4.050,4.578,3.912,4.656,2.905,2.099,4.043,1.934,4.113,4.396,4.295,3.214
DTV0181,community_care_context,4.049,5.522,3.973,3.886,4.044,4.242,2.895,3.615,3.655,3.157,4.111,3.274,2.530,2.780,2.993,4.358,3.699,3.504,4.197
DTV0182,community_care_context,2.956,4.922,3.422,2.259,3.569,4.299,3.720,4.394,3.587,3.898,4.861,2.823,2.204,3.529,1.666,3.389,3.996,3.827,2.417
DTV0183,community_care_context,3.962,5.151,3.224,3.573,4.877,5.054,4.369,4.249,4.516,3.740,5.077,3.299,3.105,4.246,2.186,3.978,4.637,4.298,2.549
DTV0184,community_care_context,2.126,4.378,2.255,2.867,3.423,3.960,4.870,4.710,4.110,5.206,4.224,3.072,1.701,3.984,1.522,2.907,4.241,4.519,2.690
DTV0185,community_care_context,3.135,2.444,4.315,3.871,3.663,3.976,3.308,4.490,4.494,3.571,5.138,2.998,1.854,4.083,1.261,3.441,3.859,3.975,2.136
DTV0186,community_care_context,3.501,3.611,4.677,4.338,5.089,4.215,4.557,4.389,4.624,4.117,4.541,2.567,1.082,4.040,1.457,4.032,4.563,4.435,3.305
DTV0187,community_care_context,3.744,3.890,5.676,3.784,4.692,4.662,4.473,3.508,4.114,3.935,4.349,3.121,1.776,4.038,2.474,4.274,4.334,4.127,3.776
DTV0188,community_care_context,3.450,4.489,5.416,4.722,3.563,3.561,4.173,3.259,3.881,3.768,4.594,3.256,2.549,3.646,2.592,4.519,3.639,3.763,3.624
DTV0189,community_care_context,3.366,4.236,5.627,4.412,3.026,3.535,3.668,2.747,3.082,3.890,4.451,2.313,2.365,3.199,2.697,4.410,3.244,3.405,3.747
DTV0190,community_care_context,3.896,3.386,4.412,3.134,4.924,4.396,3.739,3.961,4.016,3.592,4.651,2.906,1.950,3.449,2.469,3.707,4.255,3.954,2.902
DTV0191,community_care_context,3.236,3.254,3.434,3.324,4.513,3.844,4.258,3.939,3.814,4.434,3.878,2.613,2.298,3.031,1.664,3.312,4.139,4.129,3.447
DTV0192,community_care_context,3.150,3.713,3.627,3.111,3.866,3.169,3.882,3.457,2.709,3.455,4.717,3.804,2.095,3.185,1.811,3.400,3.594,3.253,2.588
DTV0193,community_care_context,4.018,4.771,5.124,6.324,2.921,3.343,3.400,3.328,2.936,3.099,4.476,2.537,2.575,2.754,2.852,5.059,3.248,3.094,4.257
DTV0194,community_care_context,4.503,4.252,4.679,5.611,3.200,3.400,3.994,2.868,2.850,4.160,4.884,2.354,2.614,2.671,2.483,4.761,3.366,3.459,3.358
DTV0195,community_care_context,1.827,2.043,2.466,3.099,3.528,3.989,4.150,3.918,4.239,3.331,4.509,2.707,1.000,3.520,1.520,2.359,3.896,3.822,1.959
DTV0196,community_care_context,3.597,3.921,3.821,4.904,3.920,4.548,4.701,5.373,4.877,3.700,4.644,2.703,2.347,4.520,2.015,4.061,4.636,4.404,3.188
DTV0197,community_care_context,3.344,2.935,3.433,4.868,4.921,4.602,3.900,4.426,4.261,3.619,4.447,2.756,1.513,3.683,1.675,3.645,4.462,4.114,3.102
DTV0198,community_care_context,2.869,3.269,3.325,4.599,4.978,4.432,4.314,4.198,4.120,4.230,5.126,2.959,1.000,3.679,1.381,3.515,4.480,4.277,2.196
DTV0199,community_care_context,3.503,3.218,4.077,4.482,3.723,3.773,3.684,3.632,4.342,3.650,4.854,3.054,1.636,3.430,2.185,3.820,3.703,3.898,2.732
DTV0200,community_care_context,3.331,3.265,2.324,4.564,4.832,4.662,4.070,3.741,3.894,4.289,5.110,3.291,1.112,3.909,1.656,3.371,4.326,4.170,2.124
DTV0201,community_care_context,3.576,3.294,3.069,3.656,5.228,5.097,4.829,4.923,4.439,4.482,4.014,3.275,1.387,3.414,1.311,3.399,5.019,4.647,3.382
DTV0202,community_care_context,2.971,3.073,2.858,2.842,4.867,6.411,5.350,6.318,4.943,4.570,4.378,3.197,1.110,3.259,1.496,2.936,5.736,5.083,2.566
DTV0203,community_care_context,2.878,2.498,1.815,2.116,5.939,5.059,5.708,5.716,5.123,5.109,4.344,2.897,1.000,4.764,1.000,2.327,5.606,5.279,2.060
DTV0204,community_care_context,3.620,3.249,3.294,2.453,5.077,3.879,4.498,4.183,4.137,4.363,4.542,3.131,1.349,3.815,1.735,3.154,4.409,4.303,2.584
DTV0205,community_care_context,3.394,4.249,4.209,4.112,5.518,4.865,4.914,5.058,4.057,4.841,4.495,2.996,2.026,4.335,1.554,3.991,5.089,4.662,3.332
DTV0206,community_care_context,4.450,3.443,4.200,3.667,4.618,4.249,5.047,4.376,4.623,4.175,4.855,3.288,1.986,4.163,1.623,3.940,4.573,4.457,2.818
DTV0207,community_care_context,3.756,3.453,3.966,2.979,5.612,5.863,4.814,5.481,3.824,4.589,4.657,2.466,1.243,4.231,1.610,3.539,5.442,4.618,2.763
DTV0208,community_care_context,2.517,2.818,2.828,3.541,5.347,4.922,4.296,4.616,4.130,3.447,4.754,2.916,1.000,3.993,1.000,2.926,4.795,4.124,2.191
DTV0209,community_care_context,3.997,3.618,3.678,3.613,2.964,2.733,2.905,3.009,2.946,2.857,4.592,2.996,2.682,2.897,2.056,3.727,2.903,2.902,2.992
DTV0210,community_care_context,4.599,5.107,4.475,4.877,4.017,3.668,3.024,2.968,2.994,3.730,4.801,3.459,3.482,3.682,2.459,4.764,3.419,3.381,3.493
DTV0211,community_care_context,3.822,3.831,3.419,3.801,4.726,3.959,5.072,4.671,3.705,4.353,5.241,2.878,1.159,3.857,1.519,3.718,4.607,4.222,2.181
DTV0212,community_care_context,4.211,5.064,5.269,4.301,3.772,4.365,4.119,4.007,2.996,4.175,4.607,2.572,2.377,3.608,2.613,4.711,4.066,3.746,3.758
DTV0213,community_care_context,4.333,3.896,4.491,4.664,3.648,3.935,3.952,4.014,3.736,3.547,4.821,3.796,2.908,3.696,2.357,4.346,3.887,3.723,3.156
DTV0214,community_care_context,4.402,4.579,4.698,4.643,4.346,4.243,3.581,3.587,3.835,3.624,4.491,2.948,2.084,3.658,2.495,4.581,3.939,3.799,3.831
DTV0215,community_care_context,4.121,4.700,4.946,4.555,3.672,3.821,4.149,3.953,3.646,3.259,4.984,3.454,2.934,2.390,2.120,4.580,3.899,3.601,3.078
DTV0216,community_care_context,3.988,4.656,3.959,4.571,3.905,4.203,3.931,3.234,3.064,3.363,4.677,2.518,2.097,2.811,2.367,4.294,3.818,3.415,3.324
DTV0217,community_care_context,2.724,3.155,2.762,3.068,4.583,5.085,4.870,4.752,4.592,4.594,4.816,2.740,1.000,4.327,1.137,2.927,4.822,4.669,2.131
DTV0218,community_care_context,3.453,3.358,3.385,4.598,5.786,5.505,5.171,4.089,4.533,4.493,5.049,3.604,1.922,3.891,1.832,3.699,5.138,4.721,2.405
DTV0219,community_care_context,3.455,3.457,2.976,3.734,5.286,5.092,5.010,4.716,4.203,4.192,4.695,3.244,1.493,4.184,1.632,3.406,5.026,4.474,2.617
DTV0220,community_care_context,4.013,3.483,4.158,4.390,4.852,5.189,4.658,4.458,3.798,3.471,4.592,2.637,1.819,3.632,1.508,4.011,4.789,4.019,3.219
DTV0221,community_care_context,3.038,3.616,3.202,4.833,4.928,5.610,6.301,4.787,4.831,4.700,4.894,3.022,1.289,4.279,1.363,3.672,5.407,4.979,2.578
DTV0222,community_care_context,4.225,4.154,2.843,3.357,4.976,4.393,4.743,4.465,4.112,3.369,4.124,2.939,1.548,3.588,1.797,3.645,4.644,4.041,3.494
DTV0223,community_care_context,3.001,3.830,3.796,3.120,5.474,5.275,5.577,4.941,4.482,4.758,4.375,4.021,1.149,3.887,2.045,3.437,5.317,4.852,3.007
DTV0224,community_care_context,2.901,3.509,3.454,3.065,3.596,4.337,4.133,3.905,3.715,3.700,5.099,2.265,1.867,3.654,1.563,3.232,3.993,3.803,2.048
DTV0225,digital_attention_environment,7.000,5.396,6.017,5.235,2.663,2.622,3.000,2.362,2.671,1.743,1.884,5.581,4.763,2.397,4.413,5.912,2.662,2.359,7.000
DTV0226,digital_attention_environment,5.812,4.171,5.391,4.967,3.532,2.060,3.343,2.184,1.907,2.126,2.219,5.173,3.784,1.809,3.717,5.085,2.780,2.271,7.000
DTV0227,digital_attention_environment,4.811,3.901,3.906,4.061,3.203,3.158,2.704,3.155,3.524,2.689,2.914,4.731,3.606,2.885,3.128,4.170,3.055,3.089,5.679
DTV0228,digital_attention_environment,6.028,4.952,5.417,5.013,3.044,3.629,2.531,2.833,2.575,2.104,2.744,5.529,4.157,1.644,4.606,5.352,3.009,2.563,7.000
DTV0229,digital_attention_environment,7.000,6.015,5.356,5.935,2.243,1.977,1.670,2.111,1.352,2.616,2.240,5.748,4.744,1.187,4.836,6.077,2.000,1.989,7.000
DTV0230,digital_attention_environment,6.002,5.296,5.982,6.248,2.504,3.198,2.743,2.825,3.149,2.623,1.859,5.625,4.852,2.283,5.167,5.882,2.817,2.863,7.000
DTV0231,digital_attention_environment,6.094,4.810,4.782,5.230,3.004,2.486,2.215,2.655,2.842,1.981,2.370,5.091,4.288,1.915,3.563,5.229,2.590,2.471,7.000
DTV0232,digital_attention_environment,6.089,4.841,5.208,4.322,3.582,2.863,2.760,3.458,3.405,2.299,2.266,5.811,4.133,2.831,3.885,5.115,3.166,2.957,7.000
DTV0233,digital_attention_environment,5.875,7.000,5.831,5.163,2.281,2.586,3.117,2.843,1.659,1.756,1.887,5.289,4.467,1.825,4.130,5.967,2.707,2.040,7.000
DTV0234,digital_attention_environment,5.429,5.886,4.874,5.247,2.818,3.057,2.993,2.538,2.089,2.011,2.534,5.404,4.378,1.537,3.875,5.359,2.852,2.317,7.000
DTV0235,digital_attention_environment,4.468,6.038,4.153,4.820,1.639,1.667,2.586,2.645,1.934,2.223,1.554,5.406,4.240,1.836,4.499,4.870,2.134,2.097,7.000
DTV0236,digital_attention_environment,5.397,6.015,5.230,5.291,2.394,3.014,2.689,3.110,2.959,2.684,2.151,5.630,4.348,2.150,4.393,5.484,2.802,2.815,7.000
DTV0237,digital_attention_environment,5.345,6.233,5.189,4.918,2.952,3.275,3.416,2.966,2.701,2.472,1.562,4.802,3.974,2.233,3.933,5.421,3.152,2.775,7.000
DTV0238,digital_attention_environment,4.716,5.233,3.728,3.962,2.606,2.462,2.658,2.935,2.233,1.847,2.052,5.558,3.300,1.714,4.068,4.410,2.665,2.248,7.000
DTV0239,digital_attention_environment,5.444,6.179,6.013,4.560,2.618,2.737,3.766,2.555,2.195,2.538,2.218,5.708,4.947,2.212,4.164,5.549,2.919,2.551,7.000
DTV0240,digital_attention_environment,4.421,5.881,4.233,4.995,3.501,4.371,3.642,3.481,2.918,3.405,2.499,5.287,3.530,2.691,3.646,4.883,3.749,3.357,7.000
DTV0241,digital_attention_environment,5.771,6.088,6.475,6.063,2.561,3.338,2.310,2.933,2.491,3.272,1.189,5.856,4.660,2.413,4.355,6.099,2.785,2.850,7.000
DTV0242,digital_attention_environment,5.418,5.250,7.000,5.120,2.678,3.232,1.919,2.659,2.658,2.213,2.399,5.565,4.961,1.771,4.190,5.697,2.622,2.498,7.000
DTV0243,digital_attention_environment,4.565,4.546,4.950,4.230,2.883,2.623,2.773,3.077,2.803,2.739,2.599,5.310,3.198,2.143,3.813,4.573,2.839,2.794,6.709
DTV0244,digital_attention_environment,5.679,5.492,6.022,5.124,2.107,3.696,2.647,2.958,1.659,2.422,2.080,5.395,4.790,1.417,4.456,5.579,2.852,2.311,7.000
DTV0245,digital_attention_environment,5.634,5.677,5.960,5.002,2.191,2.662,2.824,2.745,1.814,1.607,2.280,5.747,4.420,1.623,4.881,5.568,2.605,2.009,7.000
DTV0246,digital_attention_environment,5.610,4.789,6.482,5.634,2.741,2.475,2.615,1.934,2.146,2.016,2.398,5.009,4.142,1.427,4.740,5.629,2.441,2.201,7.000
DTV0247,digital_attention_environment,5.629,5.201,6.978,4.603,2.269,3.280,2.930,3.105,2.043,2.758,2.588,4.946,3.750,1.405,4.633,5.603,2.896,2.566,7.000
DTV0248,digital_attention_environment,4.980,5.545,6.692,5.139,2.915,3.862,3.428,3.674,2.700,2.303,2.589,5.221,3.814,2.463,3.497,5.589,3.470,2.824,7.000
DTV0249,digital_attention_environment,4.714,5.014,5.730,6.693,3.636,3.133,3.383,3.335,2.934,2.751,2.247,5.463,2.828,1.842,3.835,5.538,3.372,3.019,7.000
DTV0250,digital_attention_environment,5.656,4.618,5.446,5.498,2.569,2.715,1.722,1.901,2.398,1.997,2.268,5.800,4.434,1.424,4.279,5.305,2.227,2.207,7.000
DTV0251,digital_attention_environment,5.323,4.280,5.838,6.369,2.578,3.062,3.299,2.951,3.188,2.393,1.544,5.266,3.844,1.883,4.454,5.452,2.973,2.851,7.000
DTV0252,digital_attention_environment,4.315,4.800,4.595,6.160,3.584,4.036,3.861,4.069,4.134,3.105,2.809,4.615,3.319,3.231,3.468,4.968,3.887,3.709,6.939
DTV0253,digital_attention_environment,6.003,5.653,6.434,6.445,2.278,3.185,2.459,2.972,2.158,2.205,2.602,5.794,4.646,2.025,4.757,6.134,2.723,2.362,7.000
DTV0254,digital_attention_environment,4.050,4.440,5.268,6.135,2.254,1.877,2.580,2.490,2.064,1.798,2.960,4.841,3.942,1.719,4.048,4.973,2.300,2.054,6.697
DTV0255,digital_attention_environment,5.187,4.208,4.913,6.320,2.980,1.897,2.450,2.650,2.758,2.293,1.930,4.937,4.611,2.174,4.126,5.157,2.494,2.515,7.000
DTV0256,digital_attention_environment,5.351,5.608,5.980,7.000,2.731,2.562,2.124,2.962,2.886,2.103,2.703,4.971,4.523,1.494,4.370,5.985,2.595,2.528,7.000
DTV0257,digital_attention_environment,5.643,4.000,4.484,4.468,4.399,3.220,4.134,4.020,3.551,3.144,2.306,4.743,3.498,2.740,4.311,4.649,3.943,3.546,7.000
DTV0258,digital_attention_environment,4.412,4.572,5.051,3.400,3.622,4.221,4.079,3.978,3.742,3.738,2.468,5.270,3.182,3.384,3.210,4.359,3.975,3.818,6.585
DTV0259,digital_attention_environment,3.203,4.798,4.112,3.826,3.654,4.238,3.941,4.053,2.918,3.399,2.269,5.197,2.731,2.593,3.334,3.985,3.971,3.430,6.284
DTV0260,digital_attention_environment,3.963,4.372,4.156,3.800,4.478,4.746,4.031,4.761,3.011,3.515,2.069,4.756,2.398,3.353,3.393,4.073,4.504,3.677,6.694
DTV0261,digital_attention_environment,4.158,4.659,4.505,3.969,3.604,4.014,2.989,3.833,3.071,3.731,2.087,4.769,3.586,2.492,4.074,4.323,3.610,3.471,7.000
DTV0262,digital_attention_environment,3.616,3.816,3.152,3.323,4.912,4.409,4.095,4.498,3.450,3.668,2.648,4.836,1.089,2.728,2.960,3.477,4.478,3.865,5.044
DTV0263,digital_attention_environment,3.751,3.439,3.163,3.663,4.339,4.636,3.819,4.059,2.864,3.500,2.359,4.619,2.040,3.486,2.719,3.504,4.213,3.526,5.420
DTV0264,digital_attention_environment,4.406,4.177,4.099,4.783,3.647,3.699,3.399,3.925,3.895,3.344,1.764,5.422,3.013,3.540,4.407,4.366,3.668,3.636,7.000
DTV0265,digital_attention_environment,5.793,6.259,5.122,5.474,2.206,2.340,2.169,2.039,2.137,2.250,2.424,6.174,4.738,1.411,4.281,5.662,2.189,2.192,7.000
DTV0266,digital_attention_environment,5.995,5.267,5.464,5.245,2.158,1.690,2.221,2.114,2.173,2.012,2.240,5.234,4.128,1.516,4.459,5.493,2.046,2.077,7.000
DTV0267,digital_attention_environment,5.873,6.373,5.961,6.183,3.229,2.431,2.696,3.012,2.365,2.712,1.960,5.929,4.604,1.971,4.212,6.098,2.842,2.640,7.000
DTV0268,digital_attention_environment,5.734,5.414,4.866,4.845,1.439,2.227,1.959,1.773,1.237,1.744,2.234,5.737,4.645,1.000,4.120,5.215,1.850,1.610,7.000
DTV0269,digital_attention_environment,5.253,5.139,5.315,5.876,3.978,3.287,3.549,3.356,2.565,2.632,2.887,5.632,4.016,1.950,4.132,5.396,3.543,2.913,7.000
DTV0270,digital_attention_environment,6.498,5.926,6.064,5.736,2.675,3.020,2.310,3.092,2.075,2.119,2.703,5.453,4.478,1.942,4.098,6.056,2.774,2.323,7.000
DTV0271,digital_attention_environment,4.912,5.452,5.456,5.570,1.870,2.163,2.172,2.171,2.322,1.971,2.645,5.072,4.261,1.965,4.358,5.347,2.094,2.129,7.000
DTV0272,digital_attention_environment,4.335,3.779,4.865,4.969,2.519,3.102,2.261,2.674,2.344,2.743,2.660,5.126,4.183,2.307,3.988,4.487,2.639,2.576,6.492
DTV0273,digital_attention_environment,4.620,3.363,3.801,4.881,2.943,3.767,3.086,3.314,2.938,2.310,2.244,4.475,2.595,2.320,2.822,4.166,3.277,2.842,6.605
DTV0274,digital_attention_environment,5.843,4.717,4.540,4.243,3.457,3.901,3.603,4.011,3.315,2.596,2.911,5.376,4.337,2.830,3.537,4.836,3.743,3.218,6.592
DTV0275,digital_attention_environment,4.437,4.458,4.538,4.856,2.674,2.984,2.895,2.825,2.686,2.628,2.147,4.691,3.872,2.328,4.045,4.572,2.844,2.719,7.000
DTV0276,digital_attention_environment,4.039,4.787,4.913,4.304,3.408,3.363,3.557,3.389,3.251,2.728,2.116,4.757,3.073,2.494,4.183,4.511,3.429,3.136,7.000
DTV0277,digital_attention_environment,4.732,4.426,4.552,5.216,3.902,4.108,4.578,3.655,2.820,3.401,2.397,5.155,3.031,3.158,4.792,4.732,4.061,3.427,7.000
DTV0278,digital_attention_environment,4.820,4.350,3.581,4.774,2.954,2.481,2.332,1.790,2.688,1.901,2.150,5.247,3.194,1.871,3.251,4.381,2.389,2.326,7.000
DTV0279,digital_attention_environment,3.822,4.750,5.565,5.437,3.334,3.679,2.171,3.213,3.005,2.808,2.214,4.590,3.178,2.201,3.477,4.894,3.099,2.970,7.000
DTV0280,digital_attention_environment,5.327,4.558,4.840,5.389,2.813,2.040,3.480,3.014,2.563,1.912,1.532,5.054,3.333,1.800,4.829,5.029,2.837,2.437,7.000
DTV0281,professional_ethics_context,5.279,4.981,4.861,5.066,3.839,3.658,4.905,4.654,4.400,3.374,4.328,3.836,2.877,3.410,2.965,5.047,4.264,4.013,4.496
DTV0282,professional_ethics_context,4.769,4.147,3.539,3.867,4.382,4.248,4.285,3.878,4.375,3.729,4.772,3.603,2.154,3.410,1.875,4.081,4.198,4.101,3.031
DTV0283,professional_ethics_context,4.898,4.026,4.919,3.772,3.663,4.055,4.304,4.701,3.580,3.240,4.364,3.336,2.174,2.851,2.488,4.404,4.181,3.667,3.869
DTV0284,professional_ethics_context,5.519,4.692,3.478,4.783,3.800,4.238,4.656,4.188,3.989,3.404,4.174,3.578,2.088,3.142,2.925,4.618,4.221,3.871,4.350
DTV0285,professional_ethics_context,6.652,5.311,4.484,4.200,4.429,4.630,4.182,4.496,4.052,3.471,4.483,3.823,2.779,2.475,3.183,5.162,4.434,3.986,4.330
DTV0286,professional_ethics_context,4.662,4.082,4.986,5.073,4.167,2.911,3.069,3.389,3.382,3.947,4.759,2.775,2.480,2.538,2.758,4.701,3.384,3.571,3.512
DTV0287,professional_ethics_context,5.279,3.954,4.755,4.430,5.159,5.227,4.687,5.162,3.861,4.000,4.712,3.500,2.277,3.542,1.949,4.604,5.059,4.306,3.511
DTV0288,professional_ethics_context,5.553,3.983,3.527,3.244,4.064,4.070,3.913,3.847,4.061,3.113,4.483,3.552,2.903,3.330,2.157,4.077,3.973,3.716,3.420
DTV0289,professional_ethics_context,4.293,5.565,3.620,4.725,4.350,3.735,3.991,4.202,3.520,3.579,4.288,2.839,2.279,3.188,2.015,4.551,4.069,3.723,4.113
DTV0290,professional_ethics_context,3.756,5.037,3.245,3.707,4.063,4.816,3.133,3.774,3.251,3.863,4.166,3.561,1.899,3.467,2.506,3.936,3.946,3.687,3.718
DTV0291,professional_ethics_context,4.353,5.668,4.404,3.676,4.532,4.764,3.463,4.223,3.996,3.427,4.166,3.025,2.229,3.072,2.769,4.525,4.245,3.890,4.275
DTV0292,professional_ethics_context,4.081,4.988,3.755,3.197,4.371,3.779,3.948,4.405,3.537,3.416,5.101,2.887,1.805,3.790,1.641,4.005,4.126,3.693,2.535
DTV0293,professional_ethics_context,3.499,5.623,3.675,4.066,3.723,3.618,3.187,2.927,3.349,3.801,4.444,3.079,2.665,2.846,1.481,4.216,3.364,3.504,3.591
DTV0294,professional_ethics_context,4.465,5.355,4.166,4.058,3.195,4.142,3.769,4.767,3.307,3.623,3.910,3.232,2.139,3.031,2.714,4.511,3.968,3.633,4.647
DTV0295,professional_ethics_context,3.836,5.213,4.064,3.594,4.453,4.397,4.201,4.678,3.961,4.203,4.023,3.186,2.318,4.201,2.641,4.177,4.432,4.199,4.145
DTV0296,professional_ethics_context,3.097,5.053,4.362,3.583,2.761,2.954,2.709,3.200,3.221,3.074,3.989,2.665,2.598,2.406,1.866,4.024,2.906,3.067,4.039
DTV0297,professional_ethics_context,4.338,4.267,5.306,4.306,4.176,3.698,3.822,3.466,3.294,3.033,3.575,3.188,2.263,3.403,2.650,4.554,3.790,3.372,5.200
DTV0298,professional_ethics_context,4.523,3.395,5.352,4.159,3.879,3.498,2.975,3.248,3.287,3.671,4.820,3.544,2.611,3.262,2.161,4.357,3.400,3.453,3.166
DTV0299,professional_ethics_context,4.408,4.106,5.005,4.804,2.896,2.552,3.247,3.084,2.989,2.982,4.109,3.358,2.783,2.413,2.955,4.581,2.944,2.972,4.415
DTV0300,professional_ethics_context,3.167,3.572,4.721,3.108,5.287,4.983,4.480,4.502,3.942,4.546,5.263,3.209,1.128,4.252,1.572,3.642,4.813,4.434,2.108
DTV0301,professional_ethics_context,3.742,4.021,4.887,3.728,4.198,3.289,4.431,3.963,3.980,4.403,4.400,3.880,2.108,3.609,1.826,4.094,3.970,4.118,3.548
DTV0302,professional_ethics_context,4.173,4.154,4.845,3.804,3.304,3.824,3.400,4.102,3.151,3.436,4.164,3.167,2.619,2.800,2.285,4.244,3.657,3.415,4.013
DTV0303,professional_ethics_context,3.673,3.703,6.019,4.696,3.507,3.817,3.387,3.615,3.666,4.027,4.183,3.077,2.154,3.766,2.502,4.523,3.581,3.758,4.247
DTV0304,professional_ethics_context,4.215,4.339,6.673,4.180,3.338,4.002,3.425,3.499,3.475,3.389,4.830,3.316,2.380,3.183,2.216,4.852,3.566,3.477,3.509
DTV0305,professional_ethics_context,4.307,4.673,4.861,5.699,3.483,3.430,3.884,3.797,4.063,3.476,4.345,3.605,2.910,3.200,2.530,4.885,3.649,3.729,4.323
DTV0306,professional_ethics_context,3.974,3.575,4.380,4.800,3.703,4.249,4.352,4.382,4.158,3.603,4.130,3.129,2.016,3.533,1.608,4.182,4.171,3.977,4.001
DTV0307,professional_ethics_context,3.085,4.053,4.005,5.380,3.823,5.105,4.733,4.570,3.797,3.564,3.819,2.780,2.051,3.653,2.191,4.131,4.558,3.973,4.380
DTV0308,professional_ethics_context,3.777,3.625,4.745,6.682,4.158,4.146,3.806,3.476,3.724,3.984,4.441,3.396,2.066,3.158,2.040,4.707,3.897,3.869,4.015
DTV0309,professional_ethics_context,4.025,4.000,3.804,3.937,3.806,3.636,3.440,2.940,3.176,3.761,4.390,3.797,2.372,2.871,1.975,3.941,3.455,3.464,3.429
DTV0310,professional_ethics_context,4.574,3.479,3.970,5.167,3.656,4.209,4.637,4.023,3.813,4.481,4.688,3.502,2.310,4.138,2.350,4.297,4.131,4.142,3.312
DTV0311,professional_ethics_context,3.924,3.793,3.938,5.183,2.380,3.082,2.434,2.648,2.832,3.034,4.626,3.140,2.988,2.813,3.132,4.210,2.636,2.834,3.331
DTV0312,professional_ethics_context,4.365,4.312,4.667,5.828,4.140,3.928,4.093,3.745,3.372,3.560,4.699,3.767,2.605,3.571,2.548,4.793,3.977,3.636,3.677
DTV0313,professional_ethics_context,3.552,3.580,3.895,2.934,5.103,4.794,5.290,4.445,3.932,5.416,4.759,2.646,1.395,4.856,1.510,3.490,4.908,4.752,2.607
DTV0314,professional_ethics_context,3.458,3.784,3.687,2.768,4.775,5.397,4.759,4.602,4.382,3.736,4.794,3.598,1.817,3.382,2.086,3.424,4.883,4.334,2.518
DTV0315,professional_ethics_context,2.977,3.527,2.667,3.675,5.233,4.737,4.485,4.951,3.808,4.767,4.633,2.682,1.000,4.502,1.657,3.211,4.852,4.476,2.534
DTV0316,professional_ethics_context,3.683,4.102,3.493,3.272,5.796,6.452,5.082,5.326,4.636,4.407,4.270,3.412,1.874,4.166,1.574,3.637,5.664,4.903,3.310
DTV0317,professional_ethics_context,3.916,4.562,4.069,3.779,4.198,4.257,4.115,4.817,3.809,3.566,3.814,3.158,2.237,3.344,2.604,4.081,4.347,3.907,4.334
DTV0318,professional_ethics_context,3.085,2.485,2.976,2.202,5.707,5.675,5.224,5.564,4.996,4.488,4.442,3.036,1.000,5.121,1.160,2.687,5.542,5.009,2.291
DTV0319,professional_ethics_context,2.823,2.865,3.579,2.547,4.120,4.190,4.149,4.190,3.968,4.098,4.296,3.225,1.174,3.555,1.378,2.954,4.162,4.076,2.662
DTV0320,professional_ethics_context,3.153,3.937,3.826,3.371,4.445,4.830,5.053,5.595,4.601,3.918,4.206,3.656,1.632,3.394,2.160,3.572,4.981,4.500,3.326
DTV0321,professional_ethics_context,5.118,5.153,5.230,6.615,3.306,3.266,2.548,3.220,3.378,3.056,4.132,3.473,3.119,2.489,3.148,5.529,3.085,3.173,5.285
DTV0322,professional_ethics_context,4.088,4.144,4.239,4.679,3.343,3.236,3.114,3.400,2.956,2.763,4.039,2.884,2.056,2.271,1.982,4.287,3.273,2.997,4.232
DTV0323,professional_ethics_context,4.638,5.071,5.210,4.711,3.921,3.886,3.888,4.401,3.529,4.195,4.674,3.571,2.761,3.307,2.463,4.908,4.024,3.916,3.805
DTV0324,professional_ethics_context,4.222,4.845,4.461,4.181,3.839,4.096,3.592,4.481,4.393,3.170,4.573,3.318,2.309,3.526,2.099,4.427,4.002,3.855,3.582
DTV0325,professional_ethics_context,5.073,5.182,5.115,3.939,2.752,3.213,3.280,2.905,3.158,3.021,3.497,3.399,2.746,2.541,2.684,4.827,3.038,3.072,5.636
DTV0326,professional_ethics_context,4.860,5.038,3.905,4.291,4.044,4.076,3.456,3.953,3.519,2.765,4.458,4.166,2.466,3.151,2.940,4.523,3.882,3.389,3.833
DTV0327,professional_ethics_context,3.125,3.731,2.553,4.555,3.861,3.848,3.709,3.956,4.371,3.619,4.807,3.728,1.598,3.584,1.966,3.491,3.844,3.944,2.551
DTV0328,professional_ethics_context,4.349,5.209,4.539,4.738,4.011,2.816,3.028,4.385,3.271,2.898,3.954,3.386,2.806,3.234,2.338,4.709,3.560,3.243,4.781
DTV0329,professional_ethics_context,4.526,3.942,4.540,3.567,5.394,5.654,5.896,4.460,4.513,4.528,4.291,3.084,1.690,5.106,1.147,4.144,5.351,4.797,3.741
DTV0330,professional_ethics_context,3.876,4.177,4.680,4.254,3.117,3.155,3.772,4.171,3.567,2.948,3.747,3.515,2.480,2.671,2.749,4.247,3.554,3.356,4.606
DTV0331,professional_ethics_context,4.046,4.218,3.043,3.577,3.955,3.987,4.002,3.977,3.527,3.612,4.552,2.854,2.408,3.286,1.524,3.721,3.980,3.706,3.037
DTV0332,professional_ethics_context,3.379,4.193,3.523,3.437,3.889,3.801,3.637,4.037,3.369,3.870,4.360,2.916,1.813,3.520,1.701,3.633,3.841,3.693,3.197
DTV0333,professional_ethics_context,2.686,2.354,3.378,3.636,5.246,4.346,4.335,4.218,4.085,3.934,4.191,3.064,1.017,3.798,1.437,3.014,4.536,4.185,2.821
DTV0334,professional_ethics_context,2.799,3.496,3.779,2.679,5.467,4.942,5.362,5.538,5.042,4.473,4.431,3.579,1.123,4.537,1.764,3.188,5.327,4.947,2.730
DTV0335,professional_ethics_context,3.408,3.221,2.687,3.462,5.680,4.667,4.335,4.100,4.364,4.606,5.373,2.777,1.495,3.915,1.420,3.194,4.695,4.555,1.733
DTV0336,professional_ethics_context,3.670,3.612,4.163,4.072,3.886,4.416,3.858,4.014,4.093,3.236,4.796,2.749,2.088,4.071,1.271,3.879,4.044,3.791,2.849
