respondent_id,extraversion_score,agreeableness_score,conscientiousness_score,neuroticism_score,openness_score,sociability_score,assertiveness_score,compassion_score,politeness_score,orderliness_score,industriousness_score,anxiety_score,volatility_score,aesthetics_score,intellect_score,broad_life_functioning,focused_reliability_outcome,creative_engagement_outcome,bandwidth_fidelity_gap,facet_profile_dispersion,hierarchy_consistency_index
THF00001,5.019,6.657,2.886,4.517,2.643,4.329,4.868,5.824,5.657,3.165,3.517,4.383,4.162,3.351,3.048,4.339,2.994,4.210,1.734,0.316,5.956
THF00002,4.833,3.804,3.132,4.573,4.193,4.886,4.519,4.130,2.546,3.191,2.186,3.909,4.692,4.424,3.360,4.218,1.740,4.787,2.402,0.960,6.548
THF00003,3.295,4.684,4.539,4.129,3.968,4.125,2.812,3.487,3.629,3.684,4.018,3.014,4.555,4.656,3.520,3.263,3.932,4.300,1.659,0.893,5.586
THF00004,4.028,2.906,3.737,3.154,2.282,3.795,3.411,3.223,3.994,3.471,4.316,3.553,3.675,3.840,2.828,2.725,3.039,3.519,2.804,0.627,5.951
THF00005,4.932,4.112,4.918,2.816,4.150,4.003,4.419,3.647,4.198,3.529,3.852,3.262,2.476,3.790,4.541,4.358,3.179,4.726,2.799,0.566,5.965
THF00006,2.819,4.244,5.487,4.030,4.450,2.722,2.671,4.734,3.333,5.641,5.094,3.959,3.680,3.224,4.278,4.097,4.530,4.087,1.774,0.666,6.399
THF00007,3.710,4.443,2.651,4.915,2.543,3.525,3.964,4.381,4.270,3.432,3.545,5.337,4.344,1.371,2.626,4.008,3.265,2.938,0.990,0.582,6.095
THF00008,2.698,3.886,4.817,4.241,3.072,3.117,3.040,3.181,3.223,3.864,4.330,4.247,3.842,2.541,3.301,3.026,3.640,2.985,1.072,0.350,6.081
THF00009,2.043,4.220,4.834,3.471,5.862,3.137,2.570,4.636,4.697,4.277,3.735,3.901,4.484,5.098,5.248,4.561,3.903,5.330,1.259,0.380,5.630
THF00010,4.781,4.181,3.982,4.809,3.046,4.884,4.519,3.053,3.836,4.428,4.809,4.075,4.214,3.420,3.240,3.712,3.832,3.970,1.176,0.369,5.887
THF00011,4.858,4.188,5.734,3.888,3.764,5.466,5.269,4.422,3.785,5.513,5.479,3.871,4.218,3.764,3.525,3.578,4.102,4.905,2.569,0.291,6.280
THF00012,3.746,4.162,4.277,3.631,4.164,4.222,3.698,4.796,3.792,4.999,4.147,4.608,3.457,3.788,4.136,3.988,4.226,5.008,0.744,0.776,6.998
THF00013,3.622,4.813,3.967,3.908,3.853,3.065,3.125,4.376,4.619,4.360,2.967,3.075,3.147,4.004,3.405,3.314,3.956,5.123,1.427,0.474,6.373
THF00014,5.404,4.855,4.018,2.640,3.977,5.614,5.299,4.189,4.588,4.014,3.840,3.853,2.407,4.494,3.941,5.105,3.871,4.614,1.322,0.578,6.346
THF00015,5.667,3.002,5.349,5.454,2.613,4.325,5.058,3.477,3.937,4.847,5.100,4.984,5.099,2.541,3.245,4.007,4.717,4.170,2.012,0.453,6.038
THF00016,4.042,3.828,4.712,4.576,5.523,3.505,4.657,3.602,3.421,4.560,4.094,3.900,4.738,5.260,5.468,4.146,4.162,5.904,1.200,0.569,6.127
THF00017,3.184,5.451,4.755,3.949,3.718,3.287,4.449,4.678,4.753,4.908,4.084,3.111,3.788,4.888,3.687,4.367,3.770,4.788,2.402,0.788,5.716
THF00018,3.524,5.220,5.629,2.975,3.263,4.356,3.286,6.011,5.918,5.130,4.231,3.751,2.081,4.276,3.867,3.952,4.571,3.400,1.523,0.828,5.717
THF00019,4.857,2.851,3.417,4.419,2.502,4.642,5.402,3.418,3.660,4.987,4.096,3.899,4.899,2.681,3.749,4.240,3.762,3.434,1.631,0.792,5.668
THF00020,4.934,5.420,3.919,2.968,2.956,4.431,5.703,4.796,4.865,3.447,3.529,2.021,2.719,2.821,2.584,4.027,2.967,3.329,1.655,0.472,5.982
THF00021,4.832,6.028,5.921,4.755,4.219,4.437,3.511,5.579,5.108,6.280,5.641,4.255,4.233,4.772,4.932,5.268,3.823,5.701,3.796,0.444,5.379
THF00022,4.416,3.700,5.319,3.919,4.837,4.647,5.520,3.641,3.044,5.502,4.524,4.104,3.946,4.725,4.858,3.993,3.795,5.670,2.294,0.548,6.401
THF00023,2.640,3.432,2.815,4.531,4.512,3.149,3.512,3.369,3.776,4.056,2.905,3.658,3.813,4.163,4.601,1.979,2.661,5.382,1.238,0.503,5.810
THF00024,2.952,3.155,4.065,4.434,3.770,3.120,3.976,3.329,3.366,4.171,4.742,5.576,4.624,4.328,3.321,3.789,4.131,4.321,1.459,0.685,6.116
THF00025,5.366,2.618,4.387,2.649,3.294,5.778,4.595,2.763,2.868,3.557,4.515,3.123,3.280,3.129,3.480,4.045,3.288,3.563,1.638,0.551,6.196
THF00026,6.109,2.782,4.211,4.123,4.701,5.850,5.445,3.603,2.939,3.736,4.330,4.344,5.188,4.492,4.348,3.337,4.134,5.422,1.138,0.530,6.129
THF00027,2.757,4.257,5.091,3.263,4.176,2.636,2.442,4.771,4.336,4.179,5.246,4.281,2.518,3.483,5.228,4.182,4.645,5.346,1.807,1.041,6.230
THF00028,1.549,3.558,3.794,5.834,5.890,3.046,2.469,3.991,3.192,3.667,4.111,6.008,5.082,6.142,4.955,3.351,3.515,5.888,0.566,0.787,6.502
THF00029,4.326,2.662,3.338,1.269,4.105,3.747,3.843,4.080,3.526,4.373,3.579,1.000,1.885,3.165,3.699,3.700,3.378,4.420,0.728,0.572,5.546
THF00030,2.061,4.367,5.587,3.941,4.542,1.927,2.112,4.824,4.526,4.699,5.383,2.993,2.746,4.891,4.756,4.376,4.032,5.525,2.707,0.310,5.887
THF00031,4.119,3.504,3.812,4.259,4.722,3.725,4.411,4.558,3.573,4.153,4.090,3.880,4.514,4.455,4.830,3.608,3.107,4.374,1.326,0.549,6.389
THF00032,5.004,3.052,4.491,4.291,4.287,4.497,5.651,3.171,3.090,3.755,3.532,4.081,3.555,3.328,3.718,4.054,2.937,4.263,2.015,0.475,5.915
THF00033,3.813,4.185,3.978,1.739,4.803,3.272,3.799,5.873,3.197,4.412,4.257,2.825,3.034,4.689,5.129,4.980,3.628,4.991,0.938,0.801,6.037
THF00034,2.813,5.975,4.055,3.075,3.761,3.178,3.914,5.432,5.966,4.354,3.586,4.182,3.660,3.541,4.255,4.954,3.557,5.026,2.232,0.655,6.048
THF00035,3.776,4.767,4.765,3.741,4.332,3.859,3.917,5.085,5.044,4.605,4.619,4.661,3.157,3.691,3.842,4.493,4.999,4.147,0.438,0.354,6.457
THF00036,3.373,2.704,3.574,4.610,3.083,4.173,3.803,3.948,3.244,3.705,4.042,4.963,4.348,3.806,3.266,2.978,3.604,5.272,2.407,0.513,6.631
THF00037,7.000,4.382,4.325,3.781,4.460,6.424,5.013,3.111,4.548,4.154,3.818,3.815,4.533,3.126,3.842,5.036,3.091,4.098,1.517,0.923,5.447
THF00038,3.048,2.853,4.303,2.987,3.589,4.087,3.768,2.998,2.677,4.389,4.660,2.720,3.067,4.567,3.614,4.377,4.001,3.626,0.741,0.442,6.238
THF00039,3.893,3.174,3.447,4.887,2.109,4.427,3.849,3.447,3.642,3.575,3.786,4.345,3.443,2.973,2.467,2.677,2.989,3.130,1.680,0.478,5.688
THF00040,4.546,3.043,5.409,4.503,2.943,5.014,4.314,3.231,3.444,4.750,5.198,4.448,4.509,3.454,4.199,4.813,4.387,5.430,4.031,0.433,6.502
THF00041,5.636,3.002,5.534,2.504,4.741,5.371,4.795,3.769,2.810,5.343,6.001,1.830,2.577,4.447,4.591,3.883,5.119,5.817,1.609,0.617,6.402
THF00042,1.371,2.244,4.445,1.516,4.931,1.461,1.596,3.116,2.638,3.349,3.933,3.024,1.853,5.788,4.364,3.197,3.660,5.038,0.853,0.758,5.654
THF00043,4.285,5.100,3.283,2.468,4.301,3.420,3.896,4.596,4.932,3.963,3.807,3.102,2.969,4.178,4.787,3.710,3.463,4.508,1.071,0.342,5.333
THF00044,5.455,4.441,5.994,3.820,3.442,4.874,4.764,4.002,5.077,5.387,5.385,3.817,4.504,3.975,2.678,4.014,5.097,4.868,2.985,0.634,6.180
THF00045,4.247,5.059,4.961,4.237,4.862,4.246,3.957,4.679,3.079,4.646,4.542,4.326,4.028,3.973,4.977,4.577,3.919,5.567,2.050,0.659,5.922
THF00046,5.105,4.024,2.483,3.246,3.708,3.931,5.414,4.619,2.963,3.393,2.096,4.368,3.591,3.379,4.044,3.113,2.669,4.251,1.437,1.175,6.007
THF00047,4.455,3.332,3.737,2.794,4.065,4.520,3.817,3.568,3.613,4.824,3.442,2.517,3.171,2.918,4.355,3.590,2.809,4.514,1.284,0.844,6.511
THF00048,5.758,5.132,5.704,3.894,5.383,5.019,5.004,6.452,4.476,5.395,5.433,4.415,4.852,5.300,6.230,4.012,4.516,6.119,2.343,0.679,5.974
THF00049,4.856,6.490,5.695,2.924,2.993,3.844,4.674,5.821,5.876,3.898,3.785,3.203,4.592,3.506,3.399,4.845,3.579,4.293,3.737,0.499,4.690
THF00050,4.819,3.692,2.616,2.644,3.411,4.323,3.795,3.913,4.405,3.437,3.312,3.275,3.467,2.955,3.631,4.662,3.860,4.982,2.405,0.403,5.599
THF00051,3.839,3.250,3.143,3.962,1.955,3.731,4.128,3.926,2.859,3.320,3.529,3.869,3.863,2.479,2.515,3.262,3.414,4.005,2.601,0.343,6.770
THF00052,2.436,4.050,4.359,2.078,5.133,2.921,3.141,4.361,3.921,4.025,5.974,3.284,3.176,4.444,4.492,5.282,4.298,5.208,0.000,0.553,5.341
THF00053,4.154,3.829,2.767,2.983,3.877,4.171,4.493,3.215,3.897,2.896,4.635,3.909,3.244,4.473,5.081,4.123,2.863,5.261,2.027,0.803,5.489
THF00054,3.829,4.410,4.019,4.007,5.592,3.797,4.052,5.568,3.666,4.370,3.953,3.791,3.671,3.678,5.158,4.050,2.997,5.600,1.598,0.835,6.024
THF00055,2.907,3.705,5.404,2.956,4.425,3.842,2.945,4.061,3.715,5.654,4.680,2.835,2.647,4.812,4.387,5.173,4.678,5.160,1.598,0.566,6.294
THF00056,3.164,4.809,2.913,2.151,6.243,3.257,3.696,5.979,5.445,3.814,2.999,3.818,2.688,4.555,5.749,4.087,2.762,5.172,1.557,0.822,5.281
THF00057,4.140,2.975,4.139,3.011,5.076,4.116,3.261,3.804,3.554,3.279,3.660,3.173,3.853,5.261,3.999,4.311,2.938,5.030,1.713,0.686,5.881
THF00058,4.909,2.802,3.770,4.840,4.117,4.754,3.461,2.920,3.559,4.770,3.665,4.256,3.110,3.958,4.364,3.665,2.884,4.586,2.061,0.918,5.830
THF00059,3.316,4.310,5.264,4.240,6.121,3.205,2.277,3.891,3.815,5.529,5.203,3.345,3.985,6.216,5.692,4.080,5.745,6.898,1.368,0.499,6.147
THF00060,2.198,4.033,5.293,4.069,3.397,3.815,3.787,4.606,3.843,4.617,5.299,4.126,3.946,2.345,4.786,4.272,4.753,4.370,1.800,0.819,5.892
THF00061,4.124,2.390,3.229,3.439,1.847,3.803,3.935,2.364,2.709,2.157,3.208,3.471,3.619,2.732,2.449,2.601,2.755,4.025,2.724,0.392,6.069
THF00062,3.749,5.371,5.279,4.003,2.671,2.916,3.872,4.389,5.453,4.711,4.506,3.733,3.985,2.557,4.241,4.704,4.020,3.366,2.550,0.832,5.958
THF00063,5.217,5.527,4.330,5.805,3.076,4.003,4.454,5.688,3.931,4.066,3.566,5.388,5.710,2.780,4.238,3.647,3.844,4.289,2.072,0.897,5.602
THF00064,1.000,4.030,4.121,3.066,4.181,2.001,2.013,4.204,3.643,3.912,4.499,3.319,3.549,4.430,4.024,3.428,3.104,5.151,2.390,0.359,6.321
THF00065,5.893,2.526,5.815,3.783,5.096,5.203,6.301,2.749,3.251,4.323,5.368,3.729,2.792,5.181,4.947,4.259,4.618,5.555,1.862,0.763,6.155
THF00066,4.570,5.975,3.211,4.135,5.166,5.191,4.356,5.847,4.336,3.934,4.029,4.456,5.180,4.244,4.205,3.221,3.565,4.862,1.137,0.641,5.528
THF00067,3.390,5.245,2.717,3.194,2.951,3.995,2.255,4.370,4.038,3.805,3.057,4.415,3.760,3.223,3.064,3.204,3.129,3.523,1.527,0.727,5.756
THF00068,3.659,3.745,3.866,4.579,5.264,3.164,3.450,3.674,3.556,4.721,4.250,4.317,4.067,4.090,5.581,4.401,4.062,5.636,0.744,0.523,6.193
THF00069,4.111,3.028,3.617,2.389,3.561,3.255,3.652,3.270,4.200,3.654,5.172,2.969,1.643,3.031,3.395,3.964,4.562,3.350,1.458,0.907,5.863
THF00070,3.430,4.515,4.409,2.714,3.498,3.044,2.705,4.886,4.157,5.414,4.117,3.521,3.072,3.568,3.328,4.794,4.369,4.668,1.535,0.611,6.333
THF00071,4.851,3.830,4.219,1.845,3.978,4.228,4.732,3.569,4.123,4.749,4.446,3.154,3.143,4.073,3.996,5.180,3.953,4.775,0.718,0.290,6.137
THF00072,3.518,4.094,3.799,3.826,2.620,3.215,3.506,4.802,4.514,3.777,4.828,3.769,3.255,3.309,3.401,4.872,3.545,3.685,1.350,0.447,5.777
THF00073,3.582,5.177,5.363,4.081,4.144,3.441,3.788,4.740,4.766,4.825,4.754,4.461,3.914,3.428,4.300,3.669,3.824,4.822,2.302,0.373,6.313
THF00074,2.927,4.317,4.806,4.485,4.374,3.561,2.441,3.863,4.125,5.053,4.515,4.567,3.555,3.699,3.725,3.593,3.438,4.331,1.366,0.592,6.450
THF00075,5.867,4.156,5.995,2.675,6.488,5.240,4.985,3.762,2.996,5.918,5.640,2.460,3.453,5.594,5.430,4.810,4.320,7.000,2.548,0.491,5.495
THF00076,2.660,2.565,4.483,5.501,4.174,2.541,3.537,2.984,2.950,4.782,4.461,5.085,6.494,2.929,3.441,3.727,4.303,4.608,1.363,0.654,5.643
THF00077,3.734,3.052,3.487,4.479,4.231,4.255,3.799,3.612,1.675,4.079,3.195,3.889,4.279,4.324,4.612,3.792,3.532,4.777,0.525,0.791,6.029
THF00078,2.756,3.063,3.824,6.558,3.725,2.868,4.170,3.795,3.326,2.466,4.529,5.496,5.829,2.361,3.266,2.388,3.158,4.438,1.637,1.014,5.516
THF00079,4.615,4.657,3.782,2.906,3.876,4.804,4.598,3.412,4.861,4.161,3.281,3.422,4.166,4.654,3.690,3.884,3.507,4.665,1.181,0.848,6.267
THF00080,5.791,4.931,2.464,3.418,4.475,5.816,4.489,4.785,3.789,3.528,2.273,2.935,4.327,3.018,3.996,3.703,2.554,3.796,1.318,1.190,5.656
THF00081,2.883,4.009,4.248,4.587,3.786,1.465,5.130,4.361,5.280,4.784,4.255,5.072,5.162,4.764,4.098,2.768,3.089,3.961,2.446,1.174,6.017
THF00082,3.052,3.527,5.494,3.763,5.206,3.027,2.838,4.184,4.524,4.152,5.059,5.119,3.967,3.756,4.510,4.226,4.591,5.252,1.249,0.668,5.349
THF00083,4.504,3.264,4.356,3.910,5.303,4.481,5.336,3.954,4.104,3.221,3.996,4.014,4.521,5.644,4.506,4.794,2.980,5.113,2.076,0.685,5.946
THF00084,4.932,4.262,2.481,5.272,4.220,4.792,5.045,3.762,4.662,2.868,2.908,4.137,5.269,5.131,4.222,4.718,3.045,5.595,2.389,0.647,6.082
THF00085,3.729,4.246,4.679,2.879,3.397,2.878,4.745,4.409,4.419,4.810,5.078,3.661,1.033,3.512,2.803,3.877,2.814,3.384,2.138,1.096,6.446
THF00086,3.141,4.789,5.909,3.510,3.854,3.539,3.504,4.321,4.892,4.944,5.206,3.762,3.767,4.711,4.318,5.460,5.284,5.585,2.827,0.253,6.215
THF00087,6.250,3.371,4.309,4.865,5.083,6.398,5.881,4.377,4.035,4.737,3.337,5.064,4.683,4.282,5.981,3.755,3.707,6.218,1.824,0.868,6.420
THF00088,4.326,2.751,3.829,5.779,4.962,4.933,4.344,4.116,3.782,3.788,3.970,5.302,4.584,5.155,3.989,3.552,2.803,5.671,1.579,0.598,5.565
THF00089,3.685,4.578,3.617,3.482,3.627,3.826,2.216,4.012,4.584,4.446,4.079,3.236,3.264,3.369,4.141,3.808,4.495,3.713,1.097,0.669,6.490
THF00090,4.184,2.875,2.304,2.204,3.577,3.663,3.323,3.274,2.333,3.760,3.036,3.278,2.600,3.044,2.215,4.457,3.126,3.694,1.331,0.702,5.539
THF00091,4.160,6.126,2.556,2.190,4.411,4.126,3.477,4.466,5.846,2.888,2.626,2.284,2.930,4.018,5.227,4.934,2.151,5.218,1.822,0.829,5.995
THF00092,1.493,3.417,5.000,4.831,3.017,2.132,2.376,3.613,3.968,4.009,4.651,5.182,4.667,2.845,3.034,2.776,3.513,3.935,2.740,0.389,6.020
THF00093,4.846,3.592,3.417,4.316,4.684,4.944,4.515,3.092,3.610,3.631,4.386,3.804,4.438,4.819,5.672,3.867,3.524,6.258,1.696,0.638,6.277
THF00094,3.093,3.812,4.308,1.449,5.005,3.193,3.529,3.768,3.284,3.635,4.594,1.920,2.526,4.376,3.661,5.715,3.765,4.705,1.216,0.620,5.571
THF00095,4.662,4.558,2.830,5.410,4.593,3.856,3.689,4.082,3.377,2.705,3.781,4.648,4.552,4.382,4.213,3.787,2.951,5.233,1.354,0.443,5.717
THF00096,2.656,4.157,4.718,2.781,3.829,2.947,2.903,4.456,3.811,4.244,4.929,2.615,1.967,3.342,3.364,4.560,4.391,3.857,0.789,0.409,6.442
THF00097,5.521,5.174,4.192,4.887,5.463,5.849,5.695,4.325,4.416,4.089,3.862,4.663,3.333,4.264,5.062,4.192,3.596,5.990,1.054,0.520,5.829
THF00098,6.418,3.124,3.943,4.771,4.892,5.479,4.944,3.538,3.269,4.686,3.508,3.790,4.407,4.581,5.656,5.392,3.860,5.476,0.734,0.735,5.871
THF00099,3.714,4.141,4.029,2.600,3.699,3.050,4.591,4.901,3.777,5.126,2.516,3.562,2.111,3.589,2.472,4.832,2.941,4.011,1.890,1.568,6.165
THF00100,6.713,3.335,1.597,4.318,3.769,6.027,4.463,3.504,3.442,1.951,3.172,3.945,3.533,3.603,3.300,3.917,2.431,5.096,2.313,0.713,5.224
THF00101,4.335,4.960,4.932,3.440,3.593,4.561,4.328,3.513,3.298,3.687,4.505,3.553,3.902,4.400,3.582,4.192,3.252,4.552,2.762,0.487,5.170
THF00102,4.771,5.017,4.862,3.701,3.830,4.904,5.167,4.365,4.137,5.266,5.600,4.369,3.437,4.563,4.158,5.472,3.713,5.553,2.736,0.432,5.961
THF00103,5.312,4.766,3.838,3.463,5.211,4.916,5.006,4.488,4.955,3.984,3.689,3.735,3.783,5.058,4.033,4.575,3.223,5.504,0.962,0.385,6.409
THF00104,2.742,5.391,3.103,3.002,5.687,2.626,3.677,4.848,4.656,3.072,4.051,3.595,3.178,4.737,4.716,3.662,2.874,4.559,1.343,0.532,5.541
THF00105,4.527,3.676,3.288,1.709,4.456,3.150,4.172,4.006,3.343,2.288,4.081,2.623,1.951,3.910,4.151,4.296,3.648,5.741,1.566,0.878,6.165
THF00106,4.782,4.954,4.803,1.615,4.579,3.787,5.460,4.165,5.879,3.527,5.059,2.605,2.755,4.140,3.673,4.786,4.770,4.492,1.050,1.107,6.080
THF00107,4.627,3.272,3.119,2.940,4.134,4.150,3.854,3.996,3.457,3.683,3.094,3.029,3.958,4.291,5.188,3.720,3.529,5.801,2.104,0.650,5.829
THF00108,3.177,3.786,1.938,3.106,3.068,2.836,4.770,4.419,3.842,1.921,2.413,4.204,3.816,3.000,2.407,3.033,3.242,2.918,1.999,0.797,6.065
THF00109,3.519,4.331,5.133,4.080,4.533,3.540,3.809,5.094,4.362,4.332,4.836,4.330,4.588,4.075,4.186,3.377,3.819,4.371,1.751,0.375,5.937
THF00110,3.506,3.499,4.771,1.572,4.953,5.279,4.226,3.636,3.076,4.713,4.466,1.611,2.461,4.221,6.119,3.886,4.551,6.191,1.965,0.922,6.117
THF00111,3.980,5.224,5.365,4.496,4.276,3.509,5.128,4.972,4.633,5.561,4.985,3.213,4.528,3.711,5.348,4.437,4.741,4.991,2.437,1.097,6.408
THF00112,4.353,3.588,3.385,3.386,3.716,4.012,4.370,3.566,3.598,4.314,3.355,1.749,2.753,3.818,3.956,4.053,3.243,5.262,1.765,0.498,5.920
THF00113,4.532,3.588,4.580,4.296,4.239,4.632,4.114,3.531,4.503,3.748,3.688,3.678,4.546,3.307,4.174,3.606,3.920,5.428,1.962,0.657,6.204
THF00114,1.000,3.620,4.511,4.971,4.992,1.957,2.898,3.054,3.417,4.022,3.616,4.988,4.315,4.528,3.917,2.146,3.194,5.252,1.797,0.599,5.365
THF00115,3.611,5.410,3.938,1.707,3.503,4.476,4.149,5.217,4.718,4.594,3.742,1.597,2.244,3.891,3.659,4.567,4.258,4.017,0.852,0.511,5.645
THF00116,4.028,5.375,4.199,1.617,4.246,4.397,4.750,4.431,4.602,3.793,4.519,1.625,3.139,3.745,3.469,4.844,3.488,4.345,1.192,0.608,5.851
THF00117,3.410,4.897,2.410,4.126,3.853,2.991,4.154,4.051,5.083,3.314,3.005,4.386,3.873,3.125,4.289,3.987,2.094,3.940,1.164,0.836,6.580
THF00118,4.893,4.734,3.359,4.037,5.627,4.577,5.293,4.244,5.256,4.092,2.778,4.630,3.310,4.200,5.690,4.879,2.275,5.392,2.082,1.170,6.734
THF00119,4.031,5.492,5.488,3.416,4.546,3.639,4.321,5.515,5.481,5.410,5.485,3.256,4.746,4.727,3.772,4.604,4.928,5.236,1.833,0.647,6.813
THF00120,4.789,3.719,4.208,3.976,1.622,5.059,3.293,4.406,2.879,4.341,2.663,3.378,4.370,2.101,2.127,4.011,2.980,2.214,2.232,1.198,5.894
THF00121,2.403,3.555,3.924,6.131,4.283,3.988,2.727,3.533,4.353,3.680,4.678,4.963,5.697,3.920,4.528,2.795,3.825,5.990,2.501,0.884,6.167
THF00122,5.041,4.438,4.885,2.750,4.526,4.923,4.572,4.869,3.308,3.738,5.710,3.560,2.677,3.923,4.736,4.143,4.733,4.817,1.311,1.116,6.257
THF00123,5.609,5.118,4.437,2.661,4.674,5.351,5.505,5.834,5.064,3.600,4.730,1.924,2.022,4.836,3.643,4.314,4.058,5.621,1.223,0.669,6.219
THF00124,1.132,4.217,2.298,4.313,4.939,1.000,1.864,3.764,3.991,3.339,2.046,4.113,4.053,4.621,3.877,2.832,2.701,5.401,0.538,0.638,6.184
THF00125,5.194,5.746,4.973,4.718,3.792,6.064,4.442,5.265,5.673,4.715,4.334,4.338,4.552,4.335,3.647,4.219,2.479,5.385,4.432,0.663,6.398
THF00126,3.334,3.309,4.642,5.626,3.709,4.396,3.800,3.916,3.747,5.017,4.249,5.298,5.094,3.785,4.555,2.988,3.853,4.327,1.808,0.501,5.896
THF00127,3.139,4.753,5.151,5.782,4.263,3.096,3.227,4.864,4.807,4.990,4.309,5.059,6.197,4.758,4.617,3.650,3.788,6.353,3.535,0.430,6.761
THF00128,4.019,4.286,3.854,3.649,2.850,4.147,4.007,2.877,4.332,4.827,3.602,3.130,3.954,3.398,3.497,3.385,3.653,3.862,1.701,0.749,6.423
THF00129,4.392,1.204,4.770,4.301,4.222,4.640,3.253,2.781,2.716,3.926,4.836,4.383,4.503,4.519,4.568,2.796,4.458,6.000,2.578,0.506,5.573
THF00130,3.410,3.206,4.008,1.387,5.668,3.749,3.503,2.494,3.037,4.777,4.050,2.418,2.567,5.181,5.849,3.105,3.758,6.340,1.084,0.467,5.652
THF00131,3.916,4.687,2.588,4.627,4.625,3.762,3.183,4.180,4.112,2.531,2.591,4.390,4.587,3.880,4.422,3.434,1.553,4.919,1.449,0.290,6.055
THF00132,3.738,4.533,3.548,5.646,5.691,3.803,3.353,5.220,4.719,3.439,2.745,5.460,4.658,4.826,5.018,3.399,2.929,6.571,1.791,0.528,6.056
THF00133,3.619,4.893,3.287,4.023,4.552,3.702,4.540,4.315,4.009,3.387,3.683,3.655,2.930,4.236,3.381,3.961,2.844,3.991,0.902,0.604,5.820
THF00134,4.662,4.298,4.079,3.577,4.697,3.770,4.652,3.630,4.388,4.555,4.888,4.254,3.857,4.206,4.943,3.833,4.162,4.909,0.425,0.621,6.400
THF00135,4.141,3.964,4.620,4.310,6.166,3.890,3.895,4.088,3.945,3.726,5.382,4.628,3.284,3.271,4.635,4.230,4.285,5.577,1.482,0.902,5.925
THF00136,5.525,3.014,4.089,4.616,4.317,4.000,4.560,3.202,3.590,4.162,4.563,3.318,4.409,4.113,3.660,4.914,4.689,5.332,1.771,0.579,5.160
THF00137,4.478,4.707,4.290,1.680,5.449,3.744,4.426,5.469,5.039,4.048,4.812,1.781,1.654,5.123,5.029,5.182,3.699,6.212,1.328,0.419,6.362
THF00138,4.147,6.076,5.186,3.770,3.859,4.922,4.402,5.768,4.439,5.102,4.726,3.952,4.827,3.410,2.354,4.470,4.179,3.635,1.987,0.832,5.642
THF00139,4.522,4.142,4.785,2.573,2.932,4.462,4.396,3.071,3.951,5.230,4.093,4.294,3.412,2.800,3.328,5.099,3.094,3.574,2.905,0.699,6.203
THF00140,5.248,3.623,4.456,2.960,4.768,4.060,4.312,4.230,4.683,3.840,6.058,2.779,3.313,4.732,5.057,3.361,4.267,6.067,2.154,0.757,5.871
THF00141,4.659,3.410,4.688,4.076,2.671,3.784,3.499,3.608,4.192,4.173,4.414,3.452,4.687,3.906,3.411,3.240,3.936,3.662,1.852,0.568,5.892
THF00142,3.269,3.147,6.300,2.104,3.071,2.890,3.134,2.986,3.594,5.187,5.305,3.257,2.516,3.220,1.891,4.427,5.408,4.074,2.196,0.608,5.847
THF00143,4.407,2.756,5.213,4.145,4.276,3.590,3.746,3.265,4.595,5.823,5.388,4.244,4.787,4.280,4.866,4.687,4.658,5.933,2.072,0.610,5.439
THF00144,4.062,6.103,3.495,4.291,2.761,3.650,4.434,4.800,4.694,4.208,3.829,4.126,3.616,3.926,3.568,4.222,2.568,4.269,2.430,0.427,5.235
THF00145,5.538,5.001,3.821,3.463,5.146,4.752,3.918,4.828,4.987,3.513,4.328,2.755,3.162,5.246,4.001,3.868,2.783,4.764,1.769,0.692,5.907
THF00146,5.227,4.648,4.126,4.254,4.007,4.463,5.540,3.486,4.031,4.428,3.036,3.390,3.251,3.823,4.567,3.931,3.452,4.605,1.545,0.779,5.863
THF00147,3.374,4.842,6.208,2.738,5.943,2.883,3.376,4.454,5.005,5.838,5.848,2.193,2.222,5.152,5.114,5.880,5.511,6.275,1.323,0.224,6.524
THF00148,5.038,4.739,6.071,3.822,4.489,4.282,5.002,4.994,4.131,6.022,5.227,4.112,3.643,3.827,3.382,4.852,4.900,4.888,1.531,0.658,6.220
THF00149,3.840,4.454,5.391,3.317,5.297,4.201,4.626,4.238,4.679,5.352,4.265,2.616,2.440,5.043,4.562,4.584,4.096,5.973,2.319,0.522,5.782
THF00150,3.075,3.336,3.668,3.499,2.971,2.895,1.599,3.701,3.688,3.406,3.374,3.569,3.275,2.398,3.111,2.900,2.236,4.626,3.151,0.469,6.266
THF00151,4.569,4.301,5.359,4.115,4.121,3.727,4.760,4.809,2.572,4.115,4.877,4.548,3.553,3.675,4.396,4.147,4.101,4.585,2.054,1.149,6.345
THF00152,2.781,3.845,5.716,5.469,3.821,3.939,2.841,4.336,4.231,4.987,5.175,5.352,5.193,4.628,3.232,3.800,3.923,4.232,2.102,0.589,6.205
THF00153,4.740,5.087,4.940,5.095,4.862,4.996,4.411,5.279,5.775,4.243,4.531,3.813,4.926,3.761,4.769,3.157,4.520,5.346,1.224,0.698,5.727
THF00154,5.464,3.929,3.644,3.940,4.717,5.897,4.492,3.759,4.077,4.278,4.161,2.538,4.193,3.713,4.788,3.629,3.389,4.660,0.658,0.914,6.252
THF00155,3.777,3.928,4.268,4.403,5.305,2.887,3.586,3.177,3.452,4.008,4.588,4.898,4.680,5.012,3.798,2.854,4.466,5.166,0.326,0.597,5.550
THF00156,4.412,3.410,3.233,5.712,4.259,4.293,4.850,4.023,2.936,3.433,3.447,5.004,5.160,4.254,3.271,3.365,2.589,4.569,0.927,0.559,5.878
THF00157,6.398,3.732,4.647,2.693,4.377,6.201,5.369,3.364,4.148,4.097,4.625,3.268,4.091,3.387,4.598,4.171,4.314,4.107,0.583,0.836,5.915
THF00158,4.748,4.538,4.703,4.635,5.851,4.796,4.369,4.467,3.834,4.425,4.117,4.082,5.458,4.111,4.645,4.100,2.719,5.254,2.847,0.656,5.631
THF00159,2.355,2.474,5.771,4.270,3.844,3.484,3.442,2.955,3.202,5.770,5.332,4.004,4.999,3.225,3.312,3.476,4.803,3.918,1.617,0.362,5.856
THF00160,2.584,4.986,5.127,4.201,3.000,3.245,2.332,4.649,4.084,4.431,4.456,4.486,4.243,2.830,2.979,3.525,3.719,3.405,2.009,0.379,5.911
THF00161,6.106,2.995,2.614,3.211,5.062,5.357,4.966,4.249,2.355,3.087,3.045,2.968,3.982,5.273,4.308,4.163,2.613,4.950,0.491,0.861,5.948
THF00162,4.517,3.376,4.023,2.010,4.444,3.690,4.285,3.595,4.645,4.139,3.905,2.986,4.219,4.426,3.836,4.616,3.704,5.466,1.613,0.740,5.300
THF00163,2.844,5.182,4.864,4.436,5.148,3.214,2.658,5.153,4.423,4.632,3.873,3.826,4.896,5.490,4.793,4.122,4.244,5.729,1.198,0.762,6.523
THF00164,3.605,4.912,4.623,4.347,2.740,3.571,2.950,3.936,4.244,4.754,3.274,4.213,3.833,3.685,3.130,3.084,3.142,4.000,2.857,0.669,6.192
THF00165,5.387,4.136,6.176,3.432,4.881,4.660,5.046,3.582,4.350,5.565,6.303,2.949,4.054,4.060,4.412,4.135,5.212,4.992,1.046,0.669,6.247
THF00166,1.074,1.796,2.872,3.226,4.631,1.961,1.223,2.751,2.543,3.371,3.667,4.079,3.343,3.980,3.955,3.209,2.626,4.901,0.341,0.401,5.660
THF00167,5.076,4.311,3.225,3.262,3.509,5.543,4.192,4.734,4.395,2.903,4.501,3.313,3.302,4.542,2.597,5.125,2.566,4.656,2.084,1.049,6.498
THF00168,4.589,3.258,4.605,4.586,2.838,5.101,4.845,3.254,5.182,4.530,4.169,5.039,4.362,2.771,3.094,4.065,3.448,2.915,1.488,0.709,6.366
THF00169,1.204,5.702,3.502,3.579,5.205,1.727,2.436,4.663,5.520,3.369,3.266,4.850,4.260,5.748,4.201,3.343,2.727,5.188,1.037,0.761,5.302
THF00170,3.742,4.505,4.770,2.703,3.619,2.688,4.256,3.515,3.797,4.553,5.014,4.263,4.275,3.229,3.693,3.977,4.332,4.053,1.193,0.557,5.502
THF00171,3.073,4.594,3.680,3.754,4.203,2.834,4.270,5.231,3.805,3.688,3.570,3.218,4.107,4.705,2.934,3.669,3.859,4.609,1.074,1.128,6.624
THF00172,3.315,5.484,5.093,2.997,3.853,2.765,3.298,4.671,5.249,4.756,4.856,3.270,3.541,3.630,3.705,3.716,3.566,5.467,3.247,0.311,6.444
THF00173,2.411,4.238,2.891,3.859,4.597,3.869,2.742,3.962,4.540,3.428,3.978,3.756,3.698,3.768,4.439,2.040,2.748,4.972,0.992,0.597,6.640
THF00174,3.977,4.305,3.507,5.070,4.727,4.168,3.903,4.352,4.186,4.543,5.143,4.629,4.658,3.979,3.628,2.586,4.136,4.944,1.013,0.282,5.635
THF00175,3.984,5.689,4.309,5.419,2.547,3.442,4.341,5.954,5.062,4.442,5.254,4.976,4.717,3.102,3.638,3.480,4.305,4.082,1.741,0.680,5.558
THF00176,4.986,3.562,3.854,4.595,6.034,5.603,4.239,3.843,3.545,3.534,4.241,4.435,5.099,4.271,5.919,4.114,3.576,5.763,1.006,0.936,6.203
THF00177,4.250,3.058,3.807,3.503,4.653,3.953,5.985,4.563,2.431,5.334,3.059,3.381,3.148,4.914,3.339,3.258,4.276,5.471,2.101,1.649,6.275
THF00178,3.883,2.135,4.731,3.470,4.606,4.285,4.364,2.284,3.266,3.693,4.361,3.183,3.904,4.889,4.751,4.535,3.864,5.740,2.487,0.518,6.015
THF00179,1.861,2.497,4.236,3.957,4.699,2.320,2.610,2.505,3.462,4.379,3.310,3.347,3.323,4.747,5.053,3.480,3.187,6.132,3.025,0.529,6.113
THF00180,4.249,2.355,4.784,3.038,5.843,4.442,3.600,3.123,3.731,4.018,4.412,3.696,2.864,5.540,5.309,4.637,3.494,6.366,2.250,0.581,5.916
THF00181,4.323,5.404,4.474,3.830,3.971,3.841,3.318,4.836,3.526,4.439,4.866,4.221,3.626,4.229,4.635,4.632,4.239,4.855,1.344,0.652,5.778
THF00182,3.324,3.946,4.516,4.116,4.658,4.164,3.887,3.733,4.112,5.089,5.465,3.145,4.512,3.159,3.453,3.664,4.014,3.845,1.261,0.538,5.824
THF00183,5.151,3.515,4.882,4.914,3.374,4.677,4.208,3.828,3.147,3.999,3.701,4.977,3.719,3.381,3.208,3.337,4.122,2.924,1.396,0.576,6.122
THF00184,4.003,5.376,3.877,2.795,4.231,4.328,4.372,4.712,4.683,5.152,4.101,4.057,4.170,3.871,4.990,4.438,3.610,4.226,0.632,0.472,5.785
THF00185,4.835,4.237,2.790,5.427,3.573,4.336,4.304,4.057,3.271,2.989,3.088,4.598,4.591,2.759,3.587,2.758,2.395,3.962,0.938,0.351,6.057
THF00186,4.122,5.520,4.114,4.186,5.013,4.425,4.845,4.640,4.975,4.543,4.283,4.230,4.536,4.661,5.499,5.325,4.202,5.270,0.421,0.432,6.279
THF00187,4.776,3.214,3.169,4.866,3.447,4.998,4.456,3.547,3.078,3.502,3.907,4.450,6.394,3.427,2.856,3.630,1.549,3.689,2.204,0.786,6.450
THF00188,3.916,5.040,1.671,1.670,5.319,4.093,4.331,6.006,4.673,1.538,3.263,2.548,2.290,4.105,5.394,4.251,2.889,5.455,1.710,0.969,5.879
THF00189,4.138,4.161,4.290,3.418,3.697,4.030,4.382,3.350,4.079,3.816,3.753,3.841,2.782,3.370,3.982,4.931,3.586,4.265,1.469,0.563,6.763
THF00190,4.709,2.698,4.803,2.409,4.556,4.140,4.223,4.231,3.429,4.225,4.109,2.875,3.814,4.568,3.828,5.231,4.251,5.521,1.481,0.536,5.006
THF00191,3.677,4.355,4.418,4.826,3.873,4.090,3.315,4.024,4.242,4.727,3.800,3.874,3.962,3.493,3.653,3.727,3.812,2.855,1.806,0.433,6.607
THF00192,3.790,3.541,4.922,2.201,4.886,3.948,3.686,3.833,3.907,5.878,4.445,2.241,3.002,3.382,4.750,3.846,4.178,5.832,2.095,0.780,6.289
THF00193,3.738,4.635,4.611,1.460,3.396,4.352,3.686,4.899,4.592,4.293,3.822,2.703,2.569,4.320,4.081,5.068,4.602,5.120,1.733,0.364,5.855
THF00194,2.187,3.855,3.467,4.318,4.468,2.706,3.317,4.042,3.313,3.146,3.278,3.943,3.500,3.866,3.642,2.931,2.821,5.089,1.521,0.428,5.975
THF00195,4.250,4.696,3.562,3.064,4.616,4.283,3.577,4.369,4.681,3.516,3.613,3.472,2.937,4.378,3.947,4.355,3.751,5.425,1.033,0.416,6.563
THF00196,3.144,3.258,4.115,3.360,4.217,3.574,3.492,4.205,3.404,3.867,4.185,4.382,3.670,3.067,3.331,2.410,3.974,4.118,0.876,0.435,6.049
THF00197,3.371,3.004,2.643,5.391,1.943,3.510,2.928,2.743,3.168,3.535,4.072,4.654,4.565,1.967,2.198,3.042,3.233,2.852,1.800,0.373,6.383
THF00198,3.333,3.469,3.532,3.511,4.148,4.516,3.316,3.334,3.218,3.383,4.474,3.906,3.393,3.161,4.168,4.375,2.632,4.357,1.021,0.786,5.972
THF00199,6.906,3.981,4.478,3.801,1.436,7.000,5.855,4.873,3.980,4.194,5.078,4.729,4.357,1.952,2.951,4.296,4.529,4.237,2.989,0.859,5.490
THF00200,2.499,4.379,5.423,3.949,2.332,2.511,2.234,3.726,3.896,4.276,5.018,4.040,3.908,2.364,2.599,3.201,3.917,3.521,2.886,0.311,6.384
THF00201,5.589,5.190,4.506,3.434,3.649,4.718,4.863,6.002,3.960,4.114,3.811,3.277,3.463,2.837,2.416,4.367,3.952,3.313,1.249,0.619,5.758
THF00202,5.496,4.287,4.618,4.097,3.894,5.481,4.079,4.809,3.989,3.989,4.595,4.335,3.394,4.240,3.862,5.087,3.919,4.898,2.544,0.829,6.647
THF00203,4.761,2.795,6.197,3.033,5.215,4.390,4.438,3.766,3.589,5.731,6.444,4.166,3.342,4.706,4.570,3.172,6.229,5.727,0.616,0.380,6.003
THF00204,3.753,3.817,3.051,4.774,3.239,3.869,4.343,4.208,4.657,3.216,3.023,4.642,3.785,4.922,3.510,3.140,2.502,4.120,1.625,0.677,5.975
THF00205,4.544,3.693,5.282,2.177,5.055,4.611,4.784,4.261,3.395,5.038,4.784,2.821,3.819,5.348,4.528,5.094,4.301,5.318,1.926,0.622,6.124
THF00206,5.891,4.161,5.936,3.188,4.295,5.831,5.568,4.022,3.576,4.666,4.582,4.152,4.894,4.361,3.974,3.892,4.261,4.292,2.283,0.384,5.386
THF00207,4.234,4.348,3.381,2.361,4.257,4.707,4.668,4.388,5.024,2.585,3.813,3.238,2.937,3.938,4.009,4.436,3.868,5.065,1.570,0.455,6.151
THF00208,4.656,5.679,4.763,3.062,4.365,4.212,4.024,4.307,5.408,4.623,4.588,3.223,3.130,4.420,4.520,4.821,4.197,5.718,1.934,0.303,7.076
THF00209,4.540,3.698,2.860,4.752,4.356,5.121,3.925,3.359,4.256,3.660,3.422,2.989,4.587,4.927,3.776,3.871,2.617,5.214,1.661,1.016,6.513
THF00210,4.200,1.999,5.442,3.151,4.890,3.088,3.896,2.416,2.997,5.476,5.230,3.218,2.320,4.959,4.640,4.932,4.611,6.326,2.302,0.570,6.027
THF00211,3.394,4.089,1.359,2.562,1.988,3.932,4.566,4.567,4.131,2.169,2.452,2.617,2.310,2.597,3.498,2.915,3.213,3.824,3.519,0.512,5.317
THF00212,3.306,4.001,3.519,5.354,4.816,3.642,3.934,3.149,3.646,3.828,3.436,5.132,5.452,4.108,4.607,3.595,3.482,5.471,0.927,0.400,6.410
THF00213,3.800,3.245,3.705,4.598,4.875,4.636,4.323,3.471,3.535,2.879,3.175,4.372,4.251,4.288,5.519,3.234,2.788,4.904,1.074,0.405,6.193
THF00214,6.089,4.372,4.515,1.975,3.541,5.662,4.239,4.474,4.079,4.860,5.323,2.198,2.201,3.194,3.190,5.145,4.314,4.201,0.778,0.458,6.026
THF00215,4.481,5.230,4.602,3.965,3.327,4.402,4.696,4.501,4.004,4.617,4.213,5.224,4.519,3.023,4.208,4.271,3.436,4.326,2.189,0.617,6.058
THF00216,4.319,4.312,4.579,3.803,5.709,4.681,3.627,3.621,3.703,4.111,4.464,2.674,3.430,4.724,5.505,4.740,3.115,6.352,2.254,0.605,6.254
THF00217,3.769,3.849,3.483,4.310,3.347,3.970,2.310,4.916,4.169,2.636,4.020,3.966,3.506,3.454,3.734,3.340,3.046,5.079,2.414,0.906,6.133
THF00218,3.189,5.005,3.323,5.312,5.553,3.255,4.262,5.643,4.165,2.886,2.690,6.201,4.051,5.456,4.777,3.793,2.554,5.740,1.890,1.102,6.093
THF00219,4.021,4.751,2.484,3.483,4.091,4.753,3.152,4.734,3.921,2.045,2.620,4.067,4.065,4.540,2.847,4.240,2.323,5.691,2.082,0.937,6.305
THF00220,3.180,3.561,2.288,3.335,3.573,2.603,3.455,3.892,3.719,2.239,2.988,4.300,3.028,2.198,3.632,3.577,3.692,3.545,1.434,0.896,6.334
THF00221,4.217,5.371,2.760,4.141,4.178,4.429,3.955,5.330,5.267,2.849,3.354,4.515,3.488,4.132,4.384,3.204,2.342,4.526,1.010,0.464,6.338
THF00222,5.214,2.935,6.542,3.461,3.624,4.821,4.208,2.959,3.313,5.510,5.344,3.563,3.370,3.341,4.132,5.095,4.486,4.181,2.927,0.423,6.063
THF00223,3.104,3.571,3.510,5.256,6.442,1.664,3.749,3.682,3.098,2.892,2.933,5.088,3.451,5.219,6.219,3.427,3.013,6.308,0.685,1.070,5.586
THF00224,4.720,3.699,3.922,3.681,3.257,3.996,4.236,3.632,3.137,4.353,3.191,3.521,3.338,3.498,3.164,4.048,3.641,4.515,1.732,0.483,6.239
THF00225,5.225,4.759,6.203,4.095,3.751,4.824,3.705,5.623,3.929,4.753,5.389,5.258,5.002,3.401,2.227,4.618,4.561,5.254,3.754,0.976,5.253
THF00226,4.378,4.345,1.565,5.528,4.438,4.575,4.934,4.967,3.749,2.366,1.943,4.156,4.748,4.814,3.697,2.655,1.970,5.407,1.541,0.742,6.048
THF00227,6.768,3.750,2.965,1.908,3.998,5.526,5.213,4.148,3.634,3.139,2.402,3.230,2.338,4.389,4.621,4.149,2.349,5.667,2.753,0.537,5.433
THF00228,4.505,3.746,5.650,2.610,6.590,5.030,3.365,4.265,4.053,5.120,5.471,3.449,3.674,4.704,5.148,4.791,5.167,5.075,2.290,0.580,5.212
THF00229,2.968,4.287,1.000,3.519,5.200,3.519,3.253,5.464,4.764,1.764,1.976,3.004,4.443,5.066,5.031,3.399,1.860,6.251,1.969,0.530,5.789
THF00230,3.967,4.805,4.797,4.581,1.756,4.388,4.625,4.093,3.801,4.978,3.702,5.231,4.649,2.701,2.723,3.393,4.067,3.228,2.387,0.482,5.508
THF00231,4.916,3.775,4.416,6.355,3.445,4.736,4.422,3.849,4.356,3.743,3.591,4.755,4.913,2.434,3.556,3.393,3.903,4.491,1.423,0.451,5.567
THF00232,4.210,5.361,4.408,2.178,4.515,4.836,3.646,5.347,5.163,5.186,4.278,2.574,2.662,3.327,4.463,4.747,4.135,4.870,0.906,0.702,6.467
THF00233,2.878,3.724,6.085,4.103,3.713,3.739,3.786,3.423,4.281,4.690,4.688,4.865,3.358,3.600,3.401,3.623,4.416,4.243,2.206,0.523,6.204
THF00234,5.581,5.269,4.412,4.009,4.593,5.109,4.637,4.272,4.818,4.644,4.647,3.498,4.773,4.209,4.318,4.655,4.081,4.793,0.515,0.481,5.872
THF00235,4.981,3.731,4.943,3.449,6.048,3.947,3.606,3.345,3.673,3.699,4.937,3.242,3.480,5.614,4.592,3.828,4.026,5.312,2.061,0.633,5.737
THF00236,3.763,3.137,3.569,3.396,4.913,3.402,4.159,5.076,3.869,3.424,5.231,3.092,4.476,4.929,4.537,3.545,4.020,5.261,0.863,1.109,5.764
THF00237,4.529,4.257,3.882,2.731,5.000,4.166,3.733,4.135,4.333,3.153,3.730,2.780,4.747,4.253,4.097,4.303,3.762,4.887,0.031,0.667,5.824
THF00238,3.083,4.268,6.923,4.092,5.060,3.788,4.152,4.909,5.094,6.025,6.825,3.886,4.051,5.210,4.738,4.780,5.178,5.319,2.284,0.397,5.709
THF00239,3.409,5.931,4.521,2.667,5.161,3.320,3.948,4.736,4.492,4.446,4.932,4.204,3.104,4.394,5.761,6.043,4.293,5.213,0.242,0.765,5.709
THF00240,2.190,3.151,3.179,3.310,4.122,2.708,2.295,4.042,4.390,2.999,3.611,3.881,3.725,4.673,4.435,2.897,2.786,4.973,1.345,0.354,5.959
THF00241,3.334,4.755,4.177,4.445,4.565,3.517,2.553,3.823,4.625,4.332,4.079,4.088,4.029,3.253,4.581,3.334,3.464,3.719,1.822,0.681,6.250
THF00242,2.725,4.285,5.160,5.034,5.664,2.308,3.694,4.050,4.185,4.958,4.622,4.158,5.540,5.192,5.017,4.095,4.993,6.118,0.306,0.683,6.562
THF00243,5.897,3.507,4.949,4.094,4.690,5.855,4.937,3.369,4.006,5.049,5.553,5.046,3.722,2.383,6.114,4.259,4.108,5.410,2.300,1.423,6.361
THF00244,4.552,2.922,5.707,5.318,3.394,3.936,3.482,3.537,3.074,4.831,5.960,5.059,5.331,3.542,3.522,3.488,5.344,4.044,1.406,0.467,6.548
THF00245,4.674,2.924,5.877,4.019,5.867,3.887,4.178,3.572,3.171,4.621,4.754,4.581,4.437,4.465,4.333,4.737,4.071,5.375,2.314,0.220,5.095
THF00246,3.455,2.948,4.701,3.953,2.298,3.678,3.881,3.973,2.930,4.990,3.905,3.204,4.014,3.609,2.173,2.664,3.806,2.716,1.568,0.916,6.204
THF00247,2.790,2.333,5.030,3.957,5.433,3.668,4.212,2.901,2.804,3.343,3.925,2.757,4.051,4.580,5.261,3.513,3.715,5.921,2.103,0.640,5.200
THF00248,5.293,4.630,3.093,3.697,5.250,5.079,4.694,4.708,4.663,2.653,3.797,4.654,3.531,4.817,5.053,4.614,3.111,5.414,0.545,0.587,6.542
THF00249,3.375,4.474,5.398,3.115,2.964,3.215,3.636,3.300,3.729,3.863,5.932,4.011,4.494,3.509,3.053,2.851,4.421,4.285,2.366,0.772,5.396
THF00250,4.278,3.585,3.588,1.000,3.760,3.072,4.937,3.610,3.975,3.573,3.616,2.234,1.499,3.727,3.627,4.423,3.496,4.276,0.966,0.622,6.258
THF00251,3.671,4.905,5.119,3.813,3.206,3.786,3.663,5.392,3.562,4.401,5.641,3.560,3.997,3.070,2.217,4.247,4.141,3.094,1.811,0.897,6.566
THF00252,4.538,4.056,4.115,3.149,6.404,3.368,5.454,2.936,2.679,3.947,4.550,3.902,3.593,6.128,6.741,5.042,3.874,7.000,1.518,0.774,5.918
THF00253,5.847,4.115,4.721,1.627,3.350,5.467,5.016,3.329,4.348,4.531,4.749,3.924,2.286,3.648,3.544,5.735,4.378,4.126,1.260,0.686,5.829
THF00254,5.442,3.716,3.877,3.770,2.838,5.703,5.062,2.926,3.691,4.851,3.977,4.752,5.209,3.281,4.173,3.266,3.645,4.939,2.435,0.726,5.398
THF00255,3.745,5.553,2.163,4.098,5.362,4.233,2.978,4.726,4.102,2.879,2.748,4.225,3.782,4.750,5.197,3.273,2.427,5.940,1.108,0.580,5.698
THF00256,3.639,3.661,6.560,4.138,4.676,4.351,2.902,3.875,3.027,6.144,5.215,3.209,3.940,3.750,4.694,3.666,4.537,4.493,2.597,0.980,5.803
THF00257,4.260,5.099,5.016,3.865,4.246,4.600,3.548,4.863,5.413,4.621,4.565,3.643,3.655,2.866,4.342,4.827,3.351,4.237,1.680,0.629,6.368
THF00258,3.875,2.405,4.413,4.269,2.980,3.723,2.645,3.448,2.771,4.152,4.083,3.825,3.868,4.056,3.280,4.070,2.502,4.485,3.716,0.529,5.753
THF00259,3.623,3.682,2.965,4.062,5.774,3.667,3.130,3.468,3.294,4.488,2.087,5.036,3.078,5.216,4.286,3.944,2.412,6.160,1.565,1.200,6.427
THF00260,3.757,3.803,3.171,2.131,4.116,3.687,3.795,2.968,3.435,2.609,3.382,2.830,2.895,4.277,4.351,4.620,2.968,4.879,1.440,0.297,6.308
THF00261,4.169,3.504,4.099,3.511,4.086,3.688,2.766,4.093,3.643,4.322,4.650,4.032,3.329,3.607,4.577,2.764,4.355,4.681,1.524,0.675,6.433
THF00262,2.981,4.232,4.087,5.015,3.449,2.384,4.000,4.398,3.872,3.720,4.565,4.448,4.504,3.873,3.713,3.828,3.163,5.175,3.001,0.640,6.821
THF00263,6.264,4.882,4.161,4.139,5.204,5.524,5.789,3.906,4.731,4.760,4.057,4.178,4.639,3.787,5.487,4.467,3.403,5.600,1.280,0.791,6.129
THF00264,3.484,3.755,4.349,3.537,5.747,3.045,2.565,2.780,4.162,3.622,5.350,3.688,3.560,5.007,4.154,4.981,3.881,4.973,1.670,0.914,6.251
THF00265,3.207,5.592,3.209,3.611,6.717,3.865,2.652,4.726,5.023,3.746,2.584,3.882,4.807,5.965,5.775,4.533,2.320,5.840,1.878,0.757,5.932
THF00266,2.812,3.078,3.632,3.056,4.004,3.330,3.626,1.851,2.862,3.637,4.633,3.678,3.651,3.276,4.729,3.686,4.125,4.164,0.447,0.757,6.089
THF00267,1.944,2.550,4.369,4.294,2.570,2.392,1.667,3.042,2.499,4.483,4.212,4.372,4.977,3.996,2.635,2.661,3.036,4.160,3.121,0.701,6.314
THF00268,4.697,2.462,1.938,3.325,2.426,4.830,3.822,2.627,1.936,2.872,3.763,3.154,3.066,4.121,3.027,3.040,2.463,5.092,3.763,0.754,5.608
THF00269,4.599,4.596,4.188,2.944,3.854,4.352,4.507,5.539,3.898,4.952,3.386,3.942,2.402,3.952,3.918,4.565,3.139,3.811,1.319,0.987,6.698
THF00270,5.106,3.563,4.396,4.464,4.124,4.875,4.350,4.002,4.037,3.775,4.602,3.982,3.903,4.596,3.163,3.016,3.848,4.955,1.402,0.580,6.121
THF00271,3.589,3.088,5.445,2.394,3.846,2.500,3.805,3.190,3.991,4.483,5.866,2.317,2.904,3.188,3.494,4.259,4.740,3.950,1.061,0.877,5.881
THF00272,5.038,4.811,5.025,5.972,4.505,4.256,4.443,4.926,4.643,4.741,5.938,5.597,4.060,3.609,5.014,3.823,4.229,4.867,1.581,0.922,6.019
THF00273,4.211,6.068,4.105,2.790,1.876,3.817,4.332,4.830,5.087,3.951,4.124,2.514,2.508,2.433,2.923,5.042,3.538,3.319,2.056,0.288,5.975
THF00274,5.466,3.591,3.535,4.665,4.638,5.372,4.901,3.414,4.429,3.641,3.815,4.672,5.329,3.970,4.515,3.653,2.539,4.722,1.425,0.572,6.299
THF00275,3.461,3.768,2.808,4.410,4.470,2.495,3.277,3.977,4.884,3.297,3.044,3.857,3.450,3.908,4.324,2.859,3.037,5.907,2.156,0.553,6.194
THF00276,4.557,4.173,4.340,3.147,5.124,4.917,4.180,4.346,4.345,3.675,4.652,3.474,4.145,4.641,4.669,4.373,4.007,6.166,1.742,0.483,6.410
THF00277,5.240,5.523,3.513,4.792,3.862,4.383,4.592,5.147,4.975,2.803,4.242,5.045,4.289,3.643,4.066,3.923,3.333,4.712,1.567,0.600,6.698
THF00278,3.779,4.514,4.001,2.515,4.448,4.605,4.023,4.440,4.676,4.214,6.115,3.187,3.113,4.004,4.809,3.171,4.611,5.375,1.680,0.720,6.140
THF00279,5.159,4.877,3.922,6.336,5.876,5.408,4.898,4.760,4.360,3.838,3.897,5.515,6.473,5.189,5.205,3.809,3.136,5.890,0.910,0.388,6.393
THF00280,5.276,4.960,3.355,3.915,4.174,5.689,4.778,4.427,2.782,3.428,3.873,3.130,3.769,3.580,3.233,4.619,3.039,5.030,1.620,0.798,6.006
THF00281,3.474,4.071,5.786,2.483,4.583,4.223,3.975,3.975,3.814,5.981,5.542,2.660,2.255,4.510,4.764,5.346,4.888,5.769,2.327,0.301,6.598
THF00282,3.381,4.103,4.241,5.165,3.149,3.702,3.984,4.981,5.114,3.354,4.525,5.402,5.093,3.315,2.850,2.756,3.810,2.679,1.049,0.472,6.424
THF00283,6.371,4.609,3.809,3.291,3.818,4.139,5.151,4.352,3.834,4.036,3.468,3.439,3.499,3.156,3.788,5.529,3.062,4.317,1.179,0.558,5.756
THF00284,4.872,3.284,5.444,4.740,3.308,4.821,4.213,4.147,4.234,5.341,5.459,4.834,4.370,2.919,3.553,3.995,3.180,4.534,3.631,0.383,6.356
THF00285,2.140,2.898,4.744,4.459,3.243,3.425,2.936,3.396,3.703,4.507,4.019,4.042,5.189,5.187,3.893,3.128,4.012,5.617,3.077,0.745,5.279
THF00286,4.016,5.470,2.951,5.756,6.143,3.886,4.367,4.903,3.946,2.981,3.117,5.667,4.880,6.279,6.295,3.461,3.135,7.000,1.316,0.476,6.290
THF00287,2.059,3.478,3.677,4.633,4.070,3.552,2.551,3.424,2.575,4.012,3.728,5.150,4.275,5.011,4.276,3.518,3.253,5.830,2.021,0.749,5.730
THF00288,5.789,5.232,5.407,4.011,4.472,4.531,5.992,5.338,4.845,5.127,5.070,4.310,3.506,3.507,3.884,4.798,5.299,5.883,1.295,0.638,6.221
THF00289,3.514,2.278,5.575,2.563,4.049,3.817,4.272,2.275,3.373,5.361,5.865,2.654,3.814,4.459,5.113,3.664,5.491,5.307,1.989,0.774,5.853
THF00290,2.107,3.891,2.467,3.271,4.692,2.334,3.222,3.658,3.771,3.482,2.034,3.160,3.584,5.405,4.496,3.643,2.026,5.462,1.464,0.756,6.139
THF00291,5.354,2.752,6.082,6.533,4.123,4.496,4.252,3.607,3.242,5.800,5.606,5.133,5.474,4.161,4.318,3.599,3.996,5.494,4.083,0.260,5.296
THF00292,1.895,5.095,5.844,3.750,4.105,1.971,2.455,4.043,5.526,5.046,4.782,4.600,3.679,4.113,2.840,5.105,5.046,3.964,1.228,0.885,5.480
THF00293,5.296,5.529,3.216,3.309,2.868,5.341,4.640,4.646,3.609,2.992,4.527,2.682,4.339,2.703,4.550,4.009,3.136,5.535,3.514,1.355,5.609
THF00294,5.589,4.885,3.426,4.771,6.785,4.256,4.476,4.871,3.842,3.156,3.966,4.788,5.294,7.000,6.716,5.567,3.750,7.000,0.530,0.570,5.707
THF00295,4.842,5.026,3.846,3.497,4.244,4.332,2.905,4.164,4.296,3.682,4.712,3.609,3.671,3.865,3.890,4.357,4.203,5.103,1.506,0.535,5.734
THF00296,3.097,4.630,3.337,2.793,4.786,2.900,2.875,3.845,4.646,3.279,3.323,3.513,4.463,5.176,4.234,3.207,3.155,4.906,0.227,0.552,6.154
THF00297,3.232,3.609,2.870,3.690,4.265,4.000,4.350,3.423,3.193,2.964,2.732,4.805,3.977,3.795,4.091,3.666,2.794,4.399,0.000,0.387,6.076
THF00298,4.977,3.221,2.530,1.468,4.512,6.157,5.629,3.848,3.842,2.238,2.289,2.624,2.209,4.238,4.296,4.200,2.955,5.336,1.677,0.211,5.359
THF00299,3.029,4.526,4.399,2.943,3.353,3.476,2.173,4.266,4.669,3.837,4.681,2.206,2.644,3.513,3.345,3.213,4.982,3.803,1.293,0.631,6.320
THF00300,4.804,3.245,4.543,6.346,4.116,4.466,5.183,3.165,3.681,4.356,5.426,5.514,6.510,4.348,3.372,4.174,4.254,3.452,1.613,0.855,6.329
THF00301,4.467,4.005,4.934,3.044,6.198,4.057,3.228,4.184,4.474,4.860,4.377,3.419,2.664,5.728,5.877,5.239,3.831,5.738,2.205,0.502,6.308
THF00302,4.478,2.926,4.180,2.427,6.041,3.968,3.910,2.969,2.742,3.869,4.206,2.870,4.059,5.144,4.655,3.909,3.209,4.767,2.599,0.460,5.768
THF00303,3.495,4.500,4.705,3.529,4.556,2.999,4.423,4.613,3.773,4.337,5.724,4.073,3.956,4.020,2.840,3.823,3.828,4.879,1.709,0.990,5.957
THF00304,3.821,3.875,5.602,3.965,4.593,3.779,3.854,4.104,4.419,3.937,5.837,4.666,4.335,4.506,4.373,4.433,5.193,5.111,1.299,0.550,6.111
THF00305,4.521,5.106,3.259,4.101,3.718,3.405,3.887,5.426,4.462,3.498,3.499,4.058,4.429,4.029,3.759,3.810,2.660,5.178,2.020,0.417,6.664
THF00306,3.149,4.403,2.769,4.964,5.391,3.622,2.826,4.310,4.106,3.082,3.601,3.704,5.079,5.008,5.320,2.456,2.845,5.215,0.891,0.641,6.167
THF00307,2.927,3.651,4.315,3.767,4.323,3.995,3.999,3.486,3.726,4.120,4.036,3.741,3.625,4.171,4.971,4.314,4.163,5.004,0.934,0.249,5.984
THF00308,2.909,3.675,4.078,4.437,5.246,2.501,3.263,3.008,3.415,3.040,3.947,4.121,4.686,4.962,4.071,3.270,3.245,6.439,2.257,0.706,6.056
THF00309,4.751,5.393,3.095,3.028,5.597,4.960,4.922,5.061,4.678,3.789,3.827,4.101,3.639,4.716,5.939,3.910,3.219,6.247,0.960,0.429,5.747
THF00310,4.142,2.547,4.540,3.275,5.883,4.002,4.946,2.878,2.689,3.717,4.246,3.606,3.571,4.497,5.576,3.378,3.544,5.894,1.327,0.555,5.936
THF00311,5.640,4.877,4.543,4.058,4.566,5.974,5.119,4.413,5.093,4.291,4.036,4.164,3.594,4.189,5.339,4.529,3.587,5.052,1.710,0.702,6.399
THF00312,3.915,5.638,2.633,4.176,5.369,3.712,4.742,5.097,4.471,2.849,4.332,4.373,4.597,5.035,4.507,4.176,3.447,4.830,1.685,0.778,5.859
THF00313,4.666,3.803,5.344,1.799,2.872,3.795,5.234,3.976,4.619,4.154,4.724,3.030,1.846,3.226,2.628,3.631,4.474,3.131,1.146,0.887,6.058
THF00314,2.522,2.309,5.545,5.206,3.040,3.274,2.462,2.154,2.975,5.195,5.730,3.889,4.747,3.426,3.904,2.729,4.482,3.672,2.076,0.701,6.008
THF00315,4.020,3.060,5.770,3.808,4.491,4.484,2.956,3.219,2.773,3.761,5.641,3.763,3.549,4.165,4.521,4.957,4.458,5.639,2.837,0.885,6.229
THF00316,4.337,3.244,3.284,3.375,5.001,4.243,4.005,2.630,2.559,3.188,2.740,3.222,3.204,4.358,5.069,3.234,3.082,5.687,1.046,0.297,6.435
THF00317,6.143,2.938,3.793,3.085,4.702,5.386,5.800,4.145,4.786,2.793,4.031,4.006,2.947,4.522,4.125,3.464,2.627,5.500,2.650,0.750,5.523
THF00318,4.799,3.877,3.840,4.389,5.482,4.952,3.364,4.059,3.842,2.846,4.211,4.160,3.751,4.872,5.273,4.546,3.041,5.757,1.382,0.796,6.198
THF00319,3.027,4.114,3.825,4.372,4.609,2.806,3.469,4.124,3.102,4.271,3.579,3.130,4.504,3.279,4.628,3.481,4.348,5.485,1.855,1.020,6.359
THF00320,4.706,2.794,4.516,1.055,4.535,4.526,4.450,3.612,2.969,4.120,4.369,1.559,1.814,4.561,4.174,4.863,4.097,4.762,0.998,0.322,6.375
THF00321,3.177,3.496,3.892,2.914,3.547,3.425,3.705,3.329,3.716,3.659,3.857,2.812,3.339,3.688,4.611,3.847,2.701,5.057,2.599,0.463,6.542
THF00322,4.271,3.404,5.770,2.831,4.327,4.060,4.351,3.834,3.030,4.937,6.593,3.670,3.592,3.444,4.432,4.589,5.284,5.014,1.351,0.763,6.770
THF00323,3.725,3.930,3.575,3.749,3.417,2.574,3.606,4.056,3.449,4.804,2.954,4.146,3.310,3.140,4.035,3.374,3.672,4.779,1.684,1.044,6.471
THF00324,3.998,3.978,4.409,2.070,5.907,4.088,4.371,4.362,2.648,4.232,4.733,2.632,1.781,4.077,4.258,3.905,4.622,4.234,2.329,0.706,5.483
THF00325,2.874,4.152,3.854,4.288,2.781,2.491,2.174,4.265,4.020,3.329,2.670,3.694,4.839,2.362,2.610,3.483,3.273,3.418,1.153,0.523,6.406
THF00326,2.644,5.586,4.244,4.983,3.089,2.447,3.350,4.473,3.722,3.969,4.467,4.891,4.601,3.560,2.659,3.498,4.522,3.257,0.729,0.669,6.068
THF00327,5.499,4.495,5.878,4.372,4.749,3.184,4.224,4.474,4.507,5.287,5.778,3.841,4.401,4.481,3.462,4.183,4.692,4.949,1.675,0.629,5.700
THF00328,4.333,5.702,4.053,3.400,2.542,3.756,5.220,5.037,4.466,3.090,3.757,4.271,4.593,3.463,2.927,3.729,2.698,4.700,3.665,0.712,5.440
THF00329,3.574,4.935,4.582,2.513,3.457,3.791,3.233,5.002,4.850,4.782,4.145,2.917,2.860,3.835,3.216,3.978,4.303,3.912,1.107,0.404,6.663
THF00330,3.083,3.609,4.876,2.414,3.171,3.064,4.290,3.775,4.058,4.591,5.104,2.769,3.556,3.087,3.877,5.061,3.828,4.388,2.443,0.720,5.982
THF00331,2.909,5.100,3.033,2.696,3.706,3.928,2.236,5.533,4.471,3.071,2.823,2.766,2.515,3.955,3.645,3.736,2.812,4.351,1.605,0.713,6.775
THF00332,3.776,2.763,2.866,3.395,2.938,3.670,4.829,3.891,4.210,2.385,2.790,4.501,3.492,3.259,3.411,3.499,3.611,4.434,2.417,0.609,5.659
THF00333,2.659,4.993,2.451,4.581,5.909,3.749,2.852,4.891,4.188,3.228,2.725,3.848,3.468,5.303,5.032,3.601,3.242,6.099,1.122,0.551,5.509
THF00334,2.337,4.577,3.936,4.543,3.011,2.314,3.155,4.322,5.276,3.741,4.024,4.151,4.707,1.716,3.073,3.047,4.117,3.108,0.559,0.798,6.156
THF00335,5.078,2.493,2.754,4.457,4.359,3.630,4.622,2.918,3.432,3.494,2.550,4.550,4.993,4.057,3.593,3.430,2.515,5.033,1.441,0.671,5.665
THF00336,3.590,3.618,5.999,3.280,3.364,3.144,3.863,3.520,4.393,5.577,6.260,3.163,2.562,3.132,4.129,4.203,5.068,4.680,2.692,0.775,6.531
THF00337,2.895,4.931,3.377,3.457,1.514,3.489,3.107,3.961,4.577,4.126,4.372,3.465,3.030,2.173,2.713,4.043,2.893,3.825,2.948,0.444,5.376
THF00338,3.597,5.014,4.800,4.587,4.410,4.420,4.722,3.949,4.459,4.556,4.798,3.829,4.736,3.317,3.561,4.487,3.710,3.614,2.347,0.441,5.851
THF00339,5.130,3.140,4.018,2.814,4.246,4.144,4.351,3.551,3.723,2.990,4.591,3.442,4.583,4.194,4.615,5.162,4.114,5.121,1.075,0.708,5.623
THF00340,5.195,4.862,3.434,5.347,2.963,4.615,5.948,4.598,4.438,2.789,4.591,5.504,3.321,2.698,2.749,3.299,3.035,3.582,1.263,1.106,6.354
THF00341,5.408,4.636,4.187,3.979,5.266,4.915,4.303,5.081,4.352,4.637,4.475,4.740,4.155,4.984,4.972,5.203,4.006,5.599,0.722,0.420,5.901
THF00342,4.002,6.387,2.503,3.614,3.838,4.407,3.183,5.518,6.127,2.909,3.140,5.126,3.898,3.285,4.911,4.102,2.916,3.850,0.725,0.983,6.097
THF00343,3.642,4.665,2.909,3.438,4.143,3.271,3.798,4.446,5.001,3.650,3.401,2.874,3.152,4.269,3.775,3.473,3.366,5.130,2.068,0.421,6.176
THF00344,4.150,3.965,3.676,4.540,4.362,4.447,3.955,3.528,4.273,4.600,4.487,3.944,4.373,4.444,3.805,4.093,4.173,5.172,1.840,0.484,6.194
THF00345,4.691,3.434,4.886,3.158,3.617,4.240,3.493,3.179,3.267,5.233,3.623,3.600,4.583,3.447,3.625,4.250,4.315,4.662,2.154,0.721,6.011
THF00346,4.473,2.687,3.577,3.623,3.843,4.501,4.082,3.022,2.431,3.588,4.142,5.129,3.631,4.254,3.858,3.624,3.088,4.673,1.348,0.692,6.241
THF00347,2.485,4.127,2.961,2.033,3.728,2.795,2.664,5.441,3.264,2.650,3.099,2.731,2.557,4.648,3.690,3.889,3.590,4.831,2.030,0.778,6.532
THF00348,3.963,4.569,4.668,4.116,5.104,4.489,4.347,3.939,4.170,4.008,4.585,4.173,4.323,3.830,5.649,3.848,4.608,4.380,0.886,0.584,6.265
THF00349,5.012,4.289,4.358,3.495,3.518,4.479,5.810,3.770,3.859,4.149,5.211,3.309,3.263,2.655,4.004,3.619,4.366,3.911,0.714,0.775,6.565
THF00350,2.857,4.028,3.111,3.266,3.048,3.242,2.642,3.297,3.817,3.063,3.081,3.378,3.755,3.009,3.181,3.800,3.294,3.001,0.652,0.337,6.561
THF00351,3.954,3.792,3.923,3.316,4.284,4.976,4.043,4.071,4.759,4.825,3.744,3.180,3.963,3.152,3.781,3.160,3.874,3.856,0.798,0.823,5.795
THF00352,3.268,2.395,5.104,2.931,5.437,3.763,3.777,2.051,3.104,5.525,4.312,4.223,3.412,4.839,5.435,4.356,4.582,5.869,1.161,0.737,5.579
THF00353,3.405,3.356,4.631,2.918,4.966,3.574,3.023,3.119,3.850,4.317,4.016,2.510,1.615,4.375,5.355,4.498,4.193,5.348,1.086,0.691,6.480
THF00354,4.762,4.136,3.402,2.642,4.441,4.598,4.629,3.676,4.089,3.172,3.885,3.986,2.938,2.909,4.784,4.403,3.151,5.037,0.907,0.816,6.157
THF00355,6.106,5.172,3.524,4.312,3.627,5.025,4.855,4.960,4.304,4.650,2.762,4.185,5.263,3.524,4.920,5.037,3.534,5.384,2.048,1.038,5.658
THF00356,6.356,5.770,4.854,3.894,4.051,5.921,5.075,5.217,4.784,4.505,5.319,3.844,3.186,4.558,3.608,4.402,4.158,4.589,1.560,0.740,6.357
THF00357,2.045,4.371,3.142,3.466,4.480,2.688,2.547,4.345,4.190,3.922,3.251,2.983,3.694,4.907,4.656,3.507,2.886,3.724,1.176,0.386,6.349
THF00358,3.948,4.667,4.997,4.204,5.466,4.414,5.148,3.422,4.794,4.980,5.801,3.958,5.111,4.267,4.714,4.515,5.059,5.402,0.527,0.905,5.759
THF00359,3.103,4.714,4.075,4.476,3.388,4.066,3.012,4.815,3.602,3.869,4.748,4.957,4.293,3.722,3.497,4.468,3.619,4.616,2.606,0.807,6.093
THF00360,5.510,4.712,3.575,3.825,3.485,5.341,3.721,4.442,4.258,4.647,4.377,3.877,3.640,3.602,3.146,4.024,3.633,4.668,1.723,0.554,5.822
THF00361,4.715,4.135,4.623,4.199,3.471,5.047,4.800,4.206,5.112,4.865,3.359,4.074,4.251,3.419,3.060,3.729,3.403,4.866,2.534,0.639,6.258
THF00362,5.504,4.993,3.554,4.895,5.207,4.553,5.132,4.383,4.878,4.145,3.920,4.412,3.737,4.663,4.124,5.105,4.397,5.214,0.879,0.502,5.733
THF00363,4.662,3.561,5.605,4.129,3.486,4.680,4.066,3.879,4.424,5.038,4.912,3.702,2.642,4.526,2.967,4.857,3.805,4.982,3.541,0.781,5.602
THF00364,5.992,4.788,4.160,4.871,3.975,4.770,5.485,4.477,3.721,4.612,5.070,4.756,4.899,2.950,4.166,4.132,4.773,4.765,1.925,0.657,5.641
THF00365,5.501,4.688,3.408,3.772,2.056,6.172,4.503,5.334,4.381,2.857,4.610,4.373,3.531,1.858,3.470,3.899,3.371,2.806,1.883,1.366,6.484
THF00366,3.325,3.970,2.894,2.182,2.367,2.711,4.364,3.591,2.705,3.400,2.413,3.726,1.724,2.756,3.224,3.501,2.509,4.549,3.511,1.199,5.867
THF00367,5.426,5.542,2.250,5.362,3.823,4.753,4.225,5.246,4.860,3.223,3.070,4.966,4.614,2.775,3.393,4.343,2.376,4.410,1.015,0.408,5.470
THF00368,5.850,2.779,4.297,5.871,3.907,5.433,5.165,2.736,2.621,4.008,3.480,4.650,5.813,4.281,3.787,2.349,3.293,4.615,2.029,0.514,6.052
THF00369,4.658,3.903,3.880,2.699,2.445,5.213,4.961,3.426,2.909,4.680,4.557,2.590,3.287,3.254,2.777,3.495,4.612,2.781,1.057,0.414,5.804
THF00370,3.141,3.358,5.030,3.496,4.972,2.432,3.603,3.044,2.686,5.335,5.327,3.944,4.568,4.551,4.578,4.511,4.843,5.213,0.257,0.438,6.121
THF00371,4.552,4.538,3.367,4.421,4.444,5.222,5.133,4.490,3.695,4.091,3.563,4.198,5.051,3.312,4.672,3.726,3.682,5.461,1.422,0.725,6.022
THF00372,4.277,5.051,4.819,2.825,4.864,4.058,3.213,6.523,3.532,3.677,5.269,2.666,3.339,4.207,5.298,5.218,4.059,5.631,1.874,1.438,6.704
THF00373,4.069,5.019,5.543,2.524,4.093,4.898,3.854,4.690,4.824,4.118,4.711,2.152,2.415,3.484,4.342,4.522,4.869,5.364,2.544,0.578,6.097
THF00374,4.272,4.791,4.721,2.567,4.418,4.280,4.557,5.186,5.130,4.475,3.421,3.530,2.727,3.482,3.917,4.353,3.558,4.881,2.108,0.525,5.952
THF00375,3.197,5.466,4.135,4.273,3.758,3.551,4.373,4.087,4.936,4.154,3.867,3.361,4.196,4.021,3.624,3.414,4.081,4.355,0.561,0.638,6.049
THF00376,5.733,2.521,5.005,5.100,4.277,4.980,4.628,3.041,2.996,4.171,5.119,4.294,3.668,4.327,4.543,3.949,3.876,4.693,1.700,0.437,5.540
THF00377,4.339,5.105,3.674,4.090,4.672,4.688,3.681,4.753,4.495,4.112,3.989,4.817,3.035,4.174,4.308,5.412,3.974,5.029,1.257,0.660,6.456
THF00378,4.577,4.263,4.682,4.470,4.210,3.744,3.463,4.257,3.905,5.004,4.608,3.493,4.463,3.404,4.016,3.926,3.766,4.130,1.489,0.522,6.025
THF00379,4.494,3.376,3.771,2.513,3.751,4.386,4.491,3.562,2.816,3.667,4.014,2.487,3.204,3.913,4.139,3.410,4.194,4.186,0.977,0.428,6.795
THF00380,3.752,2.807,5.359,4.513,4.400,3.897,2.210,2.562,3.032,4.238,4.381,4.178,5.431,4.189,5.154,3.996,4.400,5.193,1.956,0.904,6.161
THF00381,4.020,3.263,4.722,4.631,4.963,3.591,3.606,2.712,3.729,5.022,4.108,5.196,3.900,4.017,5.139,4.214,4.131,5.504,1.364,0.873,6.615
THF00382,3.720,4.583,4.133,4.684,3.217,3.733,4.160,5.354,4.137,2.888,3.392,4.497,4.065,3.100,4.146,3.731,2.707,4.165,2.557,0.725,5.924
THF00383,3.825,3.667,4.144,1.520,4.796,4.322,3.445,3.036,4.282,4.123,3.490,2.571,2.163,3.295,4.576,4.199,2.646,4.858,1.874,0.889,6.163
THF00384,4.737,5.782,5.323,2.997,3.797,4.593,4.585,5.908,6.185,4.710,5.169,3.118,3.429,4.238,4.787,4.919,4.036,4.889,2.501,0.321,6.376
THF00385,4.776,2.194,5.137,4.470,5.528,5.698,3.761,2.795,3.156,4.419,5.411,4.006,3.745,5.961,4.599,3.989,4.011,5.556,1.553,0.983,6.458
THF00386,3.628,1.994,3.363,3.800,3.947,3.213,4.317,1.263,2.466,3.799,4.181,3.600,3.700,4.173,3.554,3.216,3.740,5.223,2.067,0.681,6.265
THF00387,4.760,4.752,2.516,2.534,3.154,3.686,4.028,4.451,5.252,2.049,2.662,2.999,3.240,2.901,3.707,4.021,2.961,3.975,1.653,0.561,5.903
THF00388,4.233,4.545,4.609,3.813,4.067,4.782,3.592,4.454,4.960,4.611,3.557,4.117,5.001,3.564,4.189,5.006,3.734,3.966,1.535,0.851,5.973
THF00389,1.388,2.580,2.009,5.604,4.281,1.430,1.744,2.739,2.840,2.374,1.989,5.241,5.134,3.986,4.945,2.259,1.747,5.588,1.776,0.373,6.590
THF00390,5.449,3.555,4.939,3.402,2.874,3.988,5.256,3.812,2.789,4.824,3.631,3.483,4.245,1.957,3.822,4.174,3.722,3.256,1.949,1.222,5.953
THF00391,4.255,3.649,3.502,3.867,3.380,4.488,5.258,4.586,2.847,3.870,3.447,4.397,4.266,3.979,3.995,3.095,2.923,4.236,1.546,0.616,6.159
THF00392,5.342,3.819,4.398,3.488,4.258,5.083,5.786,3.309,3.688,3.684,3.895,4.257,3.571,3.358,4.400,3.882,3.795,4.036,1.140,0.604,6.177
THF00393,4.972,3.222,4.968,3.142,5.404,5.023,4.138,3.366,2.394,4.723,5.281,3.457,4.380,4.476,4.378,4.714,4.548,5.168,0.947,0.687,6.004
THF00394,4.067,3.444,4.034,4.047,2.086,4.225,4.643,4.357,4.513,3.293,3.364,3.732,4.780,2.015,2.823,2.936,2.865,2.969,2.625,0.500,5.709
THF00395,3.443,3.871,4.678,4.337,2.472,2.948,4.302,3.697,4.145,3.916,4.443,3.571,4.109,2.690,3.380,4.081,4.297,4.012,2.467,0.712,5.904
THF00396,3.314,2.617,3.423,4.408,5.609,3.495,4.091,3.708,3.193,3.118,4.231,4.236,4.059,4.872,5.265,3.002,3.170,5.273,0.808,0.559,5.890
THF00397,5.229,4.399,3.798,6.400,2.641,3.928,4.972,4.662,2.890,4.131,3.759,6.058,5.840,2.879,3.335,2.568,3.950,3.920,1.479,0.772,5.636
THF00398,3.284,3.556,2.643,4.618,5.850,2.818,3.988,3.621,2.754,2.567,3.267,4.099,4.514,5.372,5.545,3.286,2.599,6.203,0.679,0.665,6.359
THF00399,3.946,4.290,5.697,4.673,3.411,4.537,5.269,2.632,4.094,3.552,5.058,4.487,5.000,3.455,4.348,4.981,4.620,3.633,1.687,1.021,5.400
THF00400,3.900,3.901,4.009,3.851,5.414,3.934,4.687,2.776,3.290,4.264,3.478,3.889,3.501,5.206,4.852,4.303,4.071,6.139,1.053,0.559,5.810
THF00401,4.096,4.093,2.678,3.508,3.441,3.725,4.310,4.010,4.496,3.623,2.903,3.531,3.923,3.345,3.163,3.770,2.349,3.729,0.852,0.473,6.356
THF00402,4.583,4.756,2.290,3.168,4.568,3.820,4.798,3.914,3.851,2.843,1.984,4.307,2.930,4.005,4.700,4.611,2.558,3.615,1.302,0.794,5.782
THF00403,5.175,3.330,3.971,3.087,4.053,4.871,5.561,3.406,3.092,4.968,4.633,2.757,1.927,4.011,4.161,3.581,3.662,4.734,0.880,0.464,6.080
THF00404,2.639,4.847,5.216,3.363,3.272,3.507,3.296,3.842,5.000,5.157,4.718,3.627,2.787,3.432,3.252,3.763,3.969,4.881,3.115,0.566,6.262
THF00405,3.981,4.426,4.490,5.013,4.381,3.402,3.974,3.875,4.049,5.266,3.662,4.868,4.404,4.027,3.393,2.617,2.833,3.827,2.707,0.690,6.435
THF00406,2.081,2.581,5.379,3.772,4.350,3.237,3.004,3.109,3.016,4.602,5.344,3.910,4.571,4.333,4.101,3.567,4.812,4.772,1.380,0.392,5.971
THF00407,6.691,4.164,4.432,3.411,4.611,4.890,5.291,4.512,4.241,3.743,4.280,4.192,4.194,3.844,3.944,3.833,4.249,4.919,0.910,0.262,5.602
THF00408,2.373,4.587,4.513,3.123,4.090,2.762,3.759,4.441,3.567,4.388,4.948,3.196,3.391,3.985,3.399,3.339,4.723,4.805,0.624,0.643,6.352
THF00409,4.415,3.975,3.413,4.959,3.463,3.832,4.865,3.044,3.500,3.375,2.501,5.179,5.100,3.584,2.850,3.012,2.359,5.038,2.915,0.635,6.180
THF00410,3.091,3.238,3.896,2.547,4.941,3.745,2.122,4.079,2.864,4.340,2.923,2.835,2.504,4.509,5.574,3.944,3.141,5.109,1.534,1.130,6.525
THF00411,4.742,4.218,4.696,5.471,5.084,4.590,4.897,4.598,3.571,3.920,4.531,4.025,4.327,4.030,4.279,3.574,3.723,5.013,1.141,0.499,5.680
THF00412,4.337,3.598,6.363,3.522,6.230,4.045,3.787,3.551,2.950,5.533,6.287,3.805,4.045,5.480,5.752,4.332,5.590,6.205,1.250,0.425,6.009
THF00413,3.751,3.624,4.074,4.976,3.041,4.084,3.697,3.864,4.234,4.635,3.385,5.006,3.987,2.686,3.242,2.442,3.806,4.144,2.331,0.716,6.464
THF00414,4.276,4.162,3.909,4.174,4.948,4.395,3.715,4.773,4.514,4.396,3.829,4.365,4.296,4.169,3.946,3.812,4.522,4.877,1.025,0.360,6.227
THF00415,4.803,4.302,5.678,4.496,4.924,5.295,4.015,4.891,2.752,5.050,5.663,4.646,3.629,5.041,4.280,3.765,4.102,4.598,2.682,1.162,6.235
THF00416,3.392,4.530,4.806,3.124,4.155,4.205,3.980,4.364,4.466,5.597,4.417,3.639,4.334,3.714,2.874,4.314,4.281,5.034,2.012,0.608,6.183
THF00417,3.246,2.866,4.089,4.484,2.002,2.746,3.960,3.373,3.359,4.675,5.088,4.568,5.508,2.592,1.903,2.890,4.425,3.443,2.372,0.654,5.962
THF00418,5.463,5.839,5.581,3.494,3.813,3.643,5.790,5.824,5.083,4.449,5.598,4.223,3.384,4.259,4.202,5.745,4.017,4.528,2.949,0.987,6.188
THF00419,4.139,2.953,2.683,6.021,4.738,4.655,4.619,2.618,2.870,3.459,2.585,4.867,4.599,4.180,5.313,3.461,3.846,5.657,2.302,0.513,6.246
THF00420,4.062,4.097,1.000,4.829,3.536,4.172,4.027,4.561,4.800,2.879,1.652,5.255,4.725,3.244,3.613,3.076,1.965,4.434,2.327,0.502,5.980
THF00421,3.852,5.523,4.034,6.087,3.838,3.781,3.707,4.845,5.640,4.024,3.891,5.517,4.712,2.774,4.155,3.840,3.263,3.950,1.208,0.638,6.241
THF00422,4.832,5.025,6.192,3.226,4.429,3.716,3.171,5.431,4.744,5.682,5.268,2.700,3.163,5.272,4.359,5.216,4.855,5.324,2.535,0.605,5.561
THF00423,3.478,3.016,2.216,3.710,4.330,4.053,2.779,4.795,3.819,3.610,2.859,3.664,3.860,4.040,4.129,2.779,3.523,5.106,2.570,0.658,5.922
THF00424,5.719,2.988,3.927,5.600,5.043,5.771,5.682,2.579,3.020,4.356,4.946,4.499,4.774,4.809,4.435,2.532,3.787,5.170,0.704,0.354,5.858
THF00425,3.526,3.925,3.706,2.675,4.152,2.617,2.892,4.224,4.985,3.490,3.590,2.976,2.802,3.911,4.357,3.746,3.694,5.081,1.369,0.351,6.554
THF00426,3.272,5.498,3.715,4.123,4.271,3.248,3.227,5.023,5.127,4.451,3.593,3.759,4.357,4.336,4.098,4.402,3.502,4.638,0.898,0.364,6.913
THF00427,4.311,4.098,5.448,3.012,5.533,3.802,4.820,3.352,4.165,5.638,4.516,3.341,3.718,4.780,3.791,4.302,5.423,5.937,0.864,0.864,5.940
THF00428,3.292,3.475,5.212,4.685,6.030,2.911,3.247,2.743,3.496,4.209,4.717,3.694,4.683,5.531,5.711,3.481,3.294,5.906,2.088,0.553,5.976
THF00429,3.803,3.334,4.707,2.540,4.000,4.077,3.680,3.530,3.056,4.827,4.830,3.313,3.268,4.473,4.652,4.106,4.509,4.951,1.322,0.220,6.437
THF00430,1.828,5.875,4.508,3.928,6.570,2.260,1.997,4.683,6.103,3.968,4.356,3.510,3.361,5.182,4.832,4.143,3.502,5.322,2.623,0.514,5.677
THF00431,4.383,2.628,3.661,2.258,3.469,5.145,4.051,2.982,2.583,4.023,4.473,2.409,1.617,3.393,4.193,3.186,3.310,4.721,2.076,0.707,6.390
THF00432,5.174,3.845,2.267,4.621,4.746,4.806,4.277,3.950,4.079,2.588,2.489,5.307,3.534,3.151,4.412,4.240,2.254,4.024,1.244,0.758,6.208
THF00433,5.657,3.995,3.934,4.414,3.666,5.314,5.081,4.154,3.558,3.069,3.072,4.007,3.530,2.696,3.673,4.503,3.853,3.821,0.320,0.457,6.126
THF00434,4.234,3.943,4.967,3.737,3.139,3.684,4.066,3.747,4.698,4.558,5.196,2.757,3.240,2.501,4.096,4.838,3.783,4.772,2.996,0.810,6.519
THF00435,4.703,5.045,4.218,4.227,3.916,3.969,4.042,4.695,4.682,4.829,3.883,4.775,4.458,4.528,4.071,4.477,4.272,4.807,0.939,0.361,6.238
THF00436,3.167,4.380,4.643,2.933,5.585,3.817,3.954,4.195,4.145,4.344,3.824,3.563,2.665,4.430,3.381,4.205,3.229,5.748,2.069,0.531,5.736
THF00437,2.280,4.978,4.843,3.686,3.563,2.344,2.446,4.461,4.252,5.594,5.436,3.607,3.897,4.109,2.960,3.528,4.417,4.272,0.979,0.382,6.470
THF00438,3.624,2.291,4.494,3.888,5.573,4.339,3.198,2.429,2.432,3.966,4.180,4.764,3.680,3.970,4.319,3.807,2.707,4.624,3.345,0.558,6.139
THF00439,4.340,6.646,4.135,5.489,3.651,5.399,5.015,5.522,5.012,4.246,4.669,5.032,5.795,3.776,3.959,3.705,4.024,5.043,1.478,0.453,5.575
THF00440,2.714,4.367,3.947,2.920,5.228,3.551,2.840,4.598,4.302,4.434,3.343,3.331,3.333,5.189,4.882,3.154,3.759,5.814,0.921,0.482,6.571
THF00441,5.608,3.639,3.215,5.150,4.258,5.360,4.163,4.056,4.853,3.834,2.963,5.094,5.627,4.071,4.333,2.299,1.804,5.298,3.488,0.732,6.394
THF00442,3.996,4.576,3.923,3.277,3.755,3.584,4.218,4.439,4.357,3.982,3.655,3.915,3.139,4.044,3.664,3.808,3.526,5.941,2.707,0.440,7.111
THF00443,3.896,3.282,4.466,2.408,3.638,3.820,4.335,3.843,3.650,4.109,4.861,3.542,2.589,3.341,3.799,3.147,4.147,4.288,1.075,0.574,6.336
THF00444,5.176,2.356,2.661,3.992,6.349,5.117,4.034,2.126,2.003,2.138,2.530,3.091,4.029,5.202,5.823,3.720,2.004,6.029,1.303,0.632,6.330
THF00445,4.543,4.606,5.091,5.278,5.063,3.625,3.699,4.541,3.501,4.372,6.171,5.360,5.125,4.366,5.624,4.391,5.243,4.654,0.870,0.881,6.329
THF00446,3.479,3.270,5.164,2.768,4.645,3.066,2.493,3.345,3.981,4.136,6.016,4.110,4.036,4.651,3.902,3.641,4.042,5.200,1.911,0.783,5.835
THF00447,4.238,4.571,3.123,3.250,4.535,4.913,5.034,5.109,4.805,4.094,3.576,4.315,3.138,3.760,4.902,3.984,3.107,5.057,1.205,0.653,5.661
THF00448,3.025,3.945,3.114,3.879,3.338,3.674,3.952,3.514,3.929,4.452,3.444,3.606,2.879,2.031,3.310,2.203,3.193,4.322,1.095,0.741,5.659
THF00449,4.784,3.482,6.307,3.889,5.045,4.968,4.290,3.994,3.430,5.810,5.302,4.629,3.645,4.500,5.284,4.547,4.128,5.857,3.266,0.704,6.387
THF00450,5.451,4.876,4.413,4.768,3.943,5.022,4.301,3.795,4.944,3.132,3.960,4.972,5.368,4.357,3.841,5.531,3.616,3.807,1.184,0.722,5.989
THF00451,5.327,3.164,3.964,3.997,5.943,4.754,5.116,3.154,3.371,4.282,3.305,4.020,3.466,4.959,4.817,4.452,2.870,6.358,1.786,0.450,6.210
THF00452,4.688,3.650,5.134,5.035,4.059,3.412,4.452,3.488,3.715,4.769,4.065,4.354,4.256,3.337,4.603,3.160,3.860,3.920,2.334,0.667,5.842
THF00453,2.810,2.759,4.257,3.863,6.065,3.631,3.568,3.018,3.587,2.999,4.031,4.649,4.269,4.706,4.165,3.444,3.432,5.822,0.939,0.517,4.768
THF00454,5.654,5.122,6.168,3.642,4.693,4.606,3.863,4.754,3.622,4.891,5.565,4.166,4.816,4.473,4.679,5.315,4.713,5.072,2.055,0.681,5.263
THF00455,3.682,2.859,3.800,4.550,5.189,3.559,4.733,3.192,4.030,4.572,4.126,4.128,4.785,4.260,4.601,3.425,4.040,5.544,0.866,0.691,5.847
THF00456,3.984,6.457,2.822,5.683,4.768,4.360,3.970,5.362,5.715,3.186,2.483,5.111,4.154,4.287,4.906,2.972,2.951,4.424,0.811,0.604,6.131
THF00457,6.224,5.578,5.292,5.672,3.196,5.522,5.265,6.098,5.902,4.460,4.750,5.760,4.862,3.665,2.835,4.532,4.908,5.029,1.928,0.494,5.903
THF00458,3.841,4.015,4.595,2.894,4.359,4.373,4.154,4.588,4.363,4.007,4.766,2.790,3.514,3.815,4.289,4.436,4.091,5.061,1.234,0.480,6.072
THF00459,3.151,5.002,3.848,4.629,4.726,3.245,3.578,4.588,5.432,2.903,3.208,4.981,4.443,4.571,4.000,3.836,2.461,4.263,2.306,0.518,6.401
THF00460,3.949,2.986,4.130,5.508,3.309,4.008,4.683,3.149,3.624,3.311,3.565,3.537,4.800,4.590,2.798,3.929,3.273,4.607,2.578,0.892,5.895
THF00461,2.303,3.611,4.862,2.730,1.698,2.802,2.768,3.756,3.007,4.816,4.333,2.396,3.772,3.882,1.646,3.670,4.369,3.504,3.052,0.976,6.203
THF00462,2.283,3.167,3.261,5.248,5.222,3.729,3.570,2.762,2.891,3.471,4.011,5.088,5.021,4.764,4.666,2.955,3.282,5.774,1.011,0.199,5.863
THF00463,2.922,2.809,2.838,2.825,3.610,3.375,3.847,3.103,3.114,2.527,3.551,3.183,3.638,4.536,2.954,4.607,3.039,5.175,1.710,0.709,6.234
THF00464,4.537,4.411,4.897,2.207,3.578,4.645,4.957,3.645,3.350,5.642,4.349,2.949,3.539,4.308,3.600,4.052,5.082,4.308,1.023,0.640,6.124
THF00465,3.684,3.977,4.087,2.000,4.164,3.633,3.056,4.090,3.324,2.852,4.594,2.417,2.785,4.958,4.668,4.587,4.002,4.843,1.478,0.748,6.069
THF00466,4.754,5.735,4.138,4.370,3.537,4.883,3.893,4.630,3.819,3.724,4.188,3.974,4.843,3.475,4.519,4.070,4.679,4.226,1.439,0.836,5.494
THF00467,4.830,4.537,5.905,5.117,6.367,3.955,4.045,3.814,4.268,4.420,5.439,5.088,4.329,5.579,6.323,4.219,4.181,6.841,2.695,0.613,5.380
THF00468,3.794,4.258,3.966,4.623,2.102,3.923,4.244,3.767,2.819,5.225,5.248,3.794,4.411,3.157,2.576,2.602,4.974,4.214,3.257,0.498,5.359
THF00469,4.185,4.345,4.270,5.818,2.981,4.789,3.672,4.417,4.238,4.131,4.398,5.103,5.456,3.555,3.629,3.842,3.379,4.011,1.967,0.398,6.630
THF00470,3.560,3.554,6.579,2.306,2.397,4.230,4.131,3.584,3.718,5.390,6.236,1.885,2.061,2.989,2.460,3.267,4.841,4.190,3.518,0.357,6.329
THF00471,4.960,3.803,3.439,4.223,4.386,4.886,4.594,4.275,4.285,2.677,3.544,4.279,3.510,4.451,4.476,3.562,2.672,4.483,1.061,0.392,6.536
THF00472,4.552,3.649,5.431,4.118,5.723,4.174,4.212,3.533,3.188,5.233,5.774,4.622,3.559,5.357,4.661,4.660,4.283,5.502,1.170,0.536,6.133
THF00473,4.240,3.306,3.946,2.707,4.091,3.844,4.687,2.822,4.376,4.684,3.580,2.963,3.390,3.666,4.776,4.120,4.246,4.140,1.189,1.008,6.569
THF00474,4.328,3.840,4.035,3.047,4.865,4.595,3.538,3.213,4.216,4.035,3.377,3.464,3.125,4.248,4.211,4.919,3.880,5.300,1.092,0.619,6.238
THF00475,2.864,2.981,5.150,5.396,3.707,2.378,2.845,3.108,3.071,4.307,5.209,5.569,5.736,3.603,4.112,3.917,3.982,4.164,1.951,0.416,6.444
THF00476,3.077,4.247,3.576,2.673,3.422,3.354,2.963,5.710,5.100,3.955,4.113,3.063,3.281,3.110,4.994,4.233,3.491,4.317,0.965,0.652,5.631
THF00477,4.340,3.278,4.013,5.002,4.313,4.082,3.948,2.934,2.031,4.362,3.540,4.509,4.123,3.673,3.730,3.429,3.833,4.227,0.033,0.460,5.815
THF00478,3.186,1.805,3.548,3.591,3.005,4.794,3.742,2.260,3.341,4.235,3.373,4.341,2.218,2.944,2.586,2.851,3.059,3.748,1.570,1.095,5.492
THF00479,5.838,4.888,4.153,3.939,4.540,5.784,4.505,4.551,3.868,4.244,5.239,3.872,4.118,4.335,3.459,4.678,3.750,5.310,1.461,0.816,5.832
THF00480,5.231,3.687,5.115,2.084,4.263,4.825,4.669,3.343,3.350,3.959,5.302,1.912,1.796,4.407,3.307,4.667,4.171,5.040,1.767,0.544,6.037
THF00481,4.767,4.846,5.324,2.462,3.680,4.110,4.675,3.827,3.471,5.478,5.523,3.570,2.482,3.493,4.735,3.966,5.544,4.938,2.070,0.659,5.962
THF00482,4.421,3.661,5.727,4.808,3.316,4.803,4.437,4.510,3.673,5.636,6.533,5.429,5.359,3.508,3.429,3.869,5.689,4.984,2.445,0.450,6.216
THF00483,3.548,3.593,5.412,5.029,5.782,3.468,2.830,4.760,4.121,4.098,4.862,4.535,4.909,4.543,4.884,3.246,3.550,5.645,2.417,0.551,5.389
THF00484,3.980,4.112,4.400,6.059,5.052,4.432,4.189,3.978,3.957,4.055,3.846,6.327,5.196,4.831,3.940,4.103,3.216,5.817,2.240,0.499,5.943
THF00485,2.982,4.296,4.381,5.190,5.096,3.697,4.053,3.003,3.130,5.535,4.035,4.850,4.967,5.254,4.125,3.960,4.775,5.095,0.675,0.646,5.665
THF00486,3.195,3.559,3.088,3.324,3.633,3.165,4.474,3.760,3.947,3.570,3.115,3.661,4.148,2.618,4.949,2.924,3.078,4.278,1.505,0.954,6.623
THF00487,7.000,3.827,2.820,4.760,3.821,5.735,5.845,2.779,3.848,3.951,3.172,4.447,4.393,5.246,4.136,3.453,3.471,5.383,2.232,0.624,5.461
THF00488,5.279,3.602,2.812,4.563,4.751,4.178,4.918,3.788,4.072,3.208,3.151,4.839,4.028,3.647,6.233,3.661,2.808,5.872,1.540,0.896,6.251
THF00489,4.771,4.399,4.969,4.395,3.667,4.699,4.316,3.962,4.630,4.198,4.431,4.832,4.165,3.724,3.281,4.611,2.982,4.820,3.425,0.479,6.350
THF00490,3.111,4.248,6.814,3.416,5.034,3.372,4.054,3.993,4.691,5.319,5.603,4.056,2.629,4.217,4.622,5.284,4.198,5.705,3.322,0.699,5.681
THF00491,4.767,4.722,2.217,4.935,2.466,4.888,4.904,4.421,5.009,2.162,3.317,4.636,5.063,3.144,3.621,3.324,3.101,3.572,2.197,0.533,6.317
THF00492,3.579,3.935,4.668,3.649,2.600,3.027,4.205,3.839,3.712,4.042,4.558,4.338,3.556,3.474,3.477,2.903,4.145,3.785,1.919,0.521,6.120
THF00493,3.769,3.305,4.047,4.297,3.876,3.707,3.865,2.573,2.638,3.868,3.579,4.904,3.205,3.992,4.633,2.704,3.469,4.344,1.362,0.571,5.926
THF00494,4.019,4.952,5.374,2.518,3.363,3.463,2.857,5.594,3.231,5.245,5.397,2.863,2.913,3.498,3.169,5.446,4.271,4.213,1.683,0.700,6.300
THF00495,1.953,5.747,4.099,5.624,3.902,2.948,2.175,4.923,5.832,5.300,5.170,4.062,5.634,4.739,3.996,3.558,3.371,5.671,3.342,0.825,5.516
THF00496,1.489,3.686,4.084,2.503,3.603,1.952,2.039,3.923,3.239,3.704,2.964,3.608,2.398,3.135,3.380,3.743,2.409,3.639,1.791,0.593,6.014
THF00497,1.078,2.960,3.525,2.451,4.588,1.832,1.507,4.198,3.628,4.245,2.942,2.974,2.990,3.581,4.591,3.147,2.960,4.539,0.946,0.645,5.862
THF00498,3.121,5.480,4.744,4.713,3.912,3.708,3.804,5.667,5.185,4.628,4.054,3.857,4.987,3.106,5.347,3.642,4.180,4.380,1.811,0.905,6.299
THF00499,3.559,4.656,4.166,4.702,4.086,4.677,4.325,4.554,4.263,3.079,3.454,5.915,3.987,4.170,3.774,4.585,2.290,4.274,2.437,0.668,6.065
THF00500,4.031,4.947,5.491,3.205,4.492,4.190,4.689,4.123,4.158,4.616,5.198,3.106,3.374,3.763,3.953,4.474,4.562,4.369,1.808,0.315,6.020
THF00501,4.852,3.212,4.695,3.227,4.014,5.478,4.459,3.365,2.755,4.355,3.928,3.171,3.875,3.121,3.628,4.067,4.432,3.566,1.055,0.654,6.402
THF00502,5.784,5.241,3.503,3.049,4.875,5.688,5.422,4.150,4.324,3.384,3.365,3.050,4.037,5.888,3.622,4.806,2.795,5.196,1.982,0.742,6.008
THF00503,4.455,2.624,3.169,4.514,5.135,4.290,4.251,2.119,3.399,3.281,2.674,4.813,3.696,3.479,5.338,3.866,2.015,5.332,1.515,0.980,6.011
THF00504,3.227,3.670,3.592,2.786,6.286,2.747,2.897,3.609,3.825,3.836,3.844,3.240,2.421,5.818,5.983,4.574,3.339,6.862,1.153,0.272,6.219
THF00505,4.690,5.025,2.855,5.283,3.448,4.235,4.994,4.548,4.714,2.556,3.764,4.769,5.081,2.704,3.551,2.466,2.439,3.981,1.313,0.658,6.572
THF00506,3.681,5.223,5.381,4.318,4.185,5.020,3.463,4.429,5.091,5.068,5.085,4.425,3.476,2.826,4.307,4.058,3.952,4.341,2.037,0.933,6.189
THF00507,5.002,3.665,1.788,4.295,3.076,5.100,4.602,2.954,4.402,2.777,2.023,4.131,4.085,3.581,2.711,3.155,3.015,3.570,2.327,0.723,6.303
THF00508,4.324,3.969,6.465,6.634,5.423,4.754,3.341,3.895,4.289,5.391,6.179,7.000,6.286,5.338,4.973,4.304,3.950,5.838,3.190,0.735,6.596
THF00509,2.395,2.593,2.847,4.235,4.929,2.266,3.041,3.575,3.017,4.178,3.291,3.444,4.456,5.405,3.594,3.150,3.403,4.933,0.792,1.009,6.067
THF00510,2.612,3.981,3.392,3.718,4.564,2.711,3.140,4.333,3.469,2.356,2.794,3.726,3.503,3.621,4.251,2.862,2.955,4.756,1.136,0.517,6.372
THF00511,3.556,4.784,3.649,4.593,4.436,3.598,4.661,4.909,4.284,3.812,4.064,3.597,4.419,3.593,5.297,4.396,3.368,4.661,0.464,0.893,6.202
THF00512,4.478,4.356,4.305,3.614,3.391,5.103,4.308,4.656,2.904,4.412,3.505,4.079,2.961,3.201,3.326,4.071,3.013,4.485,2.458,0.939,6.296
THF00513,5.246,2.680,6.494,3.679,3.181,4.166,4.971,3.519,2.884,5.731,6.474,3.943,3.932,3.835,3.625,4.261,4.815,4.333,3.232,0.481,6.200
THF00514,3.509,4.343,4.536,4.035,3.347,3.982,4.050,4.089,4.680,3.620,4.854,3.803,3.601,2.747,4.115,4.089,3.547,4.356,2.392,0.692,6.236
THF00515,3.008,3.274,6.146,4.659,2.324,2.712,4.159,2.870,3.693,5.061,5.053,4.064,4.006,2.800,3.164,3.131,4.468,4.437,4.386,0.540,5.424
THF00516,2.475,1.167,2.975,3.935,5.226,2.618,2.518,2.587,2.863,2.955,3.709,3.623,3.755,4.888,5.151,3.201,3.361,6.292,1.418,0.305,5.752
THF00517,4.785,3.709,4.028,4.274,3.292,4.388,4.860,3.063,3.316,3.514,4.570,4.586,4.846,4.459,3.887,2.689,3.921,4.970,2.639,0.523,6.139
THF00518,2.852,5.213,5.097,5.834,3.729,3.174,4.077,5.186,5.155,4.407,4.577,6.060,5.081,3.195,3.178,3.928,3.759,3.411,1.929,0.420,6.149
THF00519,3.426,4.387,4.648,5.566,4.676,3.660,4.338,4.052,3.369,4.987,5.230,5.501,4.682,4.484,4.374,3.556,4.227,4.287,0.620,0.506,5.715
THF00520,5.456,2.880,3.450,4.721,2.292,6.415,4.997,3.591,3.487,3.778,3.891,4.313,5.406,2.234,3.772,4.016,3.596,3.424,1.871,0.853,6.222
THF00521,2.845,4.745,4.993,4.992,3.850,2.702,3.392,4.481,4.347,4.815,4.737,5.395,5.584,3.962,4.441,3.990,3.974,4.484,1.493,0.314,6.202
THF00522,3.849,4.726,3.661,4.632,3.013,4.263,3.753,3.595,3.758,3.149,3.541,4.060,5.453,3.482,2.862,4.152,2.826,3.807,1.922,0.616,5.959
THF00523,6.067,4.522,4.384,3.441,4.605,5.618,4.973,5.161,3.064,5.178,3.539,3.744,3.580,3.048,4.249,4.591,3.883,5.255,1.437,1.149,5.684
THF00524,2.012,3.750,3.764,3.494,3.352,2.830,3.567,4.675,3.484,4.788,4.287,3.812,3.144,3.970,3.876,2.452,3.856,5.031,1.751,0.638,5.786
THF00525,3.689,4.306,5.209,3.908,4.056,3.182,3.533,3.563,3.344,4.949,4.719,4.047,3.209,4.789,3.406,3.700,3.700,4.188,1.832,0.604,6.161
THF00526,3.201,3.844,4.660,4.377,4.236,2.898,2.572,2.737,2.823,5.649,4.497,5.413,4.197,3.486,3.606,3.546,4.513,4.119,0.471,0.580,5.633
THF00527,5.169,5.758,4.086,1.764,2.187,4.680,4.197,5.552,5.585,4.796,3.752,1.963,2.548,3.396,2.538,5.044,4.033,4.461,2.276,0.601,6.024
THF00528,3.411,5.056,2.421,1.194,4.244,3.216,3.172,4.662,3.745,2.576,2.955,2.201,1.095,3.702,3.727,4.432,2.722,4.257,0.681,0.494,5.974
THF00529,3.428,2.542,4.342,3.830,4.361,3.738,3.461,2.660,2.299,4.251,4.206,3.525,4.723,4.728,4.597,3.057,3.093,5.812,3.334,0.402,6.698
THF00530,4.502,3.497,5.260,4.982,3.814,5.261,4.690,3.845,3.208,5.356,5.521,3.791,4.333,3.741,3.410,4.128,4.511,5.068,2.262,0.449,6.287
THF00531,3.248,3.959,5.072,3.799,5.767,3.531,4.375,3.545,3.136,5.179,4.499,4.952,4.721,4.670,4.599,4.024,3.779,5.952,1.529,0.447,5.280
THF00532,2.788,3.830,4.436,4.283,5.712,4.045,3.254,5.386,4.044,3.737,4.853,5.212,3.494,5.986,5.383,4.288,3.243,6.960,2.945,1.114,6.156
THF00533,3.018,4.975,5.011,2.837,2.688,2.781,2.872,5.099,4.377,4.719,4.908,2.990,2.970,2.860,2.978,3.887,4.541,3.566,1.378,0.228,6.602
THF00534,5.347,3.481,4.482,4.036,4.081,5.020,4.024,3.995,3.238,4.300,3.255,4.704,3.857,3.505,4.118,3.845,3.118,4.946,2.610,0.851,6.354
THF00535,6.576,3.003,3.871,3.066,5.043,6.152,6.252,3.436,3.773,2.914,3.616,3.546,2.908,5.804,4.208,5.206,2.811,5.656,2.132,0.675,6.213
THF00536,3.419,4.054,5.639,1.000,3.344,3.737,3.299,2.395,3.727,5.464,4.816,1.849,2.228,3.686,2.853,4.100,5.297,4.604,1.847,0.726,6.035
THF00537,3.924,5.351,3.408,4.041,3.680,3.941,3.950,5.578,3.885,4.395,3.566,3.989,3.188,3.416,3.128,3.729,3.162,4.844,1.754,0.724,6.184
THF00538,5.112,4.028,4.299,3.250,5.329,5.336,5.382,4.427,4.346,4.318,4.540,3.749,3.142,5.581,4.922,5.142,4.202,6.289,1.305,0.323,6.167
THF00539,2.616,2.460,2.795,3.548,3.856,3.327,2.841,2.130,3.696,2.921,3.855,3.039,2.978,4.019,4.315,3.463,2.724,3.817,0.196,0.668,5.719
THF00540,4.577,3.845,5.516,4.606,4.765,4.066,5.493,3.489,3.198,5.121,6.618,3.984,4.470,3.635,4.764,4.527,4.579,4.666,1.505,0.966,6.476
THF00541,2.880,2.258,3.477,4.807,2.889,3.518,4.392,3.035,2.500,3.900,3.890,3.966,5.797,3.373,3.401,1.927,4.579,4.471,2.959,0.656,5.881
THF00542,2.888,4.509,4.276,4.128,5.248,2.863,2.669,4.903,3.854,3.299,4.170,3.346,4.952,4.029,4.919,3.223,2.666,5.044,2.223,0.922,6.296
THF00543,2.134,5.041,1.564,3.805,4.063,3.002,2.621,5.085,4.246,2.661,2.780,3.830,4.843,3.528,4.231,3.280,1.755,4.982,1.269,0.611,5.751
THF00544,3.059,5.571,3.201,3.732,3.481,3.420,3.456,5.030,4.666,3.630,4.752,3.426,4.401,3.363,4.229,4.004,4.283,4.866,2.899,0.672,5.759
THF00545,2.482,4.227,4.024,3.414,3.913,2.107,4.022,4.954,4.346,4.071,3.265,3.725,3.432,3.879,4.891,3.142,3.688,5.105,1.961,0.927,5.690
THF00546,1.753,4.440,6.192,3.428,2.398,2.279,2.633,4.576,3.577,6.447,5.126,5.291,4.029,2.724,3.307,4.643,5.918,3.132,1.770,0.903,5.416
THF00547,2.426,1.846,4.305,4.297,3.256,2.206,2.644,2.136,2.415,3.832,3.864,4.734,4.232,3.782,3.247,3.058,2.704,4.421,3.133,0.357,6.249
THF00548,3.445,3.827,3.505,4.779,6.275,3.104,3.675,3.610,4.717,4.015,3.563,3.893,4.978,4.475,4.637,4.387,3.288,5.659,1.055,0.676,5.647
THF00549,3.067,4.694,2.856,4.534,4.872,3.031,2.777,4.652,4.847,3.748,2.206,4.790,3.241,4.533,5.825,2.730,3.049,6.069,1.838,0.966,6.324
THF00550,3.367,3.990,5.091,3.248,4.345,3.490,3.144,4.012,3.889,3.420,4.056,3.815,2.902,3.315,3.786,4.707,3.346,4.509,2.477,0.498,5.848
THF00551,4.060,3.209,4.250,5.344,2.848,5.229,3.301,3.619,4.021,5.083,3.894,4.452,4.017,2.363,2.421,2.527,3.680,3.787,2.096,0.802,5.828
THF00552,5.025,4.501,5.294,3.470,4.129,5.323,4.608,4.594,2.988,4.710,4.653,3.737,3.319,4.133,3.635,4.322,4.133,4.004,1.797,0.659,6.174
THF00553,5.898,3.611,3.089,5.212,5.686,4.824,5.115,3.601,4.033,2.659,4.327,4.774,4.671,6.294,5.932,3.939,3.216,6.200,1.090,0.572,6.006
THF00554,3.740,5.308,1.986,4.691,4.173,4.321,3.125,4.934,5.325,3.369,3.106,4.974,4.784,3.469,4.074,3.127,3.181,3.992,1.345,0.529,6.024
THF00555,3.813,4.145,4.605,3.861,5.076,3.340,3.056,4.762,4.462,4.278,3.933,3.478,4.245,4.014,5.011,3.238,3.558,5.355,1.688,0.539,6.247
THF00556,2.499,5.536,4.659,3.872,4.050,3.126,4.510,4.927,4.774,3.945,4.790,3.651,4.534,4.442,2.503,4.240,3.562,4.155,1.540,1.041,5.652
THF00557,3.002,4.415,5.082,4.686,3.509,2.618,2.910,4.707,4.909,4.505,4.248,3.648,4.019,3.591,3.804,3.882,3.984,4.624,2.225,0.267,6.122
THF00558,3.370,4.520,5.001,5.054,4.486,3.371,4.445,4.656,3.657,5.276,4.879,4.730,4.199,3.718,3.853,4.191,4.520,4.903,1.485,0.627,5.690
THF00559,3.982,3.921,4.317,4.182,6.215,3.893,5.016,3.715,3.820,4.798,3.001,3.774,3.922,5.032,5.283,4.915,3.786,5.645,1.498,0.685,5.660
THF00560,3.277,4.050,3.419,2.575,4.105,3.844,4.026,3.429,3.874,3.514,4.465,2.646,1.948,2.846,3.818,4.333,3.350,3.658,0.966,0.650,5.772
THF00561,4.789,4.365,6.516,4.459,5.530,3.883,4.533,3.625,4.724,5.458,6.092,4.096,4.421,4.393,4.577,5.977,4.083,6.090,3.096,0.579,5.674
THF00562,3.691,3.103,5.406,3.221,5.447,4.445,3.808,3.106,2.945,5.457,4.090,3.339,3.520,4.603,4.000,4.119,4.536,5.048,1.199,0.590,6.484
THF00563,6.947,4.103,4.735,5.893,4.942,5.355,4.376,4.803,3.905,5.123,4.562,5.378,4.547,6.037,4.665,4.494,3.537,6.020,2.132,0.928,5.362
THF00564,1.000,3.034,4.698,2.865,5.718,1.000,2.172,3.151,2.118,4.597,3.984,3.706,2.463,5.811,5.803,4.128,3.084,5.968,2.314,0.814,6.178
THF00565,3.992,4.456,4.151,3.731,4.098,3.093,3.997,4.639,4.276,3.863,3.511,4.328,4.800,4.096,4.357,4.074,2.637,5.150,2.690,0.470,6.484
THF00566,5.387,5.390,3.970,4.193,2.900,4.613,4.424,5.318,5.540,2.423,4.511,4.000,4.654,3.060,3.617,4.197,2.869,4.061,2.421,0.742,6.010
THF00567,5.283,3.808,3.767,3.262,5.614,4.957,4.119,2.896,3.193,3.113,3.067,4.069,4.040,5.638,5.580,3.468,3.174,7.000,1.718,0.254,5.451
THF00568,3.156,3.651,4.734,2.808,4.489,4.279,2.576,4.792,2.978,5.273,4.977,3.531,2.630,4.722,4.573,4.001,4.310,5.574,2.266,0.973,6.767
THF00569,3.235,4.662,4.269,4.775,5.485,3.535,3.930,5.333,4.619,4.798,3.653,4.132,4.365,4.746,5.683,4.666,3.792,5.113,1.033,0.685,6.081
THF00570,3.702,2.094,4.266,3.476,5.144,4.018,3.785,2.794,2.117,4.439,3.389,3.269,4.019,4.343,5.362,3.202,3.598,5.889,2.257,0.746,6.602
THF00571,3.986,4.116,3.926,3.885,4.218,2.943,3.758,3.397,4.922,3.983,5.820,3.777,3.290,3.522,4.432,4.411,4.658,3.944,1.786,1.115,5.930
THF00572,4.465,3.568,3.247,2.059,4.101,5.199,2.954,3.192,4.723,3.385,3.790,1.855,3.557,2.848,2.919,4.156,3.850,3.903,1.327,1.191,5.669
THF00573,5.381,3.326,2.058,3.973,5.187,4.925,4.965,4.125,4.378,2.145,2.284,4.188,3.894,4.444,4.178,2.916,2.649,5.120,0.951,0.198,5.797
THF00574,4.739,1.772,3.839,5.945,3.180,3.434,4.785,1.809,2.590,3.702,3.533,6.187,5.885,3.755,4.124,3.003,3.109,4.798,2.446,0.594,5.912
THF00575,4.761,3.843,3.444,3.825,4.335,4.125,5.477,4.264,4.325,3.905,2.793,3.754,4.155,4.459,4.439,3.628,3.086,5.404,1.291,0.589,6.586
THF00576,3.963,4.311,5.594,3.057,4.433,3.997,4.423,3.341,4.534,4.769,5.558,3.296,4.200,4.561,3.804,4.475,4.681,4.976,1.498,0.814,5.721
THF00577,4.947,3.400,2.774,5.654,3.814,4.893,3.891,1.991,4.056,4.049,3.931,5.187,4.580,3.749,2.676,3.101,2.854,4.397,1.212,0.973,5.533
THF00578,3.354,4.399,5.239,3.556,3.747,4.256,4.577,4.572,4.283,5.131,4.091,3.826,3.733,3.647,3.306,3.239,3.581,4.097,2.516,0.417,6.018
THF00579,3.101,4.837,5.732,3.949,4.749,3.532,3.101,3.791,4.140,5.022,4.683,4.202,3.546,4.630,4.281,3.354,3.998,5.583,2.535,0.425,5.810
THF00580,4.506,4.960,4.201,3.681,3.201,5.557,5.097,3.420,4.100,3.553,3.802,4.409,3.376,3.795,3.226,3.853,3.381,5.456,3.474,0.598,5.523
THF00581,3.104,2.152,3.530,2.808,4.896,3.336,2.973,3.555,2.320,4.930,4.604,2.897,3.832,4.624,4.476,3.773,3.570,5.643,0.755,0.601,5.837
THF00582,3.632,4.265,1.537,2.733,2.642,3.635,3.381,3.533,4.476,1.846,2.769,2.720,3.350,3.043,3.438,3.395,2.069,3.330,1.609,0.629,6.125
THF00583,3.860,3.099,3.142,3.517,4.283,3.863,3.202,2.691,3.250,3.467,3.477,4.143,4.088,4.354,4.112,3.202,3.300,5.653,2.085,0.305,6.688
THF00584,3.387,2.183,5.500,4.430,3.451,3.482,4.052,2.371,3.036,4.860,5.023,4.462,4.081,3.174,4.034,3.116,5.142,3.472,1.202,0.528,6.161
THF00585,3.524,4.417,2.455,2.925,5.202,2.201,3.464,3.730,4.462,2.967,2.627,4.369,2.834,5.170,5.128,4.983,2.565,6.446,1.565,0.782,6.368
THF00586,2.074,2.748,4.573,2.842,2.125,3.091,3.089,2.943,2.183,4.415,5.068,2.980,3.050,1.784,2.147,3.930,4.504,3.883,1.947,0.369,6.578
THF00587,4.869,5.057,4.410,2.048,2.578,4.379,4.048,5.174,4.078,3.293,5.218,1.426,2.189,3.104,1.791,3.634,3.894,2.923,1.287,1.085,6.444
THF00588,6.405,3.822,4.998,4.474,3.575,5.909,5.459,4.010,2.502,5.554,4.323,4.244,4.943,4.226,4.040,4.738,3.152,4.175,2.818,0.815,6.187
THF00589,2.945,4.475,6.408,2.306,3.556,3.321,3.556,3.846,4.441,6.250,5.958,2.792,2.604,4.447,4.665,4.202,5.329,4.710,2.436,0.306,6.068
THF00590,3.900,2.039,3.731,4.464,5.113,3.699,3.906,1.373,3.941,3.572,4.307,4.689,5.146,5.814,3.913,4.389,3.376,5.799,1.665,1.174,6.012
THF00591,3.359,4.484,3.399,4.797,3.800,3.844,3.267,3.850,4.237,2.978,3.154,4.965,4.093,3.612,4.084,3.210,2.874,4.912,1.481,0.497,6.552
THF00592,3.105,2.996,3.859,3.729,2.795,3.079,3.487,3.724,3.548,3.924,4.662,4.515,2.902,2.834,2.900,3.656,3.586,3.798,1.664,0.600,6.840
THF00593,3.392,4.359,3.593,3.186,4.276,1.973,4.385,4.231,4.164,4.371,2.871,2.750,2.801,4.111,4.349,4.516,3.496,5.135,1.411,0.854,6.621
THF00594,4.532,5.176,2.620,4.068,4.459,3.459,3.517,4.312,4.644,2.876,2.086,4.225,4.708,4.672,4.410,4.754,2.583,5.966,1.532,0.385,5.868
THF00595,1.978,4.305,6.186,4.605,3.587,2.828,2.507,3.174,3.688,5.385,5.852,4.404,3.956,2.842,4.442,3.619,4.502,4.140,2.622,0.670,6.012
THF00596,3.184,2.040,5.110,5.677,3.785,2.712,4.665,1.758,2.038,3.357,5.347,5.249,5.387,4.228,3.162,3.708,3.792,3.908,1.745,1.085,6.418
THF00597,2.670,3.465,3.510,3.863,4.152,3.685,3.668,4.972,2.881,3.950,4.082,3.357,3.121,3.209,4.052,3.571,3.264,3.874,0.609,0.664,5.810
THF00598,3.306,2.198,2.107,4.751,3.379,3.723,2.025,2.174,2.538,1.619,3.612,3.849,4.528,3.099,3.948,3.182,2.978,4.140,1.977,1.117,6.311
THF00599,3.922,3.849,5.162,6.525,4.570,3.228,2.659,4.503,3.368,5.015,4.277,5.376,4.822,3.823,4.992,4.070,3.243,5.547,3.256,0.833,5.746
THF00600,2.309,4.712,5.248,3.339,4.662,2.517,2.242,4.343,4.457,4.761,5.284,3.044,4.093,4.852,3.978,4.073,4.457,6.230,2.477,0.567,6.717
THF00601,2.414,3.915,4.421,3.258,3.009,3.429,2.938,3.872,4.021,4.542,3.836,3.057,3.842,2.585,3.065,3.699,3.064,3.275,1.644,0.522,6.471
THF00602,2.298,3.977,3.545,3.869,4.493,3.170,3.300,4.114,5.229,3.575,4.207,3.955,2.724,4.098,4.816,3.426,3.488,5.553,1.546,0.765,5.902
THF00603,5.553,3.492,4.830,4.296,3.212,5.123,5.422,4.094,3.267,4.830,4.373,4.500,3.951,3.355,4.057,5.017,3.198,4.814,3.732,0.567,6.380
THF00604,5.731,3.551,5.311,3.905,3.690,5.912,5.349,3.099,2.665,5.017,4.324,4.387,2.956,3.658,4.576,3.641,4.301,4.305,2.246,0.808,6.056
THF00605,4.287,5.061,3.044,3.311,5.526,5.061,4.919,4.283,4.718,3.264,3.751,3.070,4.006,4.710,5.341,5.303,2.896,6.079,0.719,0.526,6.002
THF00606,4.891,4.703,2.882,3.500,3.430,4.879,4.107,4.700,3.875,2.992,2.919,3.657,3.864,4.409,3.664,3.196,2.875,4.913,1.828,0.525,6.506
THF00607,5.162,3.750,5.113,4.152,4.537,4.851,4.150,3.228,4.234,4.793,4.631,4.898,4.085,3.258,4.884,5.145,3.404,5.494,3.440,0.862,5.962
THF00608,3.611,3.656,3.933,3.440,3.319,3.316,3.365,4.032,3.910,3.249,3.970,2.946,3.555,2.815,3.970,3.563,3.449,3.631,1.343,0.531,6.479
THF00609,3.061,4.773,2.091,1.577,4.786,4.027,2.660,5.047,4.476,2.828,3.150,1.644,2.862,4.538,4.990,4.664,2.624,4.279,1.108,0.786,6.201
THF00610,3.160,2.783,4.807,3.147,4.154,4.015,4.069,2.800,4.133,4.768,4.381,3.920,4.362,2.802,4.112,3.811,3.722,4.010,1.959,0.705,5.580
THF00611,4.520,5.079,5.310,4.114,3.301,3.697,4.895,4.172,5.112,5.717,5.798,4.092,5.432,1.978,3.522,3.011,4.768,4.414,1.936,1.021,6.123
THF00612,4.716,3.925,3.565,4.471,3.403,4.688,4.493,3.905,4.728,4.002,2.891,5.269,4.893,3.821,4.230,2.949,3.343,5.400,2.527,0.583,6.280
THF00613,4.659,4.271,3.476,2.578,2.809,4.514,3.774,5.060,3.629,4.047,3.344,3.736,4.714,3.664,3.023,4.462,3.161,3.838,1.545,0.899,5.758
THF00614,5.351,3.338,4.144,4.875,4.828,5.340,4.680,3.715,3.116,4.798,4.346,5.220,4.745,4.438,4.650,3.951,4.091,5.593,1.085,0.479,6.409
THF00615,5.302,3.830,4.712,4.046,5.478,4.912,5.077,4.063,3.575,3.967,4.834,3.799,4.103,4.654,5.005,4.853,3.751,5.363,1.303,0.435,6.093
THF00616,5.547,4.051,5.987,4.289,6.068,4.600,4.469,4.347,4.532,5.852,5.742,4.535,2.554,5.583,5.922,4.998,4.496,6.935,3.167,0.549,5.695
THF00617,3.591,2.515,3.282,3.984,5.117,3.619,2.205,2.704,2.669,3.200,3.373,4.175,3.582,3.677,5.372,2.681,2.637,5.304,1.356,0.782,6.315
THF00618,5.617,6.249,4.585,4.548,4.002,5.429,4.743,6.243,4.467,5.426,3.830,5.214,4.326,4.808,4.277,5.548,3.728,5.003,2.265,1.095,5.776
THF00619,5.737,4.096,3.433,2.061,2.994,5.422,3.421,4.738,4.714,3.856,3.728,1.788,3.058,3.069,3.658,4.070,1.904,4.184,3.307,0.803,5.781
THF00620,2.935,2.968,4.680,3.135,5.161,3.115,4.573,3.486,3.211,4.437,3.139,3.029,4.013,4.006,3.998,4.322,2.862,4.651,2.554,0.804,5.647
THF00621,3.992,3.390,2.501,5.634,3.546,3.277,4.057,3.725,3.590,3.209,3.169,5.270,5.873,2.530,4.300,2.889,1.524,3.978,1.974,0.666,6.273
THF00622,4.782,4.752,4.507,4.135,2.947,3.942,4.978,5.047,5.157,4.364,5.137,4.417,3.321,3.878,3.237,4.628,4.821,4.705,2.588,0.731,6.323
THF00623,5.456,4.358,5.475,4.147,5.292,4.859,3.220,4.092,3.615,5.465,5.393,4.415,3.744,4.699,4.323,4.449,4.998,5.900,1.288,0.647,5.609
THF00624,4.594,2.680,5.095,3.275,4.100,4.423,5.020,3.152,3.004,6.582,4.436,3.211,3.256,3.709,3.769,4.078,4.408,4.897,1.869,0.599,6.086
THF00625,4.036,3.739,1.000,4.164,4.939,2.888,3.855,3.752,3.827,2.835,1.369,5.036,4.490,4.827,5.101,3.758,2.036,6.362,2.502,0.666,5.870
THF00626,5.259,3.186,3.717,3.390,3.699,5.191,4.618,2.970,4.689,4.546,2.947,4.118,3.950,4.362,3.212,4.098,2.673,4.929,2.298,1.042,6.115
THF00627,1.561,5.245,3.020,4.137,4.093,1.455,2.668,4.842,4.937,3.243,3.394,4.003,3.691,4.417,3.897,4.277,2.370,4.901,1.869,0.458,6.366
THF00628,3.636,3.758,6.215,3.899,4.300,4.053,2.386,3.961,2.959,5.748,7.000,3.525,3.796,3.141,4.039,4.239,5.415,4.003,1.204,1.018,6.431
THF00629,3.484,4.385,5.206,2.813,3.943,3.446,2.598,4.134,4.499,5.182,5.178,2.686,2.239,4.464,4.124,5.231,4.787,4.452,1.431,0.401,6.640
THF00630,5.150,2.937,2.604,1.838,5.291,4.836,5.133,3.999,3.477,2.277,2.706,1.861,2.884,4.339,4.231,5.327,2.944,5.283,0.661,0.476,6.039
THF00631,6.372,4.027,2.898,4.708,4.273,5.705,5.594,4.987,3.897,2.909,3.720,5.073,4.272,3.587,4.523,3.502,1.375,4.798,2.433,0.750,6.361
THF00632,3.947,3.652,3.482,3.816,5.208,3.456,3.156,4.119,4.245,3.477,3.572,3.341,3.840,5.054,5.373,3.622,2.331,5.886,2.088,0.268,6.516
THF00633,4.505,5.659,1.854,3.681,5.169,3.562,3.741,5.279,4.863,3.391,4.111,4.724,3.255,5.461,3.959,4.223,3.888,5.673,2.987,0.857,5.362
THF00634,4.916,3.733,4.715,5.391,4.696,6.488,5.264,4.809,3.745,3.502,4.604,5.483,3.983,4.460,4.645,3.919,3.249,5.703,3.256,1.015,5.556
THF00635,3.587,4.238,2.859,4.379,4.596,3.574,3.997,3.494,3.399,2.678,2.838,4.453,4.435,3.855,4.904,2.796,2.736,5.750,1.635,0.349,6.311
THF00636,4.747,4.271,5.357,3.352,4.452,4.703,5.126,4.218,3.626,4.262,5.582,3.502,4.184,4.359,4.322,4.682,4.314,4.959,1.301,0.611,6.476
THF00637,4.838,3.319,4.275,2.220,2.814,5.129,3.582,3.723,2.545,4.533,3.633,3.231,3.799,2.772,2.800,3.898,3.731,3.082,1.374,0.844,5.917
THF00638,2.906,2.757,4.244,3.274,4.412,2.911,3.216,3.261,3.507,3.443,3.424,2.510,2.810,4.308,3.787,3.093,3.630,4.993,1.412,0.278,6.094
THF00639,6.001,4.577,6.529,3.782,4.020,5.882,5.631,3.816,4.966,5.589,5.166,4.380,3.333,4.875,3.844,4.211,4.133,4.904,3.375,0.780,6.051
THF00640,4.091,3.267,4.429,4.053,4.303,3.297,3.150,2.130,3.542,4.872,3.992,4.009,4.422,3.769,3.437,3.714,3.708,4.000,1.148,0.637,5.726
THF00641,5.335,3.920,5.136,3.127,4.853,4.764,3.679,4.206,3.993,6.264,4.635,3.076,3.841,4.543,4.532,4.381,5.257,5.609,1.286,0.740,6.010
THF00642,3.805,5.342,5.755,2.476,3.873,3.493,3.308,3.925,5.327,4.298,4.958,2.420,2.859,3.181,3.909,5.026,4.922,3.650,0.795,0.683,5.980
THF00643,3.827,4.270,3.964,3.129,3.845,3.958,5.242,4.130,4.509,4.183,4.418,3.705,2.628,4.364,3.404,3.458,3.690,5.108,2.081,0.787,6.398
THF00644,4.928,3.246,3.693,1.784,5.581,4.005,5.179,2.640,2.903,3.918,3.990,2.965,1.571,5.821,5.596,4.944,4.023,5.250,0.862,0.626,6.031
THF00645,5.398,4.964,6.051,3.935,5.290,5.585,5.106,4.844,4.785,5.706,6.053,4.265,3.679,5.672,5.400,3.945,4.833,6.458,2.601,0.348,6.665
THF00646,3.165,4.116,4.750,3.587,4.565,3.804,3.184,4.878,4.502,5.093,4.364,2.602,4.252,2.604,3.915,5.162,4.270,4.778,1.422,0.937,6.022
THF00647,6.462,3.027,5.216,3.033,3.287,6.189,4.506,2.630,3.292,5.384,4.492,3.324,2.902,2.220,3.250,3.591,4.152,4.141,2.623,0.938,6.027
THF00648,4.558,3.528,4.096,3.458,3.777,3.379,3.663,4.131,3.597,4.926,3.982,3.159,4.304,3.045,3.776,4.516,4.249,5.302,2.429,0.727,5.682
THF00649,4.545,5.085,4.710,5.390,2.845,5.025,5.172,5.382,5.600,4.258,5.655,4.643,4.951,3.017,2.960,3.784,3.623,3.878,2.143,0.426,5.872
THF00650,4.966,4.820,5.438,4.608,4.214,4.832,5.544,4.417,4.335,4.428,4.942,3.883,5.633,4.285,4.470,4.588,4.446,5.386,2.111,0.649,6.584
THF00651,3.397,4.773,2.412,2.622,4.804,2.695,2.663,5.106,4.196,3.653,2.680,2.306,3.148,4.492,4.428,4.160,3.039,5.086,1.327,0.564,5.990
THF00652,3.571,4.899,1.774,4.960,5.571,3.623,2.995,4.386,4.717,2.056,3.375,5.516,3.562,5.854,5.364,3.378,2.026,6.609,1.745,0.945,6.327
THF00653,6.037,3.706,4.952,4.160,4.531,5.010,5.741,3.296,3.271,5.255,5.036,3.314,4.755,3.297,4.329,4.179,4.238,5.549,2.293,0.689,6.038
THF00654,2.710,2.971,3.979,5.344,3.033,1.816,2.929,3.403,2.848,2.775,4.415,4.562,5.488,4.090,3.327,2.978,3.164,3.691,2.064,0.999,6.410
THF00655,4.165,6.643,4.081,4.749,3.823,4.120,3.625,6.221,5.754,3.861,4.436,5.235,3.398,3.972,3.990,3.343,3.887,5.557,2.209,0.678,6.327
THF00656,5.840,2.715,4.651,3.526,3.762,4.144,5.346,2.502,4.098,4.347,4.649,3.655,3.635,3.411,4.736,3.566,4.221,4.252,1.164,0.889,6.434
THF00657,3.834,3.032,3.190,4.911,2.637,3.513,2.583,3.479,2.769,3.877,4.380,4.485,3.650,2.537,3.312,3.164,4.037,3.577,2.294,0.751,5.865
THF00658,4.018,5.455,1.588,3.583,4.712,4.532,3.831,5.977,4.446,3.148,2.082,4.555,4.587,4.433,3.795,3.739,2.539,4.408,1.761,0.793,5.720
THF00659,2.049,4.959,4.477,3.791,3.305,3.284,1.528,4.056,4.989,4.745,4.743,3.033,3.317,2.537,3.419,3.739,4.074,3.344,0.830,0.771,6.009
THF00660,4.748,3.753,2.693,1.899,3.039,5.370,4.179,3.648,3.528,2.664,4.548,3.278,2.598,3.161,3.707,5.249,3.439,3.643,1.466,0.885,6.028
THF00661,5.032,4.718,6.177,2.949,6.071,3.937,3.972,3.979,4.376,5.152,5.096,3.352,3.142,4.796,5.118,5.029,4.801,5.347,2.433,0.204,5.495
THF00662,4.742,3.804,4.534,3.308,3.892,4.155,4.343,4.687,3.566,3.420,5.050,3.824,3.242,4.383,3.978,2.821,4.117,5.660,2.267,0.785,6.438
THF00663,5.017,2.994,5.471,5.308,4.274,3.985,4.405,3.464,2.799,6.178,5.641,4.587,4.395,3.473,5.550,4.057,4.599,4.838,1.915,0.778,5.886
THF00664,3.556,3.301,2.577,1.905,3.621,4.551,4.325,3.774,3.820,3.285,4.298,1.607,1.849,3.690,3.698,3.196,2.949,4.143,1.247,0.307,5.547
THF00665,3.760,2.060,4.216,2.152,4.066,3.630,4.071,2.840,1.455,4.534,3.385,2.311,2.204,4.426,3.652,2.915,3.988,4.747,1.249,0.771,6.910
THF00666,4.776,4.207,3.592,3.007,4.975,4.681,5.227,4.842,3.529,3.500,4.236,1.797,3.808,4.827,4.692,4.183,3.072,5.498,1.380,0.948,6.712
THF00667,4.507,3.621,5.681,3.296,4.066,4.336,4.954,4.372,3.973,6.079,4.895,2.701,4.231,4.694,4.355,3.831,5.613,5.080,1.332,0.814,6.017
THF00668,3.471,4.670,4.885,2.867,4.766,4.051,3.161,3.866,4.491,4.332,4.679,4.069,2.510,4.266,3.740,5.195,4.301,5.187,1.278,0.789,6.145
THF00669,4.416,4.401,5.527,4.630,3.171,3.880,4.172,4.451,4.441,6.466,5.542,5.029,3.483,3.295,3.586,4.173,4.436,4.891,3.206,0.613,6.306
THF00670,4.728,6.771,4.541,3.226,4.095,4.710,5.628,5.583,5.238,3.221,3.279,3.691,3.412,3.670,3.620,4.587,3.203,3.864,2.044,0.330,5.226
THF00671,4.362,5.963,3.761,3.862,4.233,4.283,4.580,5.229,4.059,3.445,3.637,4.589,3.602,3.787,4.334,3.776,2.550,5.284,2.402,0.639,6.274
THF00672,5.084,3.052,5.634,2.693,5.998,4.889,4.041,3.392,3.882,5.373,5.368,2.177,3.923,4.825,5.378,4.678,4.774,6.577,1.789,0.728,5.713
THF00673,4.483,3.004,5.961,4.984,4.672,4.144,4.217,3.639,3.910,5.640,5.721,4.610,4.093,5.046,3.763,3.548,4.073,5.402,2.828,0.445,6.254
THF00674,3.155,5.128,4.288,5.455,3.633,4.482,3.459,5.389,4.644,4.184,4.792,5.110,4.798,3.767,4.904,3.686,3.205,5.179,2.911,0.765,5.793
THF00675,5.790,3.251,2.593,3.622,3.969,5.554,5.076,2.638,4.022,3.809,2.209,3.313,3.311,4.109,3.350,3.810,2.797,5.272,2.271,0.845,6.438
THF00676,2.779,4.700,3.124,1.893,4.665,3.823,2.611,4.847,4.976,4.392,2.416,3.142,1.859,4.107,4.180,3.029,3.065,3.805,1.059,0.935,6.091
THF00677,6.248,3.410,5.081,3.271,4.773,5.665,5.569,4.449,2.535,5.580,4.646,4.329,3.189,4.884,4.227,4.099,4.967,5.568,1.342,0.948,6.073
THF00678,4.926,4.245,5.473,4.678,3.478,4.566,4.660,4.512,4.508,5.435,5.047,4.104,4.486,3.091,3.307,3.758,4.250,5.299,3.483,0.217,6.283
THF00679,6.053,5.345,3.386,3.125,4.257,5.798,5.253,4.674,5.167,4.196,4.618,2.845,4.570,4.611,4.207,5.549,4.289,5.021,1.463,0.718,5.730
THF00680,4.485,5.443,4.541,3.316,3.307,4.347,3.876,4.546,6.179,5.448,4.594,1.870,3.615,3.096,3.329,4.665,4.263,3.879,1.600,0.987,6.307
THF00681,5.415,4.348,4.311,4.518,3.549,4.650,4.210,3.935,3.243,4.667,3.868,4.055,5.206,4.096,2.788,5.231,3.357,4.938,2.875,0.878,6.135
THF00682,4.266,3.299,4.521,3.794,4.167,4.557,3.577,3.670,2.973,4.968,3.753,3.836,3.318,3.030,3.719,4.340,3.277,4.848,2.335,0.820,6.548
THF00683,5.946,3.074,3.777,3.734,4.242,5.848,4.869,4.301,3.705,3.400,3.001,4.025,4.348,3.000,4.236,4.941,3.919,4.930,0.858,0.707,5.845
THF00684,4.413,4.754,3.776,3.639,4.846,3.361,3.685,4.749,5.391,4.457,4.567,3.424,3.677,5.317,4.461,4.536,4.075,5.896,1.696,0.437,6.152
THF00685,4.201,5.211,2.690,5.205,3.004,3.439,3.473,5.214,3.881,2.907,2.518,5.086,5.770,3.530,2.285,2.262,1.854,4.110,2.079,0.737,6.236
THF00686,4.461,2.269,4.831,2.620,5.537,4.097,4.438,2.190,3.017,4.410,4.045,3.475,2.646,5.064,4.709,4.037,3.871,5.498,1.139,0.544,5.820
THF00687,3.394,4.523,3.516,3.347,4.037,4.350,3.774,4.408,4.450,3.583,3.005,3.884,2.670,2.752,3.795,3.459,3.557,3.904,0.383,0.691,5.748
THF00688,2.680,3.777,5.344,4.758,4.104,3.585,3.356,3.784,4.217,5.403,5.503,4.858,3.878,3.945,3.718,3.028,5.324,4.442,0.703,0.394,5.940
THF00689,5.543,3.698,5.516,5.156,4.829,4.606,5.610,3.025,4.183,4.241,4.452,3.892,5.041,3.984,4.336,4.052,2.947,4.784,2.638,0.775,5.628
THF00690,4.651,4.218,4.405,2.772,3.791,4.910,4.599,4.755,4.656,4.207,4.267,2.979,3.345,4.479,2.686,3.411,4.094,4.109,0.803,0.526,6.232
THF00691,5.302,2.837,3.935,5.551,2.204,4.496,5.107,2.736,2.561,3.558,3.016,4.516,5.636,3.277,2.653,2.091,2.676,3.723,3.281,0.614,6.023
THF00692,3.391,4.218,2.877,3.719,3.510,3.498,2.386,4.991,3.871,3.379,2.309,3.820,4.135,3.728,3.738,3.226,2.307,4.162,1.377,0.726,6.237
THF00693,2.708,6.645,4.275,5.909,4.236,2.576,2.683,5.695,5.143,5.046,4.517,5.959,5.302,4.269,4.409,4.031,4.642,4.724,0.977,0.397,6.307
THF00694,3.617,3.568,5.884,2.848,4.527,3.527,3.847,3.966,3.864,4.483,5.465,3.558,3.558,4.337,4.083,3.575,4.458,5.875,2.973,0.332,6.036
THF00695,3.596,4.331,3.074,2.330,5.440,4.390,4.197,4.270,3.329,3.539,3.976,2.891,3.102,4.879,4.869,3.259,3.526,5.053,1.113,0.359,5.307
THF00696,4.752,3.395,4.386,4.142,2.832,4.742,4.322,3.403,3.573,3.471,4.146,4.223,4.665,3.159,3.643,4.312,3.499,3.673,2.440,0.438,6.255
THF00697,4.571,4.125,5.023,3.687,4.456,5.159,4.307,4.210,3.981,4.703,4.060,3.781,3.084,3.414,4.354,4.380,4.204,4.377,1.113,0.672,5.965
THF00698,3.693,3.219,4.761,2.781,5.299,3.270,4.695,3.203,4.496,4.791,4.743,3.147,3.269,5.285,4.949,5.183,4.092,6.189,1.539,0.645,6.256
THF00699,4.842,3.791,5.791,4.544,5.125,4.516,3.942,3.496,3.586,4.456,3.721,5.422,4.785,4.107,4.625,4.731,3.563,5.049,2.601,0.511,5.300
THF00700,4.796,4.091,3.869,5.236,4.548,4.917,4.719,4.491,4.127,4.849,3.942,3.944,4.877,4.174,4.541,3.876,3.136,5.511,2.013,0.554,6.366
THF00701,4.716,4.290,5.864,5.733,4.598,4.744,4.047,3.117,4.089,4.650,4.905,4.752,4.614,4.374,4.953,3.981,4.245,5.364,2.645,0.528,5.604
THF00702,3.651,3.795,5.262,2.304,4.338,3.492,3.652,3.712,4.231,5.387,5.348,2.097,2.495,3.826,4.726,4.425,4.939,5.605,1.926,0.403,6.859
THF00703,5.979,4.858,4.165,3.014,5.451,5.090,6.112,4.301,5.469,4.446,3.626,3.169,3.402,4.531,5.699,4.884,3.257,5.930,1.155,0.882,6.533
THF00704,2.417,4.458,3.467,4.214,5.337,3.143,2.561,5.106,4.437,4.128,3.107,4.078,3.679,5.051,4.510,2.950,3.179,5.193,0.544,0.643,6.405
THF00705,5.150,3.874,5.770,3.807,5.762,4.667,3.222,2.971,3.860,5.244,6.217,4.539,4.018,3.799,4.828,4.295,4.925,5.587,1.264,0.972,5.205
THF00706,4.736,4.105,2.385,4.680,3.714,4.671,3.391,3.573,3.232,2.703,2.457,3.917,4.997,4.373,3.913,2.832,2.306,4.381,0.680,0.681,6.064
THF00707,4.069,3.890,2.573,5.103,2.521,4.618,5.211,3.937,3.857,2.571,2.054,4.205,3.961,3.176,3.268,1.643,1.510,4.213,2.980,0.305,5.707
THF00708,7.000,3.360,4.962,3.042,5.175,6.108,6.680,3.713,3.700,3.400,4.327,2.449,1.973,4.007,5.462,4.730,3.470,6.074,2.534,0.689,5.672
THF00709,4.758,3.885,3.201,2.079,3.338,5.547,4.078,4.577,3.601,2.372,3.789,2.542,2.391,4.876,4.692,3.853,2.769,4.977,2.649,0.839,6.036
THF00710,5.409,5.766,4.483,4.927,4.154,4.641,5.993,5.693,5.980,3.927,5.018,4.531,4.788,4.368,4.128,5.332,3.987,5.475,1.953,0.645,6.949
THF00711,3.968,5.409,4.982,3.648,3.127,3.491,4.193,4.499,4.521,4.071,4.466,4.437,2.574,3.623,3.355,3.776,4.043,4.929,3.213,0.650,5.780
THF00712,4.708,4.152,4.519,4.957,3.303,3.931,3.708,4.719,4.072,3.417,3.681,4.657,4.828,3.270,2.405,3.946,3.454,3.831,1.767,0.434,5.790
THF00713,3.569,4.367,3.567,2.373,5.635,2.876,3.129,3.954,4.277,3.985,3.687,2.664,4.334,5.810,4.462,4.865,3.129,5.486,0.851,0.779,5.512
THF00714,2.542,4.211,3.816,3.130,3.748,3.214,3.856,3.963,4.491,3.577,3.975,3.195,3.593,3.278,4.490,3.769,2.951,4.127,1.008,0.636,6.376
THF00715,5.013,4.730,3.249,4.090,3.855,4.967,5.393,4.321,4.934,3.440,4.078,4.510,4.780,4.144,4.300,3.977,3.258,4.362,0.613,0.421,6.058
THF00716,3.305,5.785,2.650,4.420,4.765,3.630,2.845,5.670,5.457,3.579,3.631,4.458,4.032,5.052,4.706,4.434,2.155,5.381,1.419,0.364,6.624
THF00717,3.977,3.353,4.142,3.720,4.223,4.356,4.029,3.920,3.488,4.541,4.157,3.059,2.386,3.915,5.134,3.866,4.426,4.309,0.612,0.607,6.195
THF00718,4.976,3.736,4.169,4.565,4.808,3.344,5.331,4.670,3.995,4.082,3.583,4.096,2.732,4.704,4.840,3.421,3.787,5.583,1.561,0.932,5.547
THF00719,3.982,2.963,5.862,3.513,4.663,3.978,4.111,3.825,3.226,5.159,6.372,3.740,4.612,4.241,3.397,4.748,4.713,5.050,1.764,0.732,5.982
THF00720,4.753,2.649,3.635,1.514,4.161,4.013,4.072,2.915,2.658,3.119,3.926,1.289,2.008,4.137,4.269,4.384,3.401,4.854,1.361,0.395,6.327
